bea_code,111CA,113FF,211,212,213,22,23,321,327,331,332,333,334,335,3361MV,3364OT,337,339,311FT,313TT,315AL,322,323,324,325,326,42,441,445,452,4A0,481,482,483,484,485,486,487OS,493,511,512,513,514,521CI,523,524,525,HS,ORE,532RL,5411,5415,5412OP,55,561,562,61,621,622,623,624,711AS,713,721,722,81,GFGD,GFGN,GFE,GSLG,GSLE
111CA,0.20316803191174337,0.016736280144387477,7.851096288173362e-09,0.0005207965284566117,0.00017856035474815698,2.4991392042016568e-06,0.00120183846215157,0.00809533952945165,4.293580081386211e-06,1.2128998870543312e-06,1.989907215138608e-06,1.4168452940624828e-06,2.550754187074138e-07,6.052687271182586e-07,9.446987136392128e-07,3.948598763835376e-07,0.00011060096271432467,0.0013824233507491624,0.2564054342293294,0.015559467559046991,0.0007516927482047091,0.0016156452474225145,3.1801575767950775e-05,2.6029943890075325e-07,0.01800932894924116,0.0005483313020288741,2.957041440628945e-05,0.0015742605475783371,0.0011239424779428526,3.9427684807875886e-05,0.00028513293309101993,2.4694668528180825e-08,3.3040657215339386e-06,5.915341644709467e-09,0.0,1.3205611951751203e-08,9.401009985856901e-09,0.00010142447304855096,2.4979816712941906e-07,2.171422896081684e-06,2.7001004241226686e-06,1.7276980725977744e-06,9.187354540842089e-06,1.1654915228778034e-05,9.784859370326235e-06,1.1476869847857622e-06,4.361242554871371e-06,1.1157503942980628e-07,1.718738503716786e-06,7.729203936743882e-06,1.0520885589378855e-05,1.973248204698752e-05,0.000475518569688355,0.0001222215624646117,0.0016207106144635415,8.033679052186415e-06,0.0006959395424828001,1.169176213588955e-05,6.015267509587304e-07,4.41630698655694e-06,9.547640526571362e-06,9.588885978195758e-06,0.002287138726420913,0.0004494871972802097,0.005309442342403098,2.0862853990864655e-05,6.007614449147991e-05,0.0,9.870098027685053e-06,0.002243948207503086,3.10772477953113e-06
113FF,0.042398382984962374,0.13971267847069857,0.0,0.0013345527337174764,4.351407784248471e-08,1.7489270366221742e-11,1.8895859167640126e-08,0.08788921646507347,3.244875993943656e-06,1.9638281459297048e-08,2.625408858148943e-08,0.0,0.0,0.0,1.8450095190180294e-08,0.0,0.0011007476529585438,0.0016045937475376358,0.006217105399015633,7.768628226682296e-07,0.008176924389016956,0.017537575880488883,0.0003028802151125818,3.5061966108345674e-08,0.00037800434450006317,0.005933427224670947,4.200973984118172e-08,8.011709737286508e-08,0.0022694245553775074,2.337222060814481e-08,1.3233772312301343e-08,7.953224596011592e-09,2.5309641511058766e-08,2.588677550887289e-08,0.0,4.3016239994805005e-08,0.0,3.6609969318622873e-06,0.0,1.5054752112516652e-08,0.0,1.396305146089456e-08,3.269372969979702e-08,0.0,0.0,0.0,0.0,5.2228426116314806e-09,0.0,0.0,0.0,1.5805464313329273e-08,7.923111311940147e-05,3.963668436784863e-05,3.549999916815498e-06,3.7408726921307704e-08,0.00010396719922543667,4.036998950672234e-09,3.3524903601085846e-09,0.0,0.0,2.197972596013754e-08,0.0014990601992498308,0.0013922915437535736,0.0052438096940845055,8.096770403540301e-05,4.170801519776915e-08,0.0,0.00010411127851479961,0.0017549758511442777,8.832258723597149e-09
211,0.0010078321777684629,0.00038250088433170576,0.10617009557000878,0.0024025686935531033,0.0009983421329381678,0.07378259522214788,0.0017995218127418687,0.0005057986319583023,0.00048562367923944054,0.0005296341008133358,0.0003093018328544601,0.00030323795905177385,4.360328697191786e-05,0.0003833483945624437,9.352710078260359e-05,3.680434333906258e-05,0.00023801448790242242,0.00047203303408460895,0.00021012493493457532,0.0002075469155182177,5.087523568393969e-06,0.0006796966309088431,0.0008421101831762876,0.5482132297646042,0.011277265710169787,0.0004442231831665444,0.00019724404178938782,0.0003301543155042183,0.00017141324813699997,0.00011475820003623745,0.00021311135673480658,0.008316670616917812,0.004247565237901852,0.006427857357209382,0.004367287067027187,0.0018038863828772522,0.0009586051970411063,0.0026728466243054606,0.00416928223138564,0.0006773720868552507,0.00017661708630645,0.00010404929753590235,0.00031462357986852433,0.00025115848445926906,0.00041447607177257865,6.3323055026237925e-06,0.00026538778333189464,1.4460140938264947e-06,0.00030932265227462565,0.0003127752568621847,9.79772321978321e-06,0.00017382044639130729,0.00010861122113397817,0.00012930034226497103,0.00047869106215139726,0.001812803927986295,0.003540080115412164,0.0003549943671451058,0.00012784862088298778,0.00029813874268446746,0.0004031613199539101,0.0001851695495590698,0.0012160961738676953,0.0003483429149372407,0.0003291204333105599,0.0003540945365336252,0.0009904657041655818,0.00017758597568529155,0.014258618007850145,0.003599352487989924,0.06442498183198239
212,0.0023390631542118162,7.083236446759987e-05,0.00031862070251837283,0.07450284456414757,0.0008380876479498772,0.011380982656445002,0.008396464645328438,0.00016190090626068228,0.07210128474231443,0.0431375694967024,0.0014127732298757024,0.0003602700267455222,3.629578907481146e-05,0.0005779343793595171,0.00019389217745213798,0.00014063561013481933,0.00019626904218749937,0.0007931907995256687,0.0008712528504830091,0.0012066156969766757,7.540863122296911e-06,0.004881252128373607,0.00016168428814023183,0.002947524050776577,0.0067708927364333316,0.0011769514317073188,1.5261679953754266e-05,2.916720444784637e-06,1.4708486614874134e-06,6.170934159405784e-07,6.267456647060023e-06,1.706272146937302e-05,0.001256070935802691,1.3258986469407997e-05,2.3582737845614565e-05,6.231973495100328e-06,6.909973185713745e-07,8.494154827196782e-06,1.5647119926420775e-05,4.4908367685702575e-05,0.00010467579783712545,0.0003487250550947499,0.0023435873309645733,6.509839135916477e-07,1.2567350607340573e-06,2.9237123485972065e-07,5.667978982262572e-07,3.8157522471631284e-06,1.9528793296625672e-05,4.320419775771513e-06,7.176756582565351e-07,1.964297449297575e-06,0.0006514189027197762,6.315276391088996e-05,0.0010314284784847777,0.0004257637072434102,0.0015843746552793331,0.00012387995236120164,0.00010597636084606061,0.0001659943177934796,0.0006305263725765189,0.0020074876666715913,0.003818488628486718,0.0005694540941153533,0.0005926715055732804,0.0014147685943528782,3.0720834219075116e-05,0.006195477005066203,5.877785518394416e-06,0.0008457432353384097,0.010431711605182945
213,1.2418024823673753e-05,4.925722757379569e-06,0.03736306411626545,0.02014390720021631,0.016820719116169336,2.748432921662797e-05,7.782976651390842e-05,2.685837444579543e-05,2.2447879652308504e-05,2.3306548774748198e-05,0.000118861305517676,7.197584173090893e-05,2.257805777083294e-05,8.924769935459792e-05,4.197415130918465e-05,3.9179422053074115e-05,6.109510561553135e-05,3.477811539102246e-05,1.9740448082831057e-05,1.2172311563110873e-05,1.0463835832231077e-06,3.739994687571218e-05,1.9980681416778497e-05,2.3231213745541864e-05,1.9543995303837573e-05,3.466237067710928e-05,3.1793561986397713e-06,3.6188624574584666e-06,2.2391150416457217e-06,1.1922117915822908e-06,3.0837614680419057e-06,8.158921296427827e-05,4.6558792790095444e-05,8.250114204558954e-05,4.6530230280058324e-05,2.1681012062142766e-05,3.1695208140546384e-05,2.674441387819693e-05,2.0994224631850382e-05,2.15205774275373e-06,6.259738855167879e-07,1.4746960499262753e-05,5.035506756141997e-06,2.70904335530038e-06,4.31913468218841e-06,8.757616642024234e-08,2.689195180006492e-06,3.427995399464424e-08,2.8996010304909592e-06,8.233790877497964e-06,1.4281048129686744e-07,6.204457958041025e-06,1.2314284878431123e-05,8.15401753181877e-06,6.8890502930647885e-06,4.049719391990289e-05,4.48461314645007e-06,1.4503654839975187e-06,3.3675753424145107e-06,2.441870838642393e-06,1.3490117235539852e-05,1.2595665362471694e-06,7.939092009046005e-06,9.692347606859158e-06,6.829360072821816e-06,7.464778660726631e-06,1.9546890830579238e-05,5.834961768997025e-06,1.5204608014366794e-05,3.623659292100703e-05,6.786086983527502e-05
22,0.013601918767713847,0.0010227077720843746,0.02289723168397413,0.0383483999264196,0.002723351824738877,0.059238027390122516,0.004910883014236661,0.010598850043879962,0.027283974976908713,0.015940017662118448,0.010719815767591075,0.005554421329862189,0.0047241030644439505,0.006107003681937666,0.004166288915217452,0.007936007669424776,0.00713131631584463,0.004707329685108075,0.008267052533122278,0.013303798679129425,0.0005713771611293415,0.026596109634165005,0.013960589171421605,0.0073820651791017804,0.01359712001456083,0.01626404779454186,0.007074450906690814,0.014648416482957158,0.03687014236960332,0.028687311956314673,0.015970008941219384,0.006763695491172836,0.0008268809351368162,0.002186199368537761,0.01165257278692634,0.0036863515116266135,0.0250794093467908,0.003995161983330129,0.013344550302286448,0.0016664925277098982,0.002498825422974924,0.008964521230689903,0.008403270849966745,0.0022107096909758945,0.0017368641789696087,0.0005901840530619897,0.007478277995866963,0.00010006359962275582,0.015055954711878946,0.0029807021100977044,0.0015299481579973814,0.0014840719158004914,0.002383735258855216,0.007841933039011989,0.002781092732277527,0.011675833902463182,0.00990648166939179,0.0035581373324469747,0.0066588580974988884,0.011431960355893441,0.005329356029945032,0.005393559983715834,0.014996660085856945,0.021156910013408598,0.0175386105540784,0.007756846445084462,0.005717627231300024,0.0018206520234319875,0.024642812347056738,0.010307583504578036,0.009045231458816035
23,0.003564037967552574,0.0005148952686886724,0.00048711054671889267,0.040629961689825626,0.015284888619819829,0.008302279981097197,0.00021672768116098862,0.003701644702877417,0.008916333786493548,0.004921415280967713,0.004556498693167392,0.002830691793531073,0.0021175839440053614,0.002138786024292237,0.0017025819466988776,0.002075099049362477,0.00251928594987717,0.002646194025989474,0.003069343784094847,0.002845658680751471,0.00018848453504117447,0.007929495351493397,0.005151930577355587,0.009544725291306623,0.003243117854339785,0.0043746588947786045,0.002597060981542481,0.006374475378513802,0.005531650866142882,0.0101665557461178,0.004863171650518805,0.0010877913637794712,0.030835057539027995,0.0005503049689110599,0.0018301500019393111,0.004341872162230713,0.017488056048208408,0.004950307716327739,0.005443234387442585,0.0012577152564334484,0.0007072200943713321,0.0035596762533596977,0.003205332364805217,0.0048837403921959165,0.002639711419668388,0.0009702913184097033,0.000498107117600577,0.030720498160620655,0.024091143837800838,0.0029695120920557,0.0006503134896054586,0.00019143372302169034,0.001486823559441983,0.0017482371794090422,0.0010973323389443965,0.0018637172666139186,0.0019395707738983595,0.00101960423094969,0.0032505154833551986,0.0031479413625260942,0.003987363163294979,0.0015705829726190357,0.004474641079977211,0.017120646395833352,0.004346725143880207,0.005479552507076346,0.0167113779906635,0.002457281092741252,0.007219393161265133,0.01625651781048284,0.1612335018252293
321,0.0009402144368745907,0.0014640352454987657,3.6857526517054487e-05,0.0026426790536776793,0.0018256879663850064,0.0002162480480618062,0.03240020314851849,0.2072938129797408,0.0016620450713487913,0.003977992996968919,0.0007483230679570483,0.002438560785175201,0.0011373357254233507,0.005288225420823015,0.0057723174833751775,0.000893553261698436,0.10203618127368241,0.0098911272928086,0.000366434934119817,0.0012631960204894284,1.5134099449293768e-05,0.02523950720685643,6.877371005870015e-05,4.440367874689251e-06,0.00032461735265626235,0.00873620702228005,0.003795920341614022,0.0006149487644029193,0.002942434937484152,0.0005939921544886742,0.0012009052541456257,0.0,0.04613131732470428,0.0,0.0005360178335398803,9.03608337591946e-06,0.00011714333288509575,0.0005687332118880089,0.0006304001844573664,0.00010648520037006935,0.0005331977489425354,0.001187296572725102,0.0025711888192140766,0.0001400390296719698,8.925978295491456e-06,8.362669781669861e-07,2.2249830490748431e-07,3.427691464198416e-05,0.004425686463455806,0.0016660145604885635,3.1502885429548045e-05,4.613239942012252e-05,0.00037734958701988417,2.729174375426421e-05,0.0009054844684138249,0.00025041731334499514,0.00019434738212227579,0.00047237975739872814,0.0007039174709400119,2.0164849626581524e-05,0.00329225820448542,7.574267164434845e-05,0.001567456544185423,0.0036009095965862663,0.0011881605077311995,0.0015499300144731442,4.215648830464067e-05,0.00021149260648548653,3.902542218716867e-05,0.0016587902176834809,0.0011012125865021544
327,7.058020884857448e-05,6.565975144966716e-05,0.004146293918607138,0.005807699011364799,0.0057266539328602655,0.0001682613832026945,0.040330186928039295,0.004812260768768874,0.11667271350326813,0.00794659195955234,0.003303634233203024,0.003792228680867577,0.0008881821487253944,0.010883381990280301,0.009827486378241785,0.0008669532897584913,0.0033112610139610817,0.004874802069216068,0.003445608478714397,0.0008325672462750067,0.00023818609016705642,0.001962723801319897,0.00012321116955981998,0.001527358309259923,0.001864240478376144,0.007111295891232719,3.692522256635714e-05,0.0008111846802472023,0.00019049154637767912,1.2195477866313901e-05,0.0005307786953513248,1.8279934233886302e-05,0.00020826005012978865,1.3946008546597186e-05,0.00027579726161331824,7.19926745408337e-06,3.871406317491062e-06,5.857518017267945e-05,0.0003136338945880507,5.461096544725385e-06,1.17389776504088e-05,0.002838872474560119,0.0010846546404907587,1.6664543645744607e-05,3.926112403613231e-05,4.8502113649069204e-05,6.050496883455231e-07,6.414732231387688e-05,3.2197584901458576e-05,0.0017896558067541255,5.838234347543366e-07,0.0002721794412795738,0.0020221939528057343,5.896613121676781e-05,0.0007767916062961543,0.0021654794845158095,0.0002466148458373029,0.002102300289182216,0.00264545254266226,0.000572801783571907,0.0021952695806759025,8.641129150997718e-05,0.0007487496671932064,0.00046304544547849246,0.0022589388131773157,0.0017967982779153598,7.281718881324136e-05,0.001701931268188549,1.5481344718910463e-05,0.000690061601671067,0.008676205838878641
331,0.00028373098206635277,0.00010005008098899723,0.023320325373952643,0.006781424182845756,0.00302746116724894,0.0004199601478612171,0.0038687892419065496,0.0018336065291307121,0.014716514015826444,0.30234703724997525,0.23177676283832582,0.11422235872349755,0.01618382257281369,0.1532424554669728,0.07884585395989037,0.017634704272109617,0.04701321342247851,0.04076317974691337,0.0020682762749430973,0.0026439142835407085,8.705689230476842e-06,0.008208966187994481,0.00035401841480494137,6.228333998224797e-05,0.00016437122556494155,0.007421617892361465,0.00040254700320712847,2.148469826350868e-05,7.188348313929564e-06,1.08562919392526e-05,3.771996503990682e-05,7.264391168030956e-05,0.00949176444959347,3.615690470888611e-05,0.00010850124801622702,4.5027085385428465e-05,0.00015730973160560065,0.0010769182224493181,5.1575528433199874e-05,3.858294661461825e-05,6.705567594110455e-05,0.0006894840713457475,0.0018789935919704367,4.818378913334157e-06,7.230179476199437e-06,5.691182516715806e-07,4.2731949952934475e-06,1.0445926720611283e-06,0.0015382355032147602,0.00031381585870168864,5.13210233935058e-07,3.2466694475961856e-05,0.0007450344587552989,0.00012941884512153407,0.0007170754119942126,0.0023037378768562423,0.0009064291348005034,0.00020295476725202944,6.085435061024437e-05,8.488436483790733e-05,0.0014910745810224897,0.00018030108485529622,0.002341284375489917,0.0001845542438199772,0.00020210001273740136,0.002879246863720413,0.0006723950652002113,0.0028882643744497474,3.119916195996457e-05,9.487203020177329e-05,0.0022201363824480014
332,0.0028012296274836255,0.001699995995228356,0.02302573490349271,0.012641757495852307,0.007991563334800174,0.0033987014107528125,0.056017575986925666,0.021775218552174642,0.01748177497043076,0.04446703142176057,0.10928629194675221,0.06592904668835076,0.02061984337163841,0.08041800454210767,0.03976445351730827,0.03599348105147163,0.05467429959106706,0.02859925043726805,0.016456956494351055,0.010980369928166185,0.0011373291757395129,0.030786118047447422,0.0117035351550711,0.0015277988843677129,0.010048409609349244,0.02995624671803982,0.0015123286923173485,0.001359713326883715,0.0009417220164344749,0.0005643518875672686,0.001742857702407945,0.0011767863164766253,0.005393850969151165,0.018161326678101046,0.004363144462938463,0.00396233203052811,0.026506368455128135,0.0048738744291318544,0.005803984889805157,0.0016005944609959707,0.0003221163152934292,0.012965202138886151,0.004017275400644208,0.00026868464642153863,0.00030056576284884744,1.2426255173567835e-05,0.00016454685258515862,2.087164159823293e-05,0.0006654949497744625,0.004866256336736476,8.255432191101179e-05,0.004276824711764077,0.0027651031664864163,0.0012498152417282492,0.0023548233274659327,0.024777100352925567,0.0023773397293499463,0.0004060045857799066,0.0022003681302583352,0.00016080868615062842,0.00977682642796931,5.123347319792691e-05,0.0040011914070667955,0.006639594045282863,0.0035105126135512085,0.015047956854519859,0.009306332601758123,0.003922243250225354,0.0030157375611255927,0.0016607313436633629,0.01696297482981104
333,0.004057818494830008,0.0005751777629060428,0.02147531221292508,0.03230232211965005,0.02414740839101326,0.0014007763792686196,0.018472834278003634,0.0026186334784922315,0.0010057558239701396,0.007366431794761413,0.01146457650827755,0.08945012726281121,0.001240918031072684,0.014679506988733704,0.045956544736572985,0.009458091080524124,0.0016513729750001784,0.003929942840476774,0.0046137201374879255,0.0006240754377158438,3.786040941609793e-05,0.0047161430988123506,0.015751577474379507,6.460015411356883e-05,0.005982996211820336,0.00921471402158024,0.000887018758601043,0.0007044670226333178,0.0005601139301209364,0.0004910946687214807,0.0006395682289070655,0.0,0.000762569523175189,0.00029446188859665506,0.000948707178493913,0.00047644922366698363,0.0007803535170412747,0.012241422873315193,0.007613484311097398,0.0001407679706722003,0.0001504197427148785,0.0013886881289323395,0.002001644061286692,7.360296293126776e-06,6.392535826729412e-05,0.0005016562627071878,1.3177195481193726e-05,2.3569130041186804e-05,0.00012010819314499476,0.0021533843654512642,5.621389780475176e-05,0.0032264909158061157,0.001094385127826459,0.0007553774301938769,0.0037166291914217755,0.02849138375437662,0.005300243672052111,0.0009262582733789536,0.0008890255146353175,0.0006138374012315391,0.0009098618277912435,0.0001269477821246248,0.0015276785461916485,0.0002520202182851965,0.0007710197903547716,0.008823512776277716,0.002468507422842561,0.001225708305254314,0.000492161851682587,0.001799237814014085,0.006977977541145643
334,0.0001044540719796298,2.173713116488116e-05,0.000274870629136499,0.00036094026965309903,0.0007097091442379278,0.00017800654907499275,0.0035893106952833375,0.006093027194769935,0.004535481005770671,0.004509074152489982,0.012486794626417603,0.016962040669746,0.11274566365221372,0.02664483471353632,0.030831367444292036,0.050763076757921015,0.009590617237309484,0.012447397134625506,0.0021197091805418788,0.006451010909325516,0.0002728774851035677,0.004125381097212838,0.01156343378607061,0.0003845061072147287,0.004224806805840744,0.007961893201960026,0.0167135713007787,0.004053743784533836,0.0021728514447779943,0.0022889647510479466,0.0015696294589245788,3.4227627973425345e-05,0.0006320752597071138,5.469182220327592e-05,0.0006811924045892799,2.608016972137432e-05,8.561920212907419e-05,0.0003047148061235867,0.0010861938004497142,0.00561102509211546,0.004361113909521551,0.023305141345202847,0.01619251891934129,0.0005003079247881235,0.0018701679978754878,4.142679587327713e-05,0.007267947148245378,5.718857833476169e-07,0.00028195805785567534,0.0004983597994032574,0.003548253555977641,0.008127178814821619,0.004641061954777112,0.013110800962627341,0.006175397032179986,0.005929344624044639,0.0036745515491616943,0.006719215433224199,0.0011686565830599756,0.0006479623627131646,0.0025951275870263794,0.00019299411803867043,0.0012702164788050006,0.0014154579314115648,0.00023654236084020538,0.006611777892089079,0.020439098755707184,0.013770602391993304,5.5813486044286325e-06,0.0010104843247520374,0.004485170387752948
335,0.007771529697413453,0.0009319757412656514,0.0005631134868603678,0.000598189823622665,0.0046067487592577035,3.21869666670646e-05,0.0228522276841733,0.0029305178253421394,0.0009014628703433669,0.005574649097371662,0.007874993323479256,0.04106118715109025,0.006855706765274402,0.07153177469517236,0.01375430098083518,0.003452777243511226,0.0013195339685499144,0.005263935303757115,0.0011990259799162161,0.0008870666195917047,5.056348524241123e-05,0.0024254940017808205,0.0010298222978363891,0.00015023054201976764,0.0012722364659349184,0.003467730747058805,0.0013521565089460441,0.0013016020239687437,0.0004735464776266456,0.0029125219627844454,0.00037263014444421347,1.05743648699455e-05,0.002514084296189041,0.0005092160345317684,0.00027249809443828416,0.0011503678219550997,4.370253833311529e-05,0.00016456130965279266,0.0008251512783549115,1.754546436576611e-05,2.933718074116612e-06,0.005072096662206928,0.0005293407825610989,0.00010972837046547903,0.0001110135413554036,4.616924314027438e-05,3.845195106855591e-06,5.182678970300398e-06,0.0005164386828789279,0.0011309253234410475,2.4598767666725346e-06,0.004634026941118758,0.00247061901575299,0.0001707539027916298,0.0015923374251545352,0.008401646288054542,0.0007478354329294735,2.68512911264727e-05,0.0011521848936504044,0.0028185159036052945,0.002977790741134578,0.00020709161093975727,0.0027031726570160737,0.0023748807776413005,0.0006060775908282481,0.004510597652202753,0.0032327968113714392,0.011272856946243444,0.0007523884862902627,0.000593569154118439,0.009863757023396112
3361MV,0.0017671095134293823,0.0014090318033209918,0.0033956693228196395,0.007996588090477446,0.0030420902427570886,0.0002743545505845147,0.001354170191663655,0.012589818014396209,0.003902700468935698,0.00492718689637292,0.003865444717830617,0.029015227261143202,0.0025907645672034497,0.005577628668774139,0.2771482444404856,0.012596239866396882,0.0056915392630429084,0.004646152166911768,0.0036652250390042202,0.0034482162384788144,0.000808864247353871,0.006711054038082348,0.0018156608698519418,0.00019252901130813088,0.0013867783938850682,0.002476487133434445,0.004278342505712839,0.007150202696300505,0.0073934170127137305,0.0012822198853668647,0.004701692413682096,5.84112342304435e-05,0.0011846552542881057,0.0004116573568380733,0.0144997853708121,0.005380760178134681,0.00010477957292715435,0.0010147700735859905,0.008304363330270135,0.00038874540298128497,0.0005021627002985613,0.0017620124302496999,0.0009991996015426973,9.488253277242385e-05,3.266502081318551e-05,2.339214124452982e-06,1.834387970384687e-06,1.225308031361952e-07,3.1412351575817147e-06,0.005616968729380233,1.0861986467133248e-06,0.00019465944471271484,0.001304147120096097,0.0010532890597884246,0.012802024966535942,0.011900346187467869,0.00083779124505351,0.0006614637753645567,0.0022635381316665295,0.0006915039801117359,0.009452988838482368,0.0012233746060356554,0.000989576463666295,0.0008621563865908782,0.0014890429969054199,0.017972596644587564,0.014251760867291519,0.0006773422013085974,0.04275832215309039,0.0037451381509039624,0.0047768574067533825
3364OT,4.1677747962872724e-05,0.0002477815577563775,5.848570131990004e-05,0.0001551768540407929,9.736059857579374e-05,2.4664642104314502e-05,0.00015032252148762198,0.0002121723590790817,3.637238936976387e-05,0.0002880444356752763,0.00030008141903235813,0.0014099407748208994,0.0001806066445477468,0.00031459838570998953,0.002718989323555333,0.2337625784350138,7.522464161313766e-05,8.468318410898061e-05,4.834382688343159e-05,3.3592454799078016e-05,1.944074420406114e-06,8.048706871560259e-05,8.839480269017809e-05,3.920364949849835e-06,4.364013492140862e-05,0.00012641307989548316,5.1960099036439216e-05,4.068718034697999e-05,3.9333719196385705e-05,1.8214156596930212e-05,2.6546584850455703e-05,0.004370217206279423,0.014367099809883082,0.023357652023535187,0.00011811376082801136,0.0012654896353494207,9.074219582107778e-06,0.01011202819933712,5.176218459012109e-05,9.406153613399822e-06,8.670128613547213e-06,6.805614650173135e-05,3.096671484476549e-05,1.3978239349265e-06,3.1030347244825804e-06,2.355591630161952e-06,9.021883775286854e-06,5.811941378586747e-08,2.5899452039474264e-06,3.504537085433947e-05,4.542741123025296e-06,3.301624581375223e-05,0.0005098085750934137,2.722917946598579e-05,0.00014480537218554242,0.0008692152661479779,3.060451529792292e-05,2.0716049169471625e-05,2.114659492866033e-05,1.886746548294569e-05,5.775752200961664e-05,4.678075025825138e-06,0.0004963477907765719,1.3729045491714569e-05,1.679300430287344e-05,0.0002249359008252817,0.0497966144348888,0.0031345517921962085,0.00019360851589149755,2.731458763166193e-05,0.000462958252712953
337,7.549508845704649e-06,6.577242720773652e-06,1.8586196166449425e-05,2.2850882676560905e-05,1.4350016804765222e-05,1.2428890556485081e-06,0.009556104948109182,0.0031431238686693347,5.259086749588964e-05,4.244758687693317e-05,8.319228775912069e-05,0.0006380735637263902,0.00032354245001479665,0.0001020119846577836,9.88672076431014e-05,9.717741462988177e-05,0.0414769294093843,0.0014410228497080328,1.3095742293123263e-05,0.00030044751547238246,0.00011783345322658226,0.00013500274642839712,1.8795483015508956e-05,2.0505101896794086e-06,1.1722226466109163e-05,0.001116833480625919,0.0003721421657442826,0.000458795026639918,1.259942606260763e-05,2.4903247819841578e-05,0.001228514800332376,9.51898714681232e-07,0.00016210686445044292,1.1323581551970522e-05,4.583922919090833e-06,3.001601950343697e-06,1.5286130649182657e-05,3.531022332633723e-06,7.339576033666325e-06,5.0318423671268134e-06,5.186854133220854e-06,0.00013355241043592537,0.0005029148206480815,1.2470757532562327e-06,1.2797793437699332e-06,8.442583742554632e-07,5.072385809559151e-07,0.0009876095136616655,5.6581229143468786e-05,1.0641103801354489e-05,3.3922777965052715e-05,1.245828425785895e-05,0.0001885241877382793,1.1080176433191046e-05,1.173585210137026e-05,2.4612677923979747e-05,3.477858006310488e-06,0.00024054574019411682,0.0001627664579334203,1.8627604126818046e-05,0.0008874605988082554,0.002141422496859567,0.0013337123492433215,3.7255971172564184e-05,0.0002869417176054669,0.0003535688487506399,1.2300685975359955e-05,9.980690515715165e-06,0.0009486742459368128,1.1997270199892361e-05,0.0039830993798378915
339,0.00019010292447367433,2.7829867901162228e-05,0.0002033576341578081,0.0003634936015591215,0.00015690566183884603,2.6966404840407927e-05,0.0009605112510488018,0.000387572400734979,0.000641373766675097,0.0001619645910164026,0.00044896011103115924,0.004916822316099264,0.00036805053884158585,0.0029473977671747873,0.003402878119651799,0.0002871265679767154,0.0006343362907869518,0.04222190182258112,0.00015254629009533836,0.0006822173433291834,0.0040500161759620444,0.0002544272969733267,0.0007663740453761994,1.7798171481775124e-05,0.0004001809139994011,0.0009091366598158901,0.0005731397711882028,0.002496484348483702,0.0005512817615096672,9.533367842768269e-05,0.0010285935099551948,1.7858273397661217e-05,8.035706699762388e-05,7.24448663035243e-05,4.969228388840381e-05,0.00018063598524533595,0.00010438363874081059,0.00033387319862917007,0.0006042293690766529,0.00011518810966371566,8.171382126531347e-05,0.0002900576734898192,0.0003099288274236797,8.613798065587495e-05,0.0001128029518800244,6.458972196774827e-05,3.3516491585105334e-05,4.160979494746211e-06,0.0003317157969442405,0.0001978312208056242,6.69581510252554e-05,0.00012734265732239732,0.0010112361000170185,0.00012788479053203134,0.001688707405792198,0.002127021433770658,0.0007850219895140307,0.013014841737016518,0.02222203347720351,0.0014705164490700464,0.0065004704366927,0.0005690084587065997,0.001304904675950634,0.00020504523353383867,0.0007913347841005757,0.001989048697532793,0.0025750026923255817,0.0014231699647688915,9.967158293307616e-05,0.00253765831138427,0.00033276013092841484
311FT,0.06599446131780465,0.0029791838619418463,7.928648728863883e-05,7.30188331417643e-05,3.889327731280816e-05,1.1023002177698881e-05,3.05390254887285e-05,0.0002753249239748614,0.005557542125970819,4.3342798556958724e-05,6.250422676812065e-05,2.4877832507589357e-05,2.3711720746195867e-05,6.739112777806612e-05,0.00014290016540624212,1.498076800310594e-05,8.275529307797866e-05,0.00034984214227994754,0.1778474371190093,0.0011813182285988688,0.007625792960457618,0.0016867607220265217,0.008172554261450962,0.0008341255891382369,0.009265377306096424,0.0016727763029674055,0.0012906422545031608,7.113351561145013e-06,0.0027964143551773776,0.0008998676185305383,8.595326277899941e-06,0.0014858003905176315,1.7926120215682038e-05,0.005083926348287235,4.783353706682742e-05,3.960540345666877e-06,4.6256143739968796e-07,2.7898430061615026e-05,7.08574373830512e-06,6.235664441567601e-05,2.9234963433707933e-05,3.309481410094735e-05,0.0005123932025221093,4.547815928394228e-07,8.247318900237239e-07,4.4411906606082897e-07,2.1186324284279606e-07,7.43550996081085e-07,2.0635321791930208e-05,1.2344743305752478e-05,9.563955120440536e-07,1.6884964513475443e-06,0.002076937757126207,0.00017663705073104027,3.756399385608166e-05,5.79149148435797e-05,0.014010245711312812,0.00013287581000171874,0.005962628209199136,0.017049737695492197,0.0647047913746439,0.006908403807997255,0.02453938334141599,0.015794609929364618,0.0739718728042546,0.001220215582807124,0.007181373501837711,0.00029836513718074965,0.006231863658183378,0.033417620030983204,4.612081442304206e-05
313TT,0.00022310655083659727,0.00031848370745350967,9.615720938394767e-05,0.00013600307846197636,5.694944532837961e-05,9.997698107058172e-06,0.0009224752154148438,0.0031348141039361384,0.0018589756005950927,3.597098625162076e-05,0.00011270972360875884,0.0019127291365714455,6.861815072026233e-05,0.00013167191101793815,0.004127618768859483,0.0019564505631939587,0.03860238047405824,0.009191624134389044,0.00015784169272758863,0.1659242228476474,0.06381861732580814,0.01629018265398587,0.0033486798832565983,0.00022534082825534968,0.0009128520617876559,0.010283104435555813,0.00087561116645324,0.00013133199448599374,0.00033655174690869953,0.012462889441885509,0.001062165050684043,4.977847527696488e-06,1.109572191814229e-05,0.0002566705316268706,6.2323537200034e-05,1.2522539771813497e-05,1.2878294486930891e-05,8.421649088184489e-05,3.587455955855646e-05,2.7872163863160403e-05,0.0013487083225474587,4.082305027242291e-05,3.8758725429444546e-05,2.406002092783834e-06,6.308397449139356e-06,1.2055514868433951e-05,8.462782046919569e-07,1.5448508715116515e-06,5.406357420713489e-05,0.00035178808154779316,5.580835656573922e-06,1.0474518991529142e-05,0.00022697093292248452,6.228877533267347e-05,0.00019566814216901207,0.0012949578413325273,0.00012456759150886632,0.00023734215086818741,0.0004450283978358315,0.006864903467489204,0.0048847670166103025,2.2938858869410138e-05,0.0013241453499212884,0.005152630330138189,0.00037175663552101217,0.0006279338435432697,0.0011019488030843407,0.001066152153296762,0.00010561991494224414,0.0008188237588303656,0.00014747261079786148
315AL,0.00010828072334079624,7.993679188494667e-06,6.562259975687965e-06,6.82585716934356e-06,4.583743801346948e-06,5.504019142592486e-07,2.238025361642268e-05,2.8175591855125023e-05,6.543441661737693e-05,4.3180595031550345e-06,5.255169657547649e-06,1.4763163125762394e-05,1.898737723011304e-06,8.76283408906906e-06,0.002026983769556533,1.2926949838229509e-05,0.0002406090456279643,0.0012575481280685478,0.00013310024762478183,0.0039989857297630955,0.04280008390857659,0.0001089421464629824,0.012445553171071084,1.2292127993820858e-05,5.711326030631378e-05,0.00011875192543407126,0.00016356277947857803,0.00013850502968633298,1.3029605879566963e-05,0.00049082231241419,0.00014499161093936544,9.899936325434117e-07,6.114509719051941e-07,4.941303102243674e-06,5.490443030121416e-07,2.3396737877631768e-07,5.5640084899869156e-08,7.223028551262467e-07,6.529810740906363e-07,1.251968326537984e-06,6.386968713847087e-05,0.0007595105540897807,2.2248584488435014e-06,1.0967858202766238e-07,3.6931132783311467e-07,4.905997041009611e-07,0.0,1.0605169642086276e-07,1.5466812047131174e-06,0.00027606248096055354,3.080304208928705e-07,2.784933951945761e-07,9.598848978057753e-06,4.878471263768947e-06,9.086981535964952e-05,0.00036388759576621655,0.00010055653740360632,3.3303940172573965e-05,6.524791213243457e-05,5.520604529163723e-05,0.0010255717596918462,0.00029798817409589764,0.00038660943189025554,0.00013476952210176137,0.0004167111939076279,0.0016851622662484792,0.0004504513605076508,0.00022757104039445612,0.0018221464180273894,0.0013254046652126166,6.102615813106121e-05
322,0.0007000995787954452,7.868458598597798e-05,0.00033100616394812294,0.0016108124974926038,0.0007181605050024807,0.00036495802061973544,0.0020218777539647405,0.007694717056072026,0.015844862464961484,0.009031583337224596,0.00546353379595423,0.005061482838657897,0.0018464596123054949,0.01044293760651499,0.00813943695814389,0.0014247720487275154,0.019063827864915697,0.015099292249040306,0.023128615144183625,0.00948822848389517,0.0005906408797831158,0.23375868943746492,0.10393412628333562,0.000338403013231109,0.00635727978422617,0.018980967634486347,0.00365755110732572,0.0006255907800101088,0.0034252464812046268,0.0013090641400802857,0.0015205616889759502,0.0001488729836120346,0.0007990485320860202,0.0,0.0006056642446788648,0.011267829683165675,0.00040997639978043434,0.004879446722693014,0.0012378573458054717,0.0014144566510816722,0.000410242303874744,0.00046262000143776984,0.0004738531873383422,0.0005815597970738914,0.0006682661332333735,0.0012296866145041078,1.2527542916104789e-05,4.5910234112771054e-07,0.0003795864362401237,0.001988453106879373,0.001031030424593532,0.0009296875847784057,0.0014719041142157176,0.0010687222068083357,0.004654275599821849,0.0026476439578903945,0.0008976010241884194,0.0011503665985609106,0.0014698341870376876,0.002867861378732465,0.004448478929918983,0.00025948691077823746,0.0010706050508423922,0.011112865380782707,0.005272160825964306,0.0027120737342601424,0.0005649868491617253,0.006709753202028473,0.0023418898408504476,0.005274851722199981,0.00019050207703679936
323,4.699008480545755e-05,6.563780245166295e-05,0.00010753546734838294,0.00013435157368714857,0.000184836600063836,0.00024562888101960093,0.00026572120859373464,0.00020040325491491615,0.00020775503898570584,0.0012379013888624804,0.00018320244370274394,0.00019420373070278614,3.8896875290305e-05,0.00016762119629013707,0.00018014416194105874,9.81070490489413e-05,0.0008109570609807488,0.0005399644860485958,0.000209013546015259,0.00248016616074796,0.000968701592103933,0.001169427102102957,0.012679566535512277,1.9162920997118492e-05,0.00012866473483055983,0.00036432816878171573,0.004178399626794311,0.0010099568583523512,0.0007706051926516026,0.0008021555850795424,0.0057500749238309475,6.454103971475483e-05,0.00024960762150512866,0.0001719768998015067,0.0004370387224301648,0.0011630204199511171,0.0003083269896239859,0.0010983303504856676,0.00019524296481595582,0.007259822420772718,0.002814398289761991,0.0007356467951421731,0.006367384421209911,0.0008816306611407008,0.002043715548573925,0.00305739306418039,8.330101996783817e-05,6.920626285386027e-06,0.00029620667861781253,0.0011072204602282066,0.0015289560398500093,0.0008481813173812347,0.0023242797389010066,0.0016273722153194027,0.00262535081839912,0.0002901649498738441,0.0013540120169895505,0.0014326730544104917,0.00340608608120851,0.000694674123334687,0.005654063746605926,0.003566748198593866,0.0016628786662928083,0.0028081147668601435,0.0011102596329267314,0.001719806916391843,0.0018350276915896936,0.004055434965295482,0.0005933494238552633,0.003635496749933671,0.0013077285602395197
324,0.014594826671552898,0.005772900507175453,0.01792714247851117,0.028630938928303547,0.012267764449926643,0.03365404527085364,0.02253842063379474,0.006465245873832648,0.006747429161464939,0.006442615523739668,0.004552267222879966,0.003267766669618513,0.0008754078991874464,0.0056421239445152704,0.001643297122770382,0.0005849954335686127,0.004093412703927263,0.007836503194036205,0.0027191666997180898,0.014151875780496792,0.0001788890406074569,0.009715891288189163,0.012265186206524458,0.0305519116127968,0.023912058477916814,0.01781851353564582,0.002137401504048643,0.002817895082730687,0.0016840299942158456,0.0008759646887154767,0.0016038591222370738,0.10303320333341925,0.052723776344013894,0.07963231262979255,0.05412956142075921,0.02235303442864521,0.003711016243756832,0.03300078588646247,0.019002216338048782,0.0006132430156650453,0.0005427710373886623,0.0008018184185878915,0.0010112407401081166,0.0031137243868191258,0.005138691737641433,7.700441461475774e-05,0.0032881256272932727,2.8147947016447534e-05,0.0031866476225800447,0.0038724023670113445,0.0001306770965064166,0.002069900149124371,0.002001109809613737,0.0015574735791567978,0.006210735192385889,0.018208650509467756,0.004001513669951318,0.0035441438501952406,0.002832817124336502,0.0034598194960329684,0.0038179975642463056,0.0014346129900199487,0.005746170865208555,0.0031774818235120465,0.003998917719456732,0.002906999477535829,0.012685810462468161,0.0026200219026593407,0.01549479906222606,0.045523264925125026,0.06433325209608583
325,0.04300471797211294,0.02032700547460132,0.02198915193592978,0.02026197893769083,0.010694927115572534,0.0028180441333049075,0.008546242316063522,0.03587430561072696,0.028218952479618056,0.0063300616443344665,0.01723435498031995,0.007076099491362952,0.007084300525205177,0.01857579003281013,0.01821768733651287,0.004388385723435643,0.022404547451172666,0.03982288426023492,0.009222313201054145,0.22563903915023195,0.0027434051231185618,0.03990036290659527,0.048480172987886226,0.04861961448023266,0.22169183839933915,0.25761545743151154,0.0013097739984837859,0.0005066309991921252,0.0004131595551896227,0.00019708645967180286,0.0007635358703028839,0.001332612059531107,0.002808154954206204,0.0010927548384784677,0.0013542701700517783,0.0004921419177833214,7.88480983698165e-05,0.0005969048550332579,0.0018614874410890123,0.0006337065128364573,0.0019561369932807183,0.00113829346270565,0.002061848536770868,7.446230486449718e-05,0.00017560642288832565,7.527285701434604e-05,7.285406362501822e-05,0.0001976442222681096,0.005713895608978006,0.0004300463004969158,0.0002157687673544556,0.0004636879469764565,0.01992365873316547,0.006138217035359424,0.009312714180987867,0.012162992350638188,0.0023421875166353807,0.036172548161330656,0.02627195444011575,0.00831939364916946,0.0030190173765768376,0.0013992649852849854,0.00461285286922388,0.0005614221826021294,0.002360088367762031,0.0038789222542542187,0.008942110494588514,0.009116238622135004,0.0012761539333018624,0.01959392210649874,0.01210321317317789
326,0.003483587987198308,0.000926365406903848,0.00040887543312574675,0.012397843555995628,0.00516544354786208,0.00018946881016504224,0.016445307518632563,0.010303529072362908,0.008270175792443496,0.003891229127030331,0.005983273008439947,0.02425141628495698,0.007361271916304887,0.015608422957918408,0.03174463788108834,0.0069396331744334145,0.03270131847420041,0.027129410168796195,0.019064499289257485,0.012385734185776792,0.002463886755336434,0.015383969554228615,0.035932987599823475,0.0005858931651170601,0.011275404240704705,0.07529578964048766,0.010282206220690942,0.0033249662723976075,0.006564681080334944,0.002152931031516042,0.004299655778261054,0.0020651735272437226,0.00013759866046802864,0.0,0.0020797650478326783,0.0012307025389986452,0.0008495903866815961,0.005107147016164187,0.001706693506548367,0.0005413974626828549,0.0006039146225147521,0.006517117344979258,0.0016010148150320629,4.010729129708381e-05,0.00018096232425418815,0.0013587692466602546,5.218995049650507e-06,1.12951886713238e-05,0.00031203553677167214,0.005585836551063748,7.620563253087056e-05,0.002486925714325126,0.003338635396244855,0.0002268446486920085,0.0026413374211270244,0.0036169977352734795,0.0016641227347474823,0.007812223405595996,0.005660703166764565,0.006940232842668651,0.0076109691155236605,0.0002834529313654726,0.001781986841205941,0.0009040366314679783,0.007855429494447973,0.004385686166015642,0.005424366090371651,0.003923851918891848,0.0005754141072194006,0.006627180741942577,0.011317345382789178
42,0.08845949224006275,0.04311378732364172,0.02893769881424817,0.04392629191481481,0.022487239416367245,0.012583785272480014,0.059811313073184186,0.09377333451314541,0.05530802740095881,0.10028093620682783,0.06226152494888609,0.08499736432958908,0.04752445603691176,0.08555350429399652,0.1170629277580524,0.04726954063807562,0.08145923295431384,0.06782864663881176,0.09584461854175075,0.06784486119371129,0.04204627036933557,0.07560962101440968,0.05248877446200844,0.03947812039882867,0.06766318272913897,0.08374293065719669,0.028027486902803433,0.014129624655600937,0.009696067102299543,0.011599350569592104,0.01791428410002003,0.015761594650703398,0.03454375352007578,0.03161598385650197,0.02517009781990234,0.01203456591297446,0.007485750347040046,0.017762711408847203,0.01387026274278853,0.02533234803286648,0.0019052343989889272,0.02011624515612421,0.009812324887565548,0.0015398929293367774,0.002895845739759694,0.0012068891934801664,0.003759421289252325,0.0002929202853466298,0.0036177594318576845,0.038438378198154925,0.0021137106274589997,0.0076014400151772354,0.013802042473926739,0.012325986245346494,0.014332439964009402,0.02924752363290153,0.008121189342039743,0.027186815965640865,0.0237035727288994,0.013230467107887528,0.02512458174644476,0.004426944582996846,0.018243259863053817,0.01285895578445074,0.028160766076639268,0.01673172201172381,0.029626287258912275,0.017220045185474007,0.01868280098445284,0.024316241451777642,0.041805840265857486
441,1.6307540619509962e-05,3.3099386140306575e-05,0.0006803956178974786,0.0019151252023962002,0.0008297077216101335,2.4328337454306972e-05,0.0013295630349109608,0.0018636221239926635,0.0012270897512031706,0.00036347864979419814,0.0009424840324473521,0.0048454106808968195,0.0003847036255593679,1.9387496750248194e-05,0.005066583408677271,0.0015921889395612402,0.0012031996125190533,0.001526634832616908,0.0010922542509102554,0.00045080421515333153,9.107860359425072e-06,0.0017374488119965034,0.0005242127186968324,1.5721800354162024e-06,0.00046410251504585393,0.0005485955012589231,1.3573030004092296e-05,0.0014948637936389453,0.00246549740068433,0.00037839921903545266,0.001559728032396097,3.3761233734409943e-07,0.00010191540825890536,0.0,0.0032920942235063312,6.964188609228229e-05,2.7060697583175383e-06,2.6956188331179716e-05,0.00026752841185597543,0.00011473712918010618,0.0001517174356181298,9.389051233696117e-05,2.0211693681958185e-05,3.1002710132374195e-05,1.047332139620571e-05,1.2349446064276445e-05,3.736911137476103e-08,4.3906619863380076e-05,0.0001293488820485053,0.0017358564423443053,9.160786369152883e-09,5.044179498242371e-05,0.00021577590721163933,0.0,0.0027660643347326716,0.0005268754288296075,3.020244766834922e-08,0.0,1.4677572547361419e-08,2.3704810730322182e-08,2.380770621977091e-09,2.955008160283879e-05,0.00016580654142530593,0.0001582711629827606,0.00016111307280986006,0.005273634180394993,0.0,3.086730338164058e-08,3.7360998912712907e-08,0.0,9.807880107507026e-06
445,6.974161693145976e-05,3.704040938908884e-07,2.4242914377810597e-06,1.4742706266958026e-06,0.0,9.410021939284433e-05,0.00011462661983881951,9.153461935588944e-07,1.5517867876369563e-05,2.9683733038051357e-07,2.3758113566470577e-06,1.709029008524573e-05,3.82636497467438e-06,1.4050669011163389e-05,6.82611018389453e-06,4.108355741851483e-08,3.319154337902194e-05,3.9569906691551666e-05,5.728221629975419e-06,1.9569174894856487e-07,6.290623324381709e-08,3.413687514839023e-06,0.00021260818364120815,4.482746750216939e-06,4.241976643144454e-05,3.598270632993569e-06,4.134133434244978e-06,1.818730405491564e-05,1.0115455060799583e-05,1.7501121194550856e-06,8.816901655959243e-06,2.683553781339444e-07,4.314924526677709e-05,3.757114760268834e-08,0.0005899519726386566,0.00023413278564577854,1.2178201334335537e-06,0.00010189064483596723,1.1002995387878187e-07,1.8381346802223817e-07,7.152522397957313e-07,6.492576831377461e-08,2.622620131384691e-06,2.8981297675822758e-06,3.5566369117522e-06,9.350855121075906e-07,3.1186869798228114e-08,3.16598513229325e-05,1.6327554576063415e-05,5.80311014017365e-06,8.15127894923111e-07,1.1536957428514414e-06,2.2044630189556604e-06,1.3582457314583509e-08,6.758848274759083e-05,1.4726291945749877e-06,1.0156561645451629e-05,1.990918975370621e-06,2.3486667314294806e-06,8.577649452565626e-07,3.3362189902919744e-06,8.782088263265833e-07,1.812566676286921e-06,8.406476837174556e-05,0.0013323625302869978,1.8337660271544278e-05,7.62634337468785e-08,1.1566945534242444e-06,2.860459864719313e-07,2.097013822270641e-06,4.599769896408695e-08
452,0.00018679092183465152,8.88423354050166e-06,3.718185650653858e-05,7.648643424593554e-05,2.9646898561776385e-05,0.00022145702116865577,0.000868510682643532,9.456838153969804e-05,8.617167579055501e-05,1.4544081208645611e-05,4.636291751374102e-05,0.00026301964781971006,3.386546089724567e-05,7.470378168454287e-05,0.00022202273473729037,5.709327287723239e-05,0.00021814363343363195,0.00026291640374784915,6.9355257242543e-05,5.0810558997570986e-05,5.652701050345635e-07,8.024883117793261e-05,0.0007067265068146985,2.750322228467507e-06,7.555455284776991e-05,3.740153374148744e-05,1.3223610903131679e-05,0.00011940801306001849,0.00015789440712309362,3.0020084705317807e-05,0.00010931598608950765,1.0968177762071793e-06,0.00011931985603368979,0.0,0.0016721223153438607,0.0006190544713275727,3.9965368587797636e-06,0.0002697979714508274,1.0077763477988733e-05,4.923579076771735e-06,7.568615048742205e-06,3.817835660867972e-06,8.915629890390762e-06,1.0099118787586822e-05,1.1781975171610527e-05,3.309244758321994e-06,4.272344031010709e-08,0.00016863089030557944,0.00010629152320418319,0.0001254348414369913,3.2156807436505934e-06,5.563158671962864e-06,1.6196315500215423e-05,0.0,0.00030297654203886225,2.3518581825615408e-05,8.073684704308652e-05,7.886562159726808e-06,7.48006519428006e-06,4.412024347443673e-06,1.1224350488255632e-05,1.5679517950026236e-05,1.853263440729442e-05,0.00026850405279406006,0.00031032192578132314,0.00029438703774613593,3.6278401429782644e-07,1.2398689888206206e-05,8.447988683564669e-07,6.5153410451849715e-06,3.748936867841543e-07
4A0,0.0026743525905265045,5.858962507830393e-06,0.0002621424028764534,0.0011533521834302704,0.00011354326206406475,0.003986821196533718,0.047235899653270894,0.003748778615852336,0.00018135017077530087,6.974932483157186e-05,0.00029653546242919764,0.0018512016639714822,0.0003179624728628716,0.0009789142396525957,0.0011456278085571641,0.00022022863018113188,0.002474579666341793,0.002956670549929612,0.0005494463031703602,0.0010649996923316348,4.360415130214826e-06,0.0004771377896527193,0.013973657924358954,0.00032817188319523465,0.002975013139150756,0.00032175693215219644,0.00026334488565239267,0.003142678637398501,0.0009221809844283521,0.0020553489144908206,0.0010710865211909226,1.5030713885976683e-05,0.001693876988398842,0.008317086688931137,0.025090306809070675,0.008992636795069337,7.935658776394977e-05,0.004834109171998546,4.372876841727246e-05,3.0043577280084927e-05,6.54236234437168e-05,2.0081732819246555e-05,0.00017098503994594235,0.00018738808690290108,0.00023192606222575412,5.9818932015276576e-05,1.363811659812205e-08,0.0022114827932575728,0.001057359344643062,0.00047539977532135507,5.5126567038730024e-05,8.2466904924106e-05,0.00017860916335475993,0.0,0.00147395671825575,0.00016771136309447844,0.0002544383021080494,0.00026207511960361923,0.00015567533691103992,0.0003168399171994191,0.00021591490813931106,0.0020289584967063813,0.0011469541472775922,0.005425652910298486,0.006856432843195246,0.002211388686745885,3.227579477320928e-06,0.00012454417474461557,1.269591041309754e-05,9.197159685822157e-05,1.3758228522536064e-06
481,0.0008658460467696027,0.0020884860994047016,0.00014564899643723742,0.0004150304093415489,0.0013563577554144375,0.0010404435021019928,0.0005598481816704904,0.002605685568052175,0.004226338133578601,0.0010467622284107705,0.0011466288019619704,0.0009742666728561779,0.0002741009849959223,0.0005656422701705519,0.0009328179909804102,0.0006386444103508685,0.001361457547988753,0.0011317636742036198,0.0008631199196955115,0.0006507377624856449,0.0002848915708508895,0.0014526510717967202,0.001971280042834247,0.00016656985438500606,0.0006083071035155958,0.001867162387763823,0.003297679305937081,0.0006350826572967444,0.00027366499209571994,0.00025260973529197433,0.00039362626317364314,0.0011308096839488524,0.00034449789718955993,0.002800327187368563,0.0056853104596932234,0.0004516993338965207,0.00020704033511307482,0.00474741495527542,0.0017389189445627523,0.0008922550072759833,0.0011896608282957568,0.0006523132452411906,0.002816045678135652,0.0034782209825893902,0.0038305545076267678,0.0001312845635235363,0.001766683387463061,5.157869256133045e-06,0.006504552897707274,0.003409984443814392,0.001930058709367964,0.005732152243491519,0.0018145253304787615,0.0006289468396568921,0.004128770469654998,0.003346716830551961,0.002176572323066591,0.0026420175997490898,0.0004638450996743253,0.0011463819707130617,0.0025239615072887326,0.0007419733101283406,0.0014843074711458368,0.0007817568056968092,0.0022183630982964197,0.0005959577208963266,0.012967477798628252,0.009251655894777073,0.004980050453520485,0.0017447909376917393,0.00035475669603149656
482,0.005035488009013936,0.0006015625161764799,0.0015052881182975096,0.006322265869058887,0.0011286930713168177,0.004614953032858383,0.0014255551966129178,0.006238389916701376,0.014771840937029448,0.010426505831304927,0.00268488610127516,0.0014733958266331835,0.00022550711014488562,0.002038612222626658,0.0019368678142379862,0.0007740779634169651,0.0036206121383610844,0.0017070329083914515,0.006428212003886516,0.0014822376821334556,5.8364113767305735e-05,0.012362252657259716,0.0015637454246005945,0.0025377763871083196,0.005411817364434766,0.007381336572827321,0.00013430008095844525,8.497072989203102e-05,0.0001871273932189194,7.79955039519661e-05,0.0001023577757135209,0.0004861384397901337,0.00304533200030066,0.00037535963056453133,0.008930286905607194,0.00021689325590403444,0.00010190071396828229,0.0008158590738364549,0.00014974432174509795,4.3838323100953974e-05,3.964862919483948e-05,0.0002303370941097743,0.00010007017509900212,3.758961813164814e-05,6.105721602393434e-05,8.043860268658081e-05,1.632233663899926e-05,3.891798048223176e-05,0.00014528218927973235,0.00018383863291119052,6.851840461047193e-05,5.756417957388715e-05,0.00026063687405833625,4.014595811139092e-05,0.0005898927569189137,0.00040240537067103677,0.0001585478207694113,0.0003780713769093456,0.00021304392051133624,0.0003144322429207428,0.0008128107731390996,0.00013252989651495048,0.0003911377902286468,0.0003502556655071421,0.0010473735406013151,0.00019234813944875664,0.00039963545784493223,0.0027551405649826827,0.009179052531329536,0.0010946615191519456,0.004397730790550354
483,0.001631801838964664,9.295528838254914e-05,0.0010628632309869024,0.0012246359742233528,0.00032691703179284394,0.00034777055320517466,0.0005016532301128475,5.2708400161419216e-05,0.0024022962482184696,0.0014078588451380068,0.0003325692070635422,0.00015615479812246767,4.500204022867757e-05,0.00045325264023927193,0.0001161479696593442,3.5461803221722287e-05,0.0001482574887984571,0.00031249930310156944,0.0014104477482234565,0.0002797867050242065,3.4364661767762834e-06,0.00037752814107257454,1.828251073058529e-05,0.00015454118486436387,0.0007696758271372168,0.00036733068449102627,1.3911580959932913e-05,4.586758070914549e-05,2.8889706349042642e-05,1.0274816562771681e-05,2.477749905685863e-05,8.635513800936249e-05,0.00010331263601053644,6.629546002523412e-05,6.308182697150933e-05,1.7423212704299197e-05,0.00010165940382401715,3.9034831070563454e-05,9.782521043988441e-05,2.0689861283483828e-05,6.5316109157264936e-06,1.9778318956218038e-05,2.6333258863864308e-05,3.184971631879289e-06,4.304168888630247e-06,4.582535145019448e-07,2.2795656789258345e-06,4.5796038064363785e-06,2.3607033839971525e-05,2.9732926861438947e-05,4.109963428788729e-07,8.254257102524957e-06,0.0003769320716696335,4.681736379464368e-05,0.00010845956895038163,0.00012428252174060192,0.0001330482492444454,0.00011154673425512883,7.066393403577548e-05,4.29865856954274e-05,9.900739382438129e-05,1.8964007270206752e-05,7.618905989574312e-05,4.456768593410415e-05,7.406293721439532e-05,3.699920832650678e-05,0.002694803387710853,0.0004433971529280692,0.011842185849069539,0.0002958745928618357,0.0003908902967301606
484,0.021592806547674145,0.012578145079310165,0.004354748395564141,0.014708860971620647,0.0037097849003385735,0.003889340974588529,0.01641092878114539,0.021563578167228332,0.03485342436030371,0.03454365301198702,0.01304630811652173,0.012198984997807584,0.004370154007424811,0.013438164418188426,0.013947470823781703,0.006730263772240324,0.01970916044481994,0.010459172908632521,0.03658609525583873,0.017007752204859908,0.00787433831832463,0.020638870904238653,0.01070080747803619,0.011338117549457034,0.009590146547139793,0.013220982000512521,0.006135299663503481,0.008994018081244818,0.006720682991583103,0.0042926886544162966,0.007844899930214021,0.013589849251785541,0.007429230935146133,0.007726412518516695,0.03939357093764417,0.0036054571035572173,0.003057052424111559,0.026069819767763448,0.009612567325452613,0.0023770210217461014,0.0011160795789181203,0.002002856618912378,0.0028053281531802564,0.00023295885050697514,0.0006889317183240919,0.00033091983788330575,0.0002286286630132259,7.047707467731892e-05,0.0019578789149104986,0.0030186308086457224,0.0005973064482655069,0.0011056318228206072,0.0024752692808442463,0.0010056047503619614,0.0025992268573437212,0.00800723336029907,0.0016973429226709138,0.0022094286527286405,0.002993272276489945,0.002274491794112243,0.00525833599817174,0.0017693050329927761,0.004678809298355434,0.0028733299481848965,0.004212275502055267,0.0031326059678506483,0.011695753080528443,0.0025699614630329284,0.015956666887298812,0.0041670580536399306,0.006407199808947792
485,0.0,1.2205217058190343e-05,3.047473229966879e-06,4.1473627676655044e-05,0.000596207182636737,0.0008939607735202352,0.0003391449773134093,0.0005712286329904006,0.0007370423709483468,0.00027137194157827966,0.00044974812976911557,0.00030634370136215,4.353809051517509e-05,9.217654631352589e-05,0.00016218247270939016,7.973488774373045e-05,0.0005551780399083325,0.0004315848210286075,0.00020039331712453238,9.393607240821114e-05,2.375968019348585e-05,0.0004452920443849319,0.0008770922087854506,5.6204681653699604e-05,9.320261111863763e-05,0.0005324901808561626,0.0007073519942138127,0.0003578307370785477,2.323669138930494e-05,0.00010015917912485671,0.0001494251847782925,5.53736812718417e-06,0.002996493935236618,2.3996648230682707e-08,1.2461003756648195e-08,0.0,6.081404772841364e-05,0.0006340199258255633,3.196609839073381e-05,0.0004676959900024097,0.0005903434462772629,0.0005187934970391292,0.002002517433598216,0.0025191832259606173,0.002186103757424461,0.0009217412341685748,0.000972473797529057,3.6805181412597077e-06,0.004340356574459346,0.0023031609161993263,0.001535601768485059,0.004093770900834215,0.0015081452203196467,0.00037659535954359403,0.002711720418541714,0.0017063581585895827,0.0016737327181485379,0.0021242840531755895,0.003220076540626142,0.002210036310005974,0.001195447358948497,0.01212954076939417,0.0006527230472994027,0.0005032720499527053,0.0014101684508806822,0.00029916568419624,0.00010524646274000236,2.0361167778939295e-05,0.0002143918184840523,0.0059081281194934875,0.0021149524012573266
486,0.0003722394084352319,0.00012713116617203558,0.017393684578415038,0.0005640460716569692,0.00017666232885155665,0.016979539671058926,0.0002358762062135147,7.121735036171855e-05,8.557146674622613e-05,5.818483114093053e-05,5.460737539411065e-05,4.821652012808401e-05,7.4617264634901915e-06,4.618104083113885e-05,7.857651470744974e-06,5.752888265532908e-06,4.4227318905251e-05,8.036959537302516e-05,3.7010879040465214e-05,0.00010722352390775481,9.368606998228184e-07,0.00013321157922200445,0.0001688212184839738,0.018399765458962727,0.0005327321835544759,6.246874487291664e-05,4.273631712696824e-05,4.8202245534483055e-05,2.8957008384343134e-05,1.4995574289103485e-05,2.774998856162579e-05,0.001826657342878427,0.0009315999552168711,0.001412165830404109,0.0009581293885134232,0.00039597055927590417,7.682578923096095e-05,0.0005844719700074603,0.00037088154482219126,1.8752314896514615e-05,9.479843590124037e-06,1.1006039744930436e-05,1.892364048117926e-05,5.506492956479238e-05,9.097050160324908e-05,1.3068919538300585e-06,5.8270781420291303e-05,2.312932540434058e-06,4.9288226441429755e-05,6.591844554967575e-05,2.0785258206995757e-06,3.633551393171015e-05,1.2131539000022559e-05,2.143687665448353e-05,0.000126613150205018,0.00029326830983788745,0.000115233149319869,3.023065806356134e-05,2.5765127269308988e-05,4.969509934662602e-05,6.34542405802038e-05,2.5041124362703078e-05,0.00010546948930593459,5.4048755831988334e-05,6.566703794489207e-05,4.7931075092204535e-05,0.00021603358508069063,4.613810251700795e-05,0.003194699668048295,0.0007625194819890956,0.014759614255456535
487OS,3.6174652448550613e-05,0.001165893394863279,8.615540012210322e-05,0.004381567521798224,3.87307984095585e-05,0.011671380253391575,2.8170262666705084e-05,0.005209877232578002,0.006373214710803071,0.0005345174613483379,0.00018867905391597834,6.791811772614698e-05,7.3185179726677236e-06,3.9532311780029474e-05,4.169110930020137e-05,1.1271040022564379e-05,0.0028206982452653674,0.0008760958689223732,0.0004896283852568529,0.0010211714484481469,1.3046371738514335e-05,0.0035219518402132208,0.004255686996405572,0.0010820685306094147,0.0001869573499596761,0.0022652405970806895,0.03146270197247251,0.007888207903271376,0.006825435441083523,0.002064512518148127,0.014811164707272933,0.10504138394904698,0.01353632611972744,0.06704479142527366,0.11878991166509843,0.011876779511155216,0.016829642507500006,0.11525837421842411,0.032343900909103315,0.0020246287785074747,0.004263043625354761,0.00013878615484015134,0.00783397025847808,0.0006450466422888366,0.005766386027145642,7.328912398136858e-05,3.24074020470625e-06,9.352558308704244e-08,1.418667339381136e-05,0.012633924472219452,0.0017712715775651173,0.0019325614677856429,0.003114569505620714,0.0012420382543342746,0.002660514633003014,0.011634510970944001,0.0008844800738257668,0.0021582040607881375,0.005248093594408971,0.0014233430717222892,0.004794793944487324,0.0034321272452847947,0.003250982514430008,0.0004880419059929416,0.0011897166795079182,0.001090442092468552,2.1867998815283743e-05,0.0003672664199186865,0.012102509068928865,0.00041570626228677027,0.0088995060780633
493,0.0010959564217577961,0.0,2.2318066037808203e-05,0.0012197990224508915,0.0,0.0008976565404607766,2.33470871379383e-08,0.006712804237203515,0.01105386888745448,0.0002444111311162671,0.001245209468259811,0.0009379143498668556,0.0008500891478845833,0.0005791510439884025,0.0001736988235238635,0.00018418972449535034,0.0009962935719409198,0.002436547321652523,0.0027486304088318774,0.01852318824292443,0.005322750283144648,0.010784126632886143,0.00886246005048403,0.0007176022168944377,0.0016570193884405636,0.010750984900299819,0.015247392246930544,0.027999835076120246,0.02767817852844442,0.016521272970801158,0.0268670522471147,0.00025742865769240756,1.7307556893882387e-05,0.013867997645780342,0.013184859842915845,0.0028026907272170128,0.010663309636212053,0.003724524019853948,0.03925099485582506,0.0008786741791279993,0.0012504488179907306,0.0005793171547257812,0.002387542993965297,0.0,4.02793851156261e-08,2.245917177045066e-05,8.713919477867876e-09,4.3548674228600065e-07,0.0010146168752795644,0.0030512259281418996,0.0004942201166631316,0.0005188982729088089,0.0005343390330319166,1.8859672898649016e-05,0.008689981983845569,0.0024628109063643297,0.00019559697814846061,0.0006664283518792048,0.001621206037045734,0.0005967518822978274,0.0008962239853858802,0.0013065659420026321,0.0006217657123472432,0.00029123898234474405,0.0020239331054628944,0.0007281216267751114,0.0006684229664670367,0.002179120517891051,1.464042894623063e-08,0.0030674300788706105,0.00038188297292112686
511,0.00014869716695504876,7.093295958888736e-05,0.0003752174931249927,0.00020894084313969832,0.00015977519945674094,0.0013143809057115602,0.000907578290758584,0.0010076671590074293,0.0010567908781582002,0.000437881848557518,0.0008854125933080476,0.0007506960177230603,0.0001917931857930914,0.00047664298230579714,0.00018980274831140406,0.0008611787084643209,0.0010398595984974662,0.0009020806427995695,0.0003239543506166998,0.0003467736520484374,0.00011523188585743266,0.0007660665680911547,0.0011624290302681543,6.954337889870216e-05,0.00012164681521623052,0.00042085214104577027,0.002591255462858924,0.0040993553261869774,0.001337860162524289,0.0016284318680071716,0.0026143145003014252,0.0004482398476557872,0.0011605072658150482,0.00030102797127804485,0.0002403187803386128,0.00047474741108966386,0.0005789267347154385,0.002698480963944543,0.0009002177141379274,0.0876422743595755,0.0007416721669805029,0.0017177772468369506,0.009653260360786634,0.0023241581404284312,0.0037134920621196277,0.0011633495993617663,0.001882233596409149,1.3141923509285354e-05,0.0011404116639731922,0.0019714597790724646,0.004539257705620139,0.00502315822431872,0.003963599483511634,0.0015974205311844074,0.0066018102593695255,0.0019653531663680487,0.0028334596429725814,0.0017881468535190675,0.0028361799653934872,0.0009210502721623301,0.0036076038798679125,0.0013931804539980563,0.0015717309074020933,0.0011792502260970165,0.0018369550471198535,0.0017572066486608042,0.0012602804404931035,0.006303916516833071,0.0010156258664062267,0.005952703835465954,0.0025974202885261453
512,2.6899149660264425e-07,4.46670247969737e-07,8.25594907364028e-07,1.0517576220448837e-06,7.361002923030465e-07,1.455071600059467e-06,1.8672417786013968e-06,1.0000786117839103e-06,1.2319723086073382e-06,6.922808519118432e-07,9.35311853245175e-07,6.752368334069643e-07,1.7104076936543906e-07,7.31156766521171e-07,3.336606465840291e-07,4.866916916671851e-07,1.560953015154182e-06,1.2885340300570528e-06,7.475686332188268e-07,7.666652969973505e-07,2.40170652529903e-07,9.417097581313618e-07,1.2537292428040983e-06,2.1896724683339855e-07,3.44067599828548e-07,1.0894741290408515e-06,4.5013721713007124e-05,0.0016217170457562384,0.0012176917338243647,1.1695100370850917e-06,8.265948851971408e-06,2.8131251220061876e-05,1.6168257116472877e-06,1.912880440302935e-06,9.272203676564521e-06,1.4227422924274914e-06,0.0008407242408172318,8.290438305175843e-05,1.2336103509252768e-06,0.0004859237151965562,0.19343191937127624,0.06265918059399835,4.009105036550429e-05,3.847922701818237e-05,6.328484893795879e-05,2.148885822791862e-06,9.853129925676671e-07,9.829015524501756e-08,7.822439020520216e-05,0.0002659921863421006,3.1488207752189727e-05,0.0001195570945494928,0.001505592601326812,0.0005934773296164163,9.580175181879263e-05,1.581336151621427e-06,0.0012365742173086943,7.328121908517575e-05,2.5511846584319188e-05,0.003594423326904501,0.006244049279803802,0.0033869814958231333,0.00032683056936735975,0.002804984245072512,0.004802655836922474,0.0003942158053577772,6.99004608828154e-05,0.0041292858759786905,0.0006147032385754716,0.00022811445735904597,4.033870622101789e-06
513,0.0009098621645833805,0.0003798829792335171,0.0018221857535077378,0.0015011663922595367,0.0021016071004726585,0.0027112689719845516,0.0035300598660360843,0.0026974669596837183,0.005030315688439788,0.0012663878998784453,0.003309522745213546,0.002571879212234593,0.0008308490488121572,0.0015210809851560678,0.0008706727797589209,0.0019085160117932511,0.002970354625429666,0.003567371166826449,0.0015475262745621382,0.001840968687507897,0.0006669455683059785,0.0023064605742012917,0.0054632696844082625,0.0002185015925859473,0.000772472875817203,0.002341390932712639,0.006625025843635053,0.007945375149070668,0.003834288668593905,0.0018663317196222792,0.006884965736199345,0.006556600789717614,0.0018377875281696573,0.0022392366506323673,0.003997650648140531,0.007512849035866062,0.028162537204912002,0.007058534861086524,0.0009616411776899416,0.010451176009901638,0.007389887818419788,0.1091284686235543,0.030016051707556984,0.008054705887350345,0.011156949424631092,0.0038862450220750813,0.0038489640918294016,5.1566573141096304e-05,0.01136418781346995,0.00614385550758907,0.009697849335998505,0.007970854063052198,0.00940906759400697,0.004985419051474343,0.013807714487128081,0.009377653187958067,0.005959984788874575,0.005318886500329096,0.0041149227512389955,0.005536848498946955,0.0038759792064924714,0.0054243599326131145,0.007307587040677676,0.017334784880000093,0.00598858369309606,0.005586277275484491,0.011888969301462243,0.011661711768300033,0.014020593458165505,0.027368901174958896,0.005756600434008782
514,0.0003264026006818999,0.0005216303838422374,0.0012491583411719295,0.0013854764727204896,0.0009645073323651215,0.007972632351906423,0.003465989271417201,0.007043171611525835,0.009334451782455393,0.00336872748189259,0.005948005597346415,0.005436085072957995,0.0007652680096408353,0.004154650511035309,0.0013211532322833408,0.003964923325472495,0.008229820577388126,0.006172652657571659,0.0027210183967075197,0.003000428243047286,0.000984853477548794,0.006469889525491129,0.005557232553712278,0.00049802874188069,0.0008460621551253562,0.003317003354475805,0.007049243229068895,0.02257388841159071,0.009511122198549105,0.0064177482776107565,0.01592637663527502,0.003338831289144529,0.002099574120049286,0.0023871130575566666,0.0013594500674521375,0.0029495522518287348,0.00495339636548217,0.0053471750408581355,0.0021595875784763212,0.018527847484044308,0.003975560924855238,0.00844941804029611,0.042168348115558474,0.01675786854883188,0.015017705575300522,0.00494587874068439,0.013840446981730484,8.954164374301244e-05,0.004112525428414131,0.005560166329966046,0.013813494712883444,0.01659433695616511,0.015260680636641204,0.007985165315536452,0.03725091629003029,0.015279624289080905,0.014124125249111217,0.0036307505677539553,0.00716391183689785,0.0037032627003317138,0.006373434249743424,0.009608080277097352,0.009852499372588457,0.005979863329932643,0.015073378829250037,0.01075115483927161,0.009245742275364408,0.020655014974467138,0.007385451910959528,0.019102455879547828,0.013361821391291329
521CI,0.007741605980941114,0.010994636253456876,0.005102536976564908,0.010189749614361069,0.010386099204570723,0.012057895793914322,0.006029353880600006,0.0066056198779075505,0.007341906173245979,0.0052712156781798995,0.006450247189994018,0.004948253037881797,0.008175283068010079,0.008033697216763898,0.006368252044827522,0.0028368684852766142,0.008859886529409559,0.012876439501141243,0.005405026412785313,0.006080466116611208,0.026314534463574693,0.006347942400397675,0.008538942754746405,0.001560013725648271,0.005338615614842079,0.007055702523725176,0.017017288729608344,0.011126793885885394,0.008445898890385854,0.010196877763514816,0.009144717351651276,0.011588726092863842,0.08077991546056895,0.024695711214927148,0.010459443315971782,0.04894368978522933,0.06691471910734723,0.01113948889850836,0.0025614158708093778,0.015566733800370183,0.018130342312060715,0.016238638694993816,0.012720871810694269,0.06507887869560769,0.08794042866174606,0.0009102918743819774,0.038189778794366684,0.05389329579192179,0.046258407017762807,0.03798835843624754,0.005893987770195449,0.007181960218377112,0.009210403262789041,0.04028885924102028,0.007981710068580157,0.009401728255800716,0.0028939334744436745,0.006046936201655267,0.007352436000052811,0.0043594631171605495,0.005141644888528526,0.007045290473208505,0.013382914254193197,0.018615856212020516,0.015203418751625213,0.011093372234336813,5.8391801367966645e-05,0.015032031294634809,0.013499417803290583,0.008139631501608778,0.010649382357699914
523,0.0006183793068753645,0.00046472733022980814,0.0003563136174772634,0.015718337986851908,0.056243946265325064,0.0011806625400398016,0.0009473113147923517,0.0003524463410431498,0.0006195104535400962,0.00586562808505261,0.0056255615062108045,0.00467453040479679,0.0005188902088721111,0.003156440422044152,0.0029162380122726033,0.001390156153838134,0.006934472254853919,0.005191239284850025,0.0002462003509957141,0.0002287109693870182,0.0004534850046393511,0.00025974315590239006,0.0005151025944164778,7.405535931470247e-05,0.00014801240355231132,0.0004432948249531332,0.0018833153027681465,0.0007002063098523381,0.0007731333939721385,0.0006575379378938162,0.0008370256883890623,0.00947287201994339,0.007902506031200586,0.012342270281741351,0.0010185774054711774,0.027278221478939876,0.00540683234861655,0.008400932453199294,0.0003735731087056016,0.0008888406501566899,0.004100094126729416,0.0005530112402643943,0.00045536220717984376,0.039374194369355686,0.06255314707833404,0.004267340013993836,0.5278795538291529,0.0013067248144821668,0.006262912080323724,0.01024752188523035,0.0014799361808819275,0.0011708181104664922,0.001197930318507718,0.01569744841212978,0.0014459184714426109,0.0005010770684056068,0.00044529336570237976,0.001520378828009917,0.014824581499167924,0.0015371013365066257,0.011880847379284618,0.005901630797393181,0.0009086041772957522,0.0009640328486239978,0.013613123809034877,0.0037581655804860207,0.0,0.00037226022025389473,0.0006920080274979155,0.0005315043089823393,0.009115802663386751
524,0.006516012329174823,0.007178902549542922,0.010890595582956047,0.00717735424039178,0.01490516797899971,0.0028171432246455685,0.00025951570756546096,0.0020668959351874713,0.008176524665740302,0.0025332575196827475,0.002692767640002512,0.004081656661745387,0.0008237060302144649,0.0067666658090968015,0.005545621785759065,0.003269406234980714,0.005317170081928759,0.0036940217821596288,0.00406576460104107,0.004603654428821134,0.0014700941388027155,0.0024422447839855944,0.0010318140462962787,0.0005166857133765903,0.0025432792143756577,0.0030441488903867747,0.021294595539330545,0.012122307132158176,0.005917872386094713,0.0058937790320539125,0.008158669749170653,0.0045534516949038715,0.0005036110236836291,0.015804498608309375,0.04029699881042255,0.12052065679359014,0.008208088758027789,0.01639206836164907,0.014702810617468056,0.0008540536849084772,0.007840282162092314,0.0020341718800321452,0.0018594043467627947,0.003935310473307903,0.01620081903165698,0.34085332288468306,0.06434604338334562,0.0029834435933212477,0.03434768144279398,0.028934767070991536,0.007577890745481918,0.004829959143085987,0.004857007492794559,0.0005605024369729037,0.008283192174344735,0.01077880204220185,0.005163057358861805,0.012733565875732504,0.0180703756156843,0.014719037882954217,0.03646497263091984,0.01397190061890552,0.012239091993817333,0.005680866804018241,0.009376139737373747,0.0030351137294355036,1.9002702344025945e-08,0.0029969759555992927,0.05841216727451409,0.0016560478606628536,0.031501206140321654
525,0.0,3.973839160933195e-08,0.0,1.5275106438163523e-08,2.495677077480597e-08,0.0,0.0,0.0,3.460263372968908e-08,3.323668336488076e-08,5.850128336112058e-09,3.1522763437304977e-08,0.0,0.0,9.711426399603855e-09,0.0,0.0,1.5612107906457515e-08,0.0,0.0,2.9205689906712553e-08,0.0,3.9697779186002216e-08,3.0672666591974425e-08,1.6538288688746704e-08,0.0,0.0,3.612960977649317e-08,0.0,0.0,3.1700194658362885e-08,2.1953809884836836e-08,3.371168463499293e-08,3.7409490360525795e-08,0.0,0.0,0.0,0.0,3.834742411826016e-08,8.97442831595601e-09,0.0,3.732849236892085e-08,3.4182363149067715e-08,1.5055907733612026e-08,0.0,0.0035987982415064883,0.039360412457805416,4.322541967587927e-08,7.953196415943102e-09,1.1476599018865457e-08,2.6430452108330515e-08,2.628760641893669e-08,1.994188776114852e-08,0.00011336634980401864,5.0978496666463005e-09,0.0,0.0,4.0019474589658394e-08,2.2676115334833597e-08,3.8036060213772326e-08,9.48696421451742e-09,2.2563572548658642e-08,3.032069370222258e-08,3.103206099111114e-08,0.0,0.0,3.0382945128775994e-08,3.2536675786796625e-09,1.1543624253413085e-08,0.0005102387947053294,2.3913946521828217e-08
HS,0.0,0.0,0.0,0.0,0.0,0.0,0.0,0.0,0.0,0.0,0.0,0.0,0.0,0.0,0.0,0.0,0.0,0.0,0.0,0.0,0.0,0.0,0.0,0.0,0.0,0.0,0.0,0.0,0.0,0.0,0.0,0.0,0.0,0.0,0.0,0.0,0.0,0.0,0.0,0.0,0.0,0.0,0.0,0.0,0.0,0.0,0.0,0.0,0.0,0.0,0.0,0.0,0.0,0.0,0.0,0.0,0.0,0.0,0.0,0.0,0.0,0.0,0.0,0.0,0.0,0.0,0.0,0.0,0.0,0.0,0.0
ORE,0.0038514122259369747,0.000406891119347177,0.007520765799732959,0.0019474140219191583,0.004408656955650827,0.011197179399949452,0.009836360869030922,0.004357600806345779,0.006700149692954556,0.0017154880949900543,0.015047705556565706,0.004222693353617489,6.531314812742903e-05,0.005004267570108383,0.00039532708673755145,0.0013163686670733161,0.015111897564042806,0.007169192929661701,0.00449453854406053,0.008356661729135727,0.002431377401637048,0.009216022502227153,0.02799345504866294,8.169207260879219e-05,0.0010175332679570946,0.010787763614694766,0.044695977036250514,0.06496642331259773,0.11134322815067008,0.07283846799837641,0.10813682522245976,0.0012415746640562222,0.002077978637564319,0.01847908037210459,0.022327070015078672,0.031971954328478276,0.007606227130431604,0.025131035482130155,0.060958383283980754,0.01885362610692785,0.022649907165905692,0.04270776888307434,0.022708292526584715,0.019041537064343136,0.045991065558520436,0.020418448467439048,0.003986427188378506,0.001611296459500441,0.12281099474415391,0.03367000494552972,0.04786136680430003,0.013530307291489184,0.05473651669760719,0.0609015432008663,0.02583384346268513,0.027944217698799984,0.09187921461714413,0.04406574668839971,0.08217228790104768,0.10257898638225746,0.053784577753969276,0.07368456262359802,0.10382772376420704,0.028029181846472767,0.058056448585340655,0.08534414690246984,0.001142258889935713,0.02878426299348157,0.01027678441193995,0.0055342811586485815,0.007245614292034769
532RL,0.0025143275324918386,0.0012763229639338122,0.014031215470385156,0.02196742835172944,0.02204699700402571,0.0032119370971704,0.011913547158937169,0.001982899697084654,0.006282543133528446,0.002571611774530869,0.0059365234666905135,0.004321912617830697,0.0017064902127131236,0.004373188730469018,0.011551629604259536,0.002959313699143579,0.003363673037586536,0.006059900045085133,0.0037680526732894863,0.0013158737436765133,0.08566673064189181,0.0062431448579912665,0.006155687241962128,0.0018575205983217592,0.004582822373665547,0.004314153279437857,0.014839676679351365,0.0031302475406702777,0.005743960199258603,0.016248175803862175,0.008046692941086887,0.05019134962851269,0.07488061310606976,0.13308826273834848,0.058166253677299155,0.011169616712812675,0.0008359035000804867,0.008571267797350852,0.0059028895500542015,0.004974385065309384,0.005470630297491933,0.012416474309698933,0.024168380980244045,0.002761027308828707,0.01217138157307728,0.0028778415223400253,0.0001754912395327394,0.0018910043588327597,0.0024727067353046677,0.03161357873791815,0.005441306779356949,0.005925370388102519,0.008204381151220616,0.04007925496213629,0.008170067936101495,0.01858167433946763,0.0028351701454607057,0.004232218293413316,0.003512313379649333,0.001641414876696168,0.0021003988860642084,0.014046317413549982,0.013179321576997811,0.005802596341612872,0.021064355719003176,0.0023945355557902144,0.0005942873877827639,0.0003549295555300419,0.002063969884844551,0.003803385472580488,0.0018275041437028797
5411,0.000537817012788267,0.0010757951403263428,0.002555325952220035,0.004316617246499099,0.0019743822285497596,0.008056248507392564,0.003262253112242171,0.003133281064821018,0.0031584367173360973,0.0018398078598475319,0.004441073850469058,0.0023971073791776622,0.0008795737387260816,0.0008266317481289207,0.0016558811295463534,0.0010689271763791922,0.0034322522112007077,0.006803717290828824,0.0011343093759652472,0.0022448017549179617,0.0020878212328828047,0.0036572634466455417,0.004167010766431035,0.0005393154764955674,0.000802159481318924,0.003848970389082181,0.008174963351574228,0.002221762871893708,0.002685407597923705,0.0024134917059291305,0.004408153450305544,0.001141071900833084,0.011415015754207848,0.0033147990755591676,0.0006976405410122773,0.002841138386924454,0.0012100525011479785,0.002095734621483502,0.0021799817477787427,0.008922288231678612,0.006008263481143534,0.003733906962138992,0.012156374063979906,0.004848952924044763,0.016944280072999533,0.011684114156320244,0.009143202607696178,0.0007178650104994944,0.006938652431502786,0.002443582891386483,0.007272734823672966,0.006206374500278107,0.01801469551829064,0.0158515725362402,0.007426025918099544,0.004006802010418088,0.0008535467218247362,0.003882199153545466,0.01718218133911973,0.005718146606460076,0.003373075047814266,0.013703199824781633,0.014828144084111029,0.00233111026558709,0.002751958987940324,0.006050738649260827,4.358925070643486e-06,0.0004562453071898689,0.0008705544645383027,0.006530356305959744,0.003513822022766297
5415,0.0006264384378472966,0.0003486134584844433,0.016304243210477524,0.004800584472969369,0.0004667690168220598,0.003014473282281625,0.0026537307105467885,0.0022350872075250034,0.002476075792540935,0.0010024803095958932,0.003971927806111043,0.005153032594562527,0.001138549265700453,0.0009273120909656238,0.0008753625540740783,0.0046731796128648,0.0027664837021077015,0.0027821390135767477,0.0012189089621314733,0.001312878700739195,0.00031587569220553044,0.0017240817460567495,0.004733682074689297,0.0006592005633047235,0.0003873729003625855,0.001867488019861193,0.009014034779875772,0.012444992309035308,0.003159565875133859,0.005625330281101042,0.00548371279955194,0.0014534386545603714,0.01359557588749478,0.000567129467301571,0.0017069650896258666,0.0016417418832230918,0.00026850309062860197,0.001515523380452333,0.0008007237907918332,0.0172987981463615,0.0027831618480254274,0.004441986997717782,0.025068810975647005,0.005353210028299105,0.01605205730282402,0.006563911703663206,0.0051008903508489006,0.0002981072378429121,0.0033499831647953522,0.001468318236081261,0.009955520841930266,0.01723344614804656,0.006009678119151168,0.003056248319975707,0.01474271480625372,0.0041323575824626715,0.0051096918701770125,0.0033104195179551924,0.005166789456997158,0.003743332731408259,0.006513457762432375,0.00231497575083405,0.00604121074750446,0.003592986511434413,0.005017210620551942,0.003639611754745091,0.007143205553241065,0.03999395181069495,0.0014855011591482275,0.012209530170540503,0.012819853538698692
5412OP,0.003594710329272216,0.005815442586055701,0.011767486556967497,0.014584572288483345,0.009601620281616452,0.019974468067937776,0.02539767539140331,0.013181404555725761,0.016773490193924216,0.009089824450851108,0.01261955167587972,0.009084702595102252,0.0024132371617785814,0.009902403976855613,0.004848678781654563,0.006521687628083236,0.020938862508885756,0.01792128607305364,0.010384700130278705,0.01084452669431648,0.003424856457143494,0.012965726336994356,0.016511918231093266,0.0024041612347704975,0.004301839920208448,0.01508578227997324,0.05332973426927748,0.0670152787532418,0.033437408505101095,0.01630419750212829,0.05737035158484266,0.006484172920170951,0.02306396833064065,0.026653755005577325,0.009713464901740854,0.01989477959292188,0.036145609078378736,0.008357973779139464,0.016950550933372062,0.04611995177588417,0.03324204311317533,0.0411489697244223,0.08645414399732705,0.03518862578049224,0.05532584253010246,0.029772014482398346,0.012797183010137289,0.0009963314552656752,0.03321235656624442,0.027848292247350564,0.024810343147745856,0.0494008325487158,0.07476866778049707,0.06185361710390715,0.042285664422698536,0.020426455084276002,0.018738459104148845,0.020336514221400988,0.03518296251845477,0.025854800750128946,0.0257189099628948,0.04095495812919724,0.04453270780477008,0.02067724527570451,0.02315759572317197,0.02886459299471434,0.07429641340532153,0.029518342365592087,0.017377509830263815,0.029986888882050724,0.0554122265719657
55,4.377286919018315e-08,0.0,0.08856948897125205,0.054132874498827754,0.02171802645936741,0.0,0.005923553906829466,0.002196069455444917,0.01297406030304543,0.0027437631926487084,0.007762416773706287,0.023428670353277888,0.006421853932369127,0.011951196787641892,0.01223585498524844,0.006013474964796028,0.004047246987224824,0.01794420250388134,0.02064229655274571,0.01490788010461771,0.01007808172475231,0.00783545511983639,0.004255565480320765,0.0021074072760478017,0.00909610182307393,0.0056464242295177144,0.04691592640720302,0.005910200745626053,0.011149470127991862,0.03721973552592542,0.02129473574024811,0.009556063479832002,3.949635006278723e-08,0.011428442789570567,0.008608204284382337,0.0031511927112565278,3.0209332937149004e-08,0.020302104694989016,0.007156138101611107,0.008919141059757855,0.0025201884309406374,0.0047614544795303625,0.004851255481354441,0.0032875983925779923,0.024217703837605044,0.004468012398004631,0.004998946464045039,1.590845017920025e-05,0.044681808380123124,0.04669290796369894,0.00796133838725902,0.005893756794137713,0.00964268321482786,1.5806371433946254e-08,0.0180869000310254,0.026431729709461664,0.014955754641433557,0.025328626380793876,0.007653151006011348,0.014905284709323435,0.004159170688698735,0.015200808072246127,0.010923954544416064,0.011892711226836907,0.06257656276877949,0.011757128287058093,3.488756151725297e-10,0.0,0.0,3.123097111794447e-08,0.0
561,0.0006436397281840769,0.00045760083136181675,0.0015776399081168745,0.0038481772262059593,0.008643835631815176,0.013805468607365942,0.004476013202029102,0.005429241087965178,0.00875611833674996,0.011843733610337562,0.022438107164723303,0.005208923847387733,0.0025680212682856756,0.003860586452259289,0.003612869765765751,0.01582493251323347,0.004133085794137673,0.010114792925350693,0.003118144258855832,0.002833889614430386,0.013463979970063645,0.006621765659979871,0.03374994960549863,0.0021841312663473953,0.003114957048925089,0.0059714375078583504,0.03149583096832368,0.020049387114480056,0.010089200485438649,0.014523368733333817,0.019312919819786344,0.018833673831169424,0.011401773765294687,0.10443226730239114,0.022658333620472305,0.09685585228698523,0.04823000477825914,0.039328584060620474,0.034443286469857545,0.04897488804783567,0.010720001341711145,0.04077999094084718,0.054731400452635255,0.017267923040264452,0.022459514053518138,0.0112688993868477,0.0008052220514418486,0.0009315392014799797,0.112839847449758,0.06885185202656005,0.023627525929489596,0.058191660370954634,0.0327524731757003,0.02650940722593584,0.08030500512919514,0.03598200777397953,0.02015535373928999,0.024668327358215364,0.054342604134007814,0.043075231637966914,0.01536113203693343,0.02507478142660041,0.017917790206922166,0.01697988882096163,0.012626830063583975,0.01897576403298779,0.009882795829829477,0.029490995753013144,0.005759524557381735,0.01951759279042991,0.020597123076595662
562,0.0001436005220938434,0.00017174655480068317,0.0012077362169992743,0.0006228763238815796,0.0011737718316162295,0.0013233517027937877,0.0008377632353162906,0.0007628103457353411,0.0014983280190999132,0.008498328238997543,0.0008390232213060903,0.0005398227933120941,0.00024141481475111474,0.0003880006149136167,0.00022868259529825813,0.000368384357365416,0.0009823879105265445,0.0006078979041860062,0.0010411063735639905,0.0008313271751708533,2.859445855110351e-05,0.001815493089464068,0.0009431335728404676,0.0007311299502706648,0.0014310888695239163,0.000865834247773196,0.0006885262825798521,0.001533969643601651,0.0007862733019885334,0.00045066769614423137,0.0006330464555398822,0.00022730217975972268,0.0016374265378818792,0.0,0.0014068982384489884,0.0004603063378568948,0.003971934157353169,0.0018857070261082901,0.0010443835492305411,9.299887112483555e-05,0.0002759038696951861,9.733293183738534e-05,0.00013914955999984338,0.0002626736999080482,0.00017397342761933627,0.0009763046480174162,0.0008065039504595528,1.2455585509067223e-06,0.02866898724705432,0.0017791038000118703,0.0006537897403211938,0.00041892283252975977,0.0007180625560279419,0.0006446069839241022,0.001947644174073368,0.06436232206069847,0.0009017816305402528,0.001205486246337989,0.001597590026933999,0.0022609968254479686,0.0013650907578803316,0.0005261441032485832,0.00265169020076095,0.0028194967465741327,0.0014436316283994084,0.0041890651199694325,0.00012728078125376767,0.0009617980512769193,0.0019306509841776128,0.008077905554055936,0.00853614541661796
61,1.8062891058724284e-06,2.6147064610053013e-06,0.0,9.836843587692251e-09,0.0,5.292580400969519e-05,7.706644349752338e-07,1.0638907849238034e-08,1.79853041779175e-09,0.0,3.515104295277988e-08,0.0,0.0,2.960171459813574e-08,0.0,2.2435404128750843e-08,0.0,0.0,0.0,3.5970273030435715e-08,0.0,0.0,8.82237876378621e-05,1.9045620951425251e-06,0.0,5.912786536971069e-07,0.0006081480227443163,0.00038352040199339,0.0015726338086774396,0.0,0.0020424273084718512,0.00032664209079622295,4.849362619874461e-05,0.0,0.0,1.1864355581656705e-08,5.9015083837859205e-05,7.61370283878724e-05,4.5956828384145215e-08,5.694460166740614e-09,0.0,7.543950410798744e-06,5.8418876097456994e-05,1.824123693688594e-05,9.70700190778806e-06,2.6770381677672925e-08,0.0,2.8604849825652918e-08,0.0,0.0,1.585726549350492e-08,5.234081703558233e-05,4.714582281951539e-06,0.0,0.00020527241298767335,0.0,0.004381791686718817,6.808603329334901e-08,3.3305170177152223e-06,2.6106947603913034e-08,3.073917635320888e-08,0.014723570106921479,0.001819452153642637,0.0,0.0,0.002056631240360779,2.694555497609294e-08,6.477234208792874e-05,0.0008131625388113278,0.003998718762966643,1.3941701005180969e-05
621,0.0,3.3746015370742177e-08,2.6641524282979277e-08,3.8846992328674943e-08,4.235279370019164e-08,0.0,2.5771587484285246e-08,0.0,1.283389139813459e-08,1.8214557733946362e-08,8.755779140392106e-09,0.0,0.0,1.0593539963078505e-08,0.0,3.896222432359108e-09,3.986759253369108e-08,0.0,4.062882299879307e-08,2.1754052530258293e-08,0.0,0.0,0.0,1.4365000431421195e-08,1.4253762505207176e-09,0.0,3.381591483804032e-08,1.8399504023553157e-08,0.0,4.447067427355625e-08,0.0,0.0,1.2572068064380503e-08,0.0,0.0,1.9983866954571545e-08,0.0,3.099571863429856e-08,0.0,0.0,0.0,0.0,0.0,9.256083756244925e-10,0.0,3.332465012090525e-08,0.0,3.094888246586369e-10,0.0,0.0,0.0,0.0,5.979462361300749e-05,0.0,8.800296401438247e-05,1.989595193742395e-08,6.588537666542698e-09,0.013860948140562934,0.015013923794535354,0.00039386578816481165,4.116689512544486e-08,0.0008397891855047852,2.7800963413868598e-05,1.7338999564744266e-08,0.0,6.482424272846423e-05,1.5055981946073687e-08,0.002261195327447234,0.0,0.00457701797580352,0.0
622,2.7448572895422245e-08,2.4837771486159222e-08,2.313160969763445e-08,3.5129286360556596e-08,6.455262983685853e-09,1.6389920957099298e-08,2.9733170600761238e-08,0.0,1.744275148449185e-08,0.0,0.0,0.0,2.844426220327306e-08,3.693069944676293e-08,0.0,2.8931059447692384e-08,0.0,1.766531289118665e-08,8.570952142367853e-09,4.352757987987514e-08,0.0,0.0,2.984846714813307e-08,1.8756545851345057e-09,0.0,3.2778046788706376e-08,2.4624703649486085e-08,4.692537266032052e-08,4.051099861020905e-08,0.0,3.072962889216038e-08,0.0,3.258459831441721e-08,1.4136383128195836e-08,2.7242906744047916e-08,2.9019014719607982e-08,3.255859599400416e-08,0.0,0.0,0.0,6.690322823225095e-09,2.1070110202745606e-08,2.9544623964313185e-08,4.005666491938745e-08,3.534036564407041e-08,0.0,0.0,0.0,0.0,1.1813678846229987e-08,0.0,3.5984935877123366e-08,1.4156608836783834e-07,2.0062924244400092e-08,1.2437046266838115e-07,0.0,2.7762209383435928e-08,2.636625411945403e-05,0.0007667426174831071,7.333971943801842e-07,4.0623912598431304e-08,1.5662851412183555e-06,9.31615433735346e-09,3.865875730631161e-08,1.9109972312217014e-08,1.665522828677528e-07,0.0,4.254780052069681e-06,0.0,8.696396822388416e-06,1.0445624227775467e-08
623,4.505750893759911e-09,1.1251491242395384e-08,3.3601764937426745e-08,0.0,2.9230500175315238e-08,6.53994178098891e-09,0.0,1.8512301688380689e-09,0.0,0.0,4.453715733462396e-08,4.624631462994228e-09,2.7838408062960295e-08,0.0,0.0,3.89258397921842e-09,0.0,2.1070713775263086e-08,1.754109176233555e-08,1.3398659713716268e-08,2.6612841404789492e-08,0.0,0.0,9.634995029699872e-09,0.0,0.0,4.583084293082815e-08,0.0,2.0853041359454566e-08,4.867037035699622e-08,3.093486989501924e-08,9.637457324268873e-09,4.051489819164428e-09,0.0,0.0,0.0,0.0,0.0,2.159898731646528e-08,2.596310591931694e-08,2.3414502815569397e-08,3.444316677529434e-08,0.0,2.909229431508304e-09,1.2374797845518889e-08,8.0019173483009e-09,0.0,0.0,0.0,0.0,4.936183900281826e-08,0.0,2.8027912863549155e-09,5.0168470024123466e-08,0.0,4.097319538176453e-08,1.507431617661268e-08,0.0,0.0,1.5886864823677627e-08,0.0,6.019931252133987e-09,4.464635732483318e-08,0.0,3.531355848506019e-08,1.898679781324078e-08,0.0,0.007792880913372425,0.0,0.000531884298475783,0.0
624,8.277373780191197e-09,0.0,6.3187886270251245e-09,1.1426068393319621e-08,6.915064773754422e-09,2.741900871146069e-08,4.300405403778303e-08,2.4639272848851183e-08,2.6371714252822094e-08,0.0,3.380966173012828e-08,0.0,0.0,3.054443706771899e-08,7.416635122726927e-09,3.4090133633458694e-08,2.436173681052517e-08,4.118721796285113e-08,0.0,0.0,4.697370782123256e-08,0.0,1.8647831826150554e-10,6.832410900016813e-09,0.0,0.0,6.634522060385755e-09,0.0,0.0,0.0,0.0,3.5010200187127995e-09,1.3769631483386941e-09,0.0,4.377723818610706e-08,1.1953188960465823e-08,0.0,0.0,4.138665074876283e-08,5.2427742333763185e-09,2.473352269572308e-08,0.0,0.0,0.0,0.0,0.0,2.3647328276573243e-08,0.0,3.650431680997142e-08,0.0,8.899531359213597e-09,0.0,3.279368201293274e-09,2.801701692109651e-08,0.0,3.654086702168583e-08,2.8324362882391966e-08,0.0,0.0,0.0,0.0,3.1966514801243e-08,1.2104050668506031e-08,4.5323013052610086e-08,1.0574004781170654e-10,0.0,0.0,6.477858764993717e-05,1.7230133277183583e-08,4.425609353168816e-06,8.889352251042835e-09
711AS,0.00016782516533712908,1.7936739790741132e-09,2.473383560318946e-06,0.0,0.00017745131925284315,0.00018064060155006606,0.00014015916599834568,0.0003024010899411338,0.0003268268039104103,0.00021471030789639776,0.00024587645598782293,0.00017047894301424731,1.6157587834307253e-05,4.937477262471343e-05,7.030136318835445e-05,4.5219976373247635e-05,0.00023692014927791468,0.0002094183475826662,0.00014704155570894941,8.941209618011569e-05,1.927753647932049e-05,0.00034082453962534944,0.000545383361242959,6.190387560304712e-05,4.316711685194392e-05,0.0004385261336806969,0.0021878829384368746,0.0015851017514229508,0.0015033352287442592,0.0003708475646618996,0.0008218585929613091,3.3524951279329475e-08,0.0015939772106781608,0.0,0.0001618302252136723,0.00034226612697913335,2.9080568954478314e-08,0.0012398328320136875,5.1663878867866934e-05,0.00045128132283876884,0.059512182532408066,0.03610145330459241,0.0010276161626436896,0.0022885238138751485,0.001383532614585674,0.00025518838194224405,0.0017224848592442515,3.571473104026573e-07,0.004546451762742851,0.0010046984525859976,0.0017138641236751021,0.0022878953567111488,0.0023721643572356646,0.006154339160561187,0.0024458492614624337,0.0010788500486690732,0.0012763640691754628,0.0012842264868283349,0.001851331313177853,0.0010418793074840015,0.004747203272713979,0.1502083104522849,0.005847911900668701,0.000895908955509398,0.003891278355518295,0.0017345076550231368,3.5897066937593695e-08,8.687014100611215e-05,0.00035349890103666845,0.0009644834932543097,0.00015327041412807594
713,9.456814052177287e-05,9.735250298718034e-06,0.0,1.047975374494132e-05,0.0001982516083622954,0.00017557711845871048,0.0001689550534146307,0.00017011613325447204,0.00027210555530429357,7.870924430573797e-05,0.0001352424078967594,8.667618160824856e-05,1.2491617551882906e-05,1.919877241530167e-05,3.8418276091453875e-05,2.4286730299870732e-05,0.000174772707802833,0.00012239179377297312,5.9437722193789316e-05,1.575779553199561e-05,3.935068429108958e-06,0.0001333267332499362,0.0002778743692624449,1.6841395958758935e-05,2.5826308400913957e-05,0.00016526701717323346,0.0006305817058951731,6.267003433386071e-05,0.00035259033586489255,1.7152818225151314e-05,0.0006802837957062693,1.657940727492012e-06,9.523457482513974e-06,0.0,0.0,0.0,0.0,0.00010343319244809645,1.3378718799856856e-05,0.0001515794590276564,0.0001858371240215389,0.00011523290322747394,0.000631607096390457,0.0008004580879143307,0.000687197247285575,7.862818054390834e-05,0.00030350340583863,5.257209525570125e-07,0.0,0.0005326129631441863,0.0005714069625122228,0.001345731284077838,0.00045614120381708265,0.0023150557049170122,0.0010555622913587458,0.0005648843118763058,0.00034534315587763287,0.0008170339040356191,3.954775205811922e-05,0.00031160158719647097,0.0006578552538810211,0.0006706312619342848,0.0011482853471085352,0.001211079003553521,0.0010265793650254765,0.00010750690120347384,0.0025596659855784557,3.5264072738192456e-05,1.9501874449203787e-05,0.000963724384733557,0.00021684189978676512
721,1.96021620323473e-06,0.0,4.924550846399813e-06,8.270924950381761e-05,0.0010887360765714825,0.0014176029474352323,0.00023174028058823678,0.0009173646405037837,0.0013034971654650724,0.00047755203489927787,0.0008057314074399362,0.0005576001824295803,7.915882654403445e-05,0.00019971491040861894,0.0003077304604941222,0.00014444608716041385,0.0009843004860507697,0.0007822003996106095,0.0003569981124112145,0.00021836348625085722,5.033950684298696e-05,0.0007911155168633842,0.0021692103622243334,0.00010009053190068055,0.00017332560782582147,0.0010494343622503392,0.0016601763304316783,0.0001224836150703834,0.00019979973135615672,0.00018616193514807989,0.0002721913529625217,5.8446960017128966e-08,0.00018221258661323217,2.7633516806251145e-08,2.9885727231472885e-09,0.0,0.00022293432647699972,0.0015818208184850463,8.642420211979982e-05,0.0009992769933772352,0.0014817503592808475,0.0007726353106338866,0.005511606354350627,0.0053110103780324635,0.004618175340177543,0.0005149291661737155,0.002063172466303901,3.7237890280920605e-06,0.008878087293384056,0.003945088509383714,0.0029717567284076154,0.009130479260609645,0.00240181030315279,0.0014731665297179576,0.005269309532516796,0.004407275279215137,0.0024050314476669805,0.00357112863095209,0.00027630494842559793,0.0012055191858589864,0.0018154641465595101,0.0007969549912128746,0.001751883767220917,0.0009434404986022882,0.0036951568618951904,0.0006020957824128282,0.005945911363565643,0.003276122162119802,0.0006354111899441985,0.0016999809235993294,0.0005269788078019226
722,0.0006884834692404379,0.00012792962765700128,5.712453260240448e-05,0.0003082274995763695,0.0023094009116102557,0.0029972366102315744,0.00028918380355449425,0.0013845571444063966,0.0017213978613524641,0.0008308816164441365,0.0010136370326759674,0.0007540364853663379,9.28432818843894e-05,0.0004101803480330056,0.0003723468190858727,0.00021995609220556184,0.0011555511900350915,0.0009496531359913283,0.0005783226537717916,0.000575717722217029,0.000180825665611888,0.00126010685210338,0.0021237100096668194,0.0002274114794288419,0.0002227032935512235,0.0013936137345283018,0.004360625835922616,0.003118445175482856,0.0033337123305416916,0.003915897100559308,0.00386334918484975,0.03499402722487483,3.942137528466861e-05,0.0003108236240442445,0.0018465408775597285,0.0020383785521203954,0.0014133910150138592,0.005324568089952193,0.0016825133534294967,0.0009589726036542045,0.0019670484257202974,0.0007765733661663062,0.005021742242147719,0.008443578777847039,0.004981399012004958,0.003059458635297246,0.005265416928546893,3.1188063829845858e-06,0.02732257829093439,0.010909532952726023,0.005765478524587517,0.012722740264281345,0.007147775313275339,0.007634946503463229,0.010719253899770666,0.004436942567968868,0.002974146933992479,0.024504683251279455,0.022250102962251682,0.03025180707419503,0.016432860653407943,0.0031336144943451705,0.010779854586970524,0.04081663929709169,0.008286541550482474,0.0016209996333566025,0.0022830883717546158,0.0010889803518875174,0.002956773465119333,0.007610376349299132,0.0016207297777411872
81,0.0005087029546828438,0.0007366930223630749,0.0003210183211887198,0.0011127521799014794,0.0018664200330910869,0.0012623715401874392,0.0032893919133022836,0.0029599378556712996,0.006958024279239636,0.0038339925649539227,0.003780999992275097,0.0022006934867369802,0.0015246531459263855,0.001448394392872852,0.001298796674848507,0.001502581540436601,0.00195549585340174,0.002477293103979062,0.0022376537560070127,0.0020552329277648703,0.00026292256904751664,0.0059685231539318715,0.0040583790874013865,0.0014436504889692747,0.0023179696958013376,0.0034933147398717953,0.009225352458946744,0.007085572588172965,0.008550492442685515,0.007646926891082514,0.006245180687298149,0.0026084103776040698,0.0012454372073395841,0.00721682922965884,0.018265373315097665,0.027875589608574503,0.00931112300417543,0.008613012708381346,0.004871103537653712,0.0029460652705224216,0.0012027929819292066,0.0061193634245291,0.0032232780683903645,0.004016068494924182,0.006347954064243379,0.004861122999982755,0.0007747509397409861,0.007981708043519024,0.0033661008621491783,0.017295323946833665,0.002309592251159001,0.0037974689693683257,0.004394228816818954,0.009983781718150285,0.015206087390567958,0.04019261235620477,0.0065818731408176095,0.004901698011026547,0.011203693000091695,0.005427050518707636,0.003854309240434725,0.0048055917795464444,0.009045281240815392,0.005068485776098414,0.009952896664469885,0.007052233323328383,0.005375477527512774,0.032815141222362204,0.005201666447507044,0.013988657992391374,0.00918481632622322
GFGD,0.0,0.0,0.0,0.0,0.0,0.0,0.0,0.0,0.0,0.0,0.0,0.0,0.0,0.0,0.0,0.0,0.0,0.0,0.0,0.0,0.0,0.0,0.0,0.0,0.0,0.0,0.0,0.0,0.0,0.0,0.0,0.0,0.0,0.0,0.0,0.0,0.0,0.0,0.0,0.0,0.0,0.0,0.0,0.0,0.0,0.0,0.0,0.0,0.0,0.0,0.0,0.0,0.0,0.0,0.0,0.0,0.0,0.0,0.0,0.0,0.0,0.0,0.0,0.0,0.0,0.0,0.0,0.0,0.0,0.0,0.0
GFGN,0.0013209241090931375,0.0005116696299105908,0.0027548116742355127,9.606492040219982e-05,0.0015489915156813843,0.0017399418040792314,0.0008403894377808593,0.0019198727578237525,0.0020225074452520446,0.0020281497288601805,0.001717131467033151,0.002941502245323107,0.007473794495977499,0.0022794794403450313,0.002702455489125164,0.0009694981960784281,0.0013643665630897511,0.0021237912571472634,0.0018784631295995582,0.0016283435669104589,0.0004069097490703929,0.003097658059709891,0.0028154499771057043,0.006079299541899667,0.00200795478879004,0.0024213737931072813,0.003372045582269277,0.0001910283869617695,0.0017763922000220136,0.0029946133299761013,0.0025208095690987366,0.06670360723414435,0.0009576339610927664,0.02584034800772455,0.0015880008490374868,0.00010279241289774483,0.0015196712275833881,0.0024110062355583986,0.0005429352482008988,0.0013758947420302343,0.0017894620333329839,0.006350688002939179,0.0011747635920202545,0.0019265309028915197,0.06586312501992715,0.0012990291452538707,0.0003342817334364934,1.2243115740929007e-05,0.00022934231501951376,0.004952570660012975,0.00021868261747608273,0.003510130198060767,0.0012088443044055484,0.0027180731370017356,0.0012033853732721718,0.00034463187771136705,0.0007904894853931544,2.66721955185249e-06,5.037106802289599e-06,0.0012982397740310945,4.024332309845588e-06,0.0023804791592352157,0.00203275704603709,0.0034999261680847228,0.0024419174793504713,0.003502669133401274,0.01255489159148938,0.003970834890753672,6.891520873406494e-05,7.70470374053087e-06,6.735047029434435e-06
GFE,0.0005583700841132278,8.870891712858246e-05,0.0009121125861994333,0.0015359674152891133,0.00014254411418453805,0.0026336809343133704,0.00019909661835981074,0.00041724235932800514,0.0010762070905143211,0.0007307343869900926,0.0006945085362652075,0.0007610428509531197,0.00031781131838341917,0.0010690405677087052,0.00017354451839402378,0.00031439104005491866,0.0002946199876180138,0.00027342570644225733,0.00032967125765355514,0.0005441757386946962,2.6527890867687246e-05,0.0010378500642343903,0.001079950874912301,0.0003243376574318801,0.0005732403932243598,0.000641130595454725,0.008838619924350574,0.003191849059085356,0.00365174342085327,0.0022301561924428785,0.004875647802753338,0.0003208470451215673,3.407109887248575e-05,0.03559086376712005,0.005593268251988873,0.0038802399385086594,0.003082860425921275,0.0025873681395527956,0.003778747318923779,0.0005992707592164135,0.0013505865226996888,0.0005297319863624394,0.002320765828145624,0.0018051867983593668,0.00825232613775058,0.000858386711744662,0.00043779523236636215,1.1144762412906568e-05,0.0010729734132793563,0.004204448173090411,0.0007417943135916543,0.0008354688937002153,0.0009207365042591293,0.0006473115985125437,0.001077877129817188,0.001360257009980996,0.0008037957273690948,0.0011228002442958864,0.003279549291552864,0.0014072013161163877,0.001994827259957528,0.0010439610524121984,0.0012391463762389493,0.005270837096410842,0.007389628892840878,0.0007441409755762239,0.0002216789577319345,0.0003684753367176881,0.0017666306812958998,0.0013113823327462256,0.0006760659937525678
GSLG,0.0013945076810344323,0.0051036606784763015,0.0001727207211471467,0.00019035154049628128,0.004007902293106295,0.0039854968978044495,0.0006715893751078144,0.002819150864458427,0.0005345693509782569,0.04222148313626153,0.0007658216262381385,0.00010762877495885011,4.2139766661992786e-05,7.477464005954582e-05,4.5018834284225425e-05,9.514251224044124e-05,0.00019498633567225106,0.00023086723653853298,0.0004262556735386853,0.00029152071651573794,0.00027910223103316253,0.0038582385304800817,0.0002605631282356316,6.699191981845987e-05,0.00022403140809992391,0.00040015699190623416,0.00042005533257530705,0.0004821671707200655,0.000866239400308012,0.00015144387411028748,0.0010169403056825334,0.0,0.00023611753366854297,0.0,0.0005184450466958656,0.00024436964756320735,0.0010500756223804056,0.006909497124726028,0.00020195115703085207,0.00015049052926406427,0.0007224581228241447,0.0004655457486228428,0.00032143033801553005,0.00017636649793252424,0.00015182082194281862,0.00014589827765668645,0.00017659167666652205,2.185518863788922e-06,0.0033884942060919726,0.00037530879652411444,0.000193353035172003,0.00029338324634142684,0.0002291076715991439,0.0005207736475591626,0.0006092999561588573,0.007091672889594352,0.0034980968881037767,0.0006756720220592192,0.00098914674292168,0.0003792571496932833,0.0002631982492670173,0.006715902322661645,0.0021944946473868624,0.00046277082363341954,0.00048587160646018564,0.018904072484286404,9.341213738730889e-05,0.00033409840391186474,0.000593497602292561,0.002679826565434529,0.0010205717874981794
GSLE,0.003646114811062771,0.0003530120486162149,0.006089391201021975,0.010222130936619566,0.0009189079665480762,0.01748645793846452,0.0015650640894306499,0.0037177485539875853,0.009079523459462117,0.004981116097288055,0.003870634766232386,0.0021816362062374167,0.0014432669822804615,0.00204417359568952,0.0013636094982354121,0.0024902424140898424,0.0030720794484842317,0.002125510626048388,0.003383811298907943,0.0046456924117539095,0.00025481703198094254,0.00857559999898382,0.005425750771841702,0.0023814875339171005,0.0050870877889982544,0.0054087851309390705,0.005232173310036933,0.0067923258951058385,0.013173718250687463,0.00948724711907055,0.007920144485151923,0.007460587844970847,0.0013064113709560174,0.0045852526148815985,0.010629437831559604,0.0024422559748158174,0.009333486392387553,0.00814057096342482,0.007456849771335131,0.0011447821613783723,0.0018777228858540102,0.0034414703679840624,0.003628471767845996,0.0018081243515837716,0.002414791246556685,0.0008949769334416695,0.0022125697557532353,8.667362976495483e-05,0.0089591548174346,0.0056160565608461945,0.0027911469386354363,0.0018470235642391011,0.002676369041950267,0.004519397987081804,0.0030683308425685204,0.012081695757115422,0.0051285031872755965,0.003032003201566488,0.004963009968046583,0.0073902332896577565,0.004127816989888636,0.005273349057029624,0.007899577405129069,0.009369081116149943,0.007718348311559237,0.00485438203991144,0.0036929740173639505,0.002081774541438478,0.009328007626191648,0.006298534495500528,0.007153769648194919
