bea_code,111CA,113FF,211,212,213,22,23,321,327,331,332,333,334,335,3361MV,3364OT,337,339,311FT,313TT,315AL,322,323,324,325,326,42,441,445,452,4A0,481,482,483,484,485,486,487OS,493,511,512,513,514,521CI,523,524,525,HS,ORE,532RL,5411,5415,5412OP,55,561,562,61,621,622,623,624,711AS,713,721,722,81,GFGD,GFGN,GFE,GSLG,GSLE
111CA,0.19017284570768467,0.013361524214781857,0.0,0.00037438139529643124,0.00013667325360423158,2.5791724950668356e-06,0.001001102299980665,0.007929078633248274,3.5836738100448933e-06,1.3446763535601413e-06,1.726167172701379e-06,1.1903359266916606e-06,1.8475306344237635e-07,6.416036766216849e-07,8.339166248404269e-07,3.404707947178892e-07,0.00010128535736568144,0.0014461408516431068,0.2123243719057681,0.03867518910855617,0.0006918982922500013,0.001271088192890438,2.6665663241052353e-05,3.031000078704652e-07,0.014414520224964419,0.0004899523980547219,2.5469634692512603e-05,0.0014786972586195565,0.0009613338574305711,1.9485600900110575e-05,0.00021933576461769934,0.0,3.0854228869912335e-06,7.368381050597559e-09,5.572480211238588e-08,0.0,7.3375332028528245e-09,7.982564467261571e-05,2.3309444079268897e-07,1.5337088618762366e-06,2.848411712296297e-06,1.435598614506401e-06,8.683617428352945e-06,9.837878513529971e-06,9.816587659137532e-06,1.14817996656915e-06,3.870516187521794e-06,1.651932132219238e-07,1.4565408639468978e-06,6.406725577431035e-06,8.801861846255752e-06,1.4732333388995778e-05,0.00030530512159796647,6.79735790224342e-05,0.0012550668322851934,6.504761231650912e-06,0.0004166140775662313,1.034397018882824e-05,6.152361264441712e-07,3.975943075590469e-06,9.916132931728013e-06,5.8872478818059956e-06,0.002108575065834509,0.00022601821582296958,0.004666174756628063,1.5012642966793571e-05,2.0311367994689184e-05,0.0,1.0704290663824247e-05,0.0014704127981070374,2.0133468354390235e-06
113FF,0.05420706343240635,0.1284092210623795,0.0,0.0009310121071121637,4.277337581702047e-08,1.4849894632009575e-08,5.3715620421816837e-08,0.10222126614806461,3.1037423311840526e-06,1.6003093540679256e-08,0.0,0.0,3.724941056554346e-08,4.4545960929483985e-10,4.411975621519872e-09,3.062546059240862e-08,0.0011963554180180749,0.0017192292950913438,0.007449963425422209,2.504447231447894e-06,0.008940248305160834,0.016384115129497317,0.0003055328283399872,7.535891547999471e-08,0.00038545546139566895,0.00629646214354971,0.0,2.9886727594945524e-08,0.002446228206357139,0.0,0.0,1.9902266979125724e-08,6.834926281596234e-09,1.5328313294537712e-08,1.4672354258592757e-08,1.7798679180534412e-08,0.0,3.306455635895998e-06,2.5089471534798314e-08,0.0,3.010681591512953e-08,1.760282823944505e-08,1.6046581471428472e-08,1.581259438683205e-08,6.145734168991577e-09,8.514876264622766e-09,8.671033968072974e-09,0.0,0.0,0.0,0.0,0.0,7.596438249639649e-05,3.0379381425970847e-05,3.0068665056445128e-06,1.1940762156446262e-08,0.00011623077683249527,3.095923351242188e-08,0.0,0.0,2.1207438413009235e-08,5.093585054446865e-09,0.0016891764360153052,0.0012356528306578687,0.006011040201375764,7.57928874509485e-05,7.807139562601993e-09,0.0,0.00013607033075098334,0.001634141787300533,4.384668358504438e-08
211,0.0012110919347460122,0.0003083543000043702,0.10014874376559901,0.001580489144604537,0.0007232151607507606,0.043953935718982866,0.0013646002447810389,0.00048725753948187047,0.0003071855698392175,0.0004442401645952221,0.0002430464768574239,0.00020487433342395865,2.8153719514550594e-05,0.00033059052239558606,6.0973158885168586e-05,2.685696001956927e-05,0.0001809524698322018,0.0003632559500495907,0.00016445547780681734,0.00013247629694791677,2.2439471274875315e-05,0.0005134683201949378,0.0005262787286306932,0.4910189227734413,0.0094672742253175,0.00027509886339022725,0.00012270193269576295,0.00026272896751713563,8.910883455673577e-05,7.549813775257184e-05,0.000123077128759686,0.005111107431712856,0.002640195164092319,0.0026686803255726883,0.003094904272047649,0.0012105909986652587,0.00038519094270868774,0.0023311830421606215,0.0037302826118208307,0.00051251819401914,7.385652919903376e-05,6.283511083317696e-05,0.00025047696267748544,0.0001972386449712659,0.000300904978591906,4.655861749472431e-06,0.00017301705285311801,1.775742867432087e-06,0.00026255780332243035,0.0002328177733020406,8.33141118132665e-06,0.00011031053401292072,7.181363996204272e-05,8.433049059358641e-05,0.0003216052654408817,0.0011029097023441152,0.0024905546404849184,6.0558390657315665e-05,8.976330595986355e-05,0.00018313463141028546,0.00028664314246919253,7.716733234612157e-05,0.001024559453149337,0.0001405315106353887,0.00021262600140968768,0.00018463040071757655,0.0008056472063558577,0.00011586262701941447,0.011608865296704194,0.0023363886147573583,0.046393005826975565
212,0.002816861104421856,5.432518040115324e-05,0.000360368088199985,0.07917530724586319,0.000940478194317971,0.007388344400944975,0.008230866158518813,0.00016231684688131656,0.06463778207416263,0.047349090467535986,0.0016129060505881993,0.00034551848249665814,2.4296841385436406e-05,0.0006249064756642574,0.00016750980032751147,0.0001386703893151202,0.00016733045309499803,0.0006550155172382672,0.0009083599792222024,0.0009843813644592734,1.603616219565855e-05,0.0046852984670160205,0.00012222238600343626,0.004565975798045801,0.006241832535057519,0.001034079629719071,1.4288792362267797e-05,2.9884405495661755e-06,1.2167430259281402e-06,5.478963983840846e-07,7.173274830614533e-06,1.5743539426613917e-05,0.0010033269391930663,8.255885296436704e-06,2.4749616835362888e-05,8.215933552599171e-06,6.670609575453054e-07,1.0332562818980213e-05,1.4263287827669368e-05,4.1617252001850775e-05,9.519748780085424e-05,0.0002952621978756607,0.0020144286762186904,7.307283357333634e-07,1.1934007905086168e-06,1.7644525402454126e-07,5.047576616714033e-07,5.401576832560895e-06,1.4488281663686626e-05,3.822308341210546e-06,4.494548245608279e-07,1.67577616310219e-06,0.0006164919725967087,4.568217803285904e-05,0.0010476388024876961,0.0004566645217123359,0.0013974367114028454,8.503079185969671e-05,7.114278532159762e-05,0.00017336382691227252,0.0005117314376058689,0.0019756418259245846,0.004687208491423066,0.000469318111802501,0.0005365705259760443,0.001951184196152639,2.095026420377268e-05,0.005429237485126105,4.791592594211075e-06,0.0007355919004942357,0.007395311085323109
213,1.56207741566481e-05,4.201184717426459e-06,0.0600706917635401,0.024615757193500728,0.023997221030080396,1.699590220600248e-05,7.189129114421035e-05,3.0888770455154285e-05,2.0869993631707037e-05,2.5270769324802275e-05,0.0001277035842950417,7.222161734254212e-05,1.9275057066807793e-05,8.738449198837361e-05,4.274972395458618e-05,3.822672197987757e-05,6.195291788688087e-05,3.483089547874536e-05,2.083532064936547e-05,1.293457415254207e-05,3.409140318042589e-06,3.885378783448517e-05,1.742817622061088e-05,2.2003097074358462e-05,1.7817635448302565e-05,3.542308903088357e-05,2.510743655440514e-06,3.2394447222988646e-06,1.848109987717437e-06,1.0927195221435943e-06,2.682063696343993e-06,4.936162387138886e-05,2.969436444935888e-05,4.14663699719899e-05,3.448279058190059e-05,1.555059621970679e-05,2.6053014983134697e-05,2.3035044736924674e-05,1.625462969010908e-05,1.6993963084459295e-06,6.252734258906736e-07,1.3113646478320537e-05,4.633129117176923e-06,2.1823600135213676e-06,3.2534861538210514e-06,3.424169544870707e-08,1.8495365303084885e-06,1.9761831076201325e-08,2.505676969374382e-06,7.222486205428594e-06,1.0978806734433163e-07,5.540008821447805e-06,1.7454780176724778e-05,9.614747635963462e-06,5.514791619873598e-06,3.427631940140141e-05,3.859979904884297e-06,7.11280509934416e-07,2.9024044591706108e-06,1.7495993029253555e-06,1.4396631864260893e-05,8.396670369922082e-07,6.70018123792317e-06,6.875401123823445e-06,5.953167669437565e-06,5.791232114724739e-06,2.04810432000391e-05,4.964303265648906e-06,1.0454345071114371e-05,2.4125005645051006e-05,4.5087283244802325e-05
22,0.017148821706946805,0.001091700046576979,0.021967931266679726,0.03589673336192205,0.002654905110540633,0.05504447176769678,0.004849495713306003,0.012015445670044325,0.022348893324587334,0.01839808609972707,0.010355076541722226,0.005069533607460393,0.003530483167547637,0.004794583670631852,0.0035950214289192303,0.009135607022124077,0.006464852855247949,0.004227758135473723,0.007270787442537346,0.013210102329585081,0.0012398539882594387,0.02329549285010715,0.011061710931546094,0.010263656996297653,0.013271966846908309,0.01571737910024229,0.0067104195547374144,0.015386084483097364,0.034130694978124376,0.0281932585933907,0.01581383159425676,0.004220474802874391,0.0005855739023385878,0.0014681353373743194,0.01030014013004864,0.003112569065755667,0.017692391693592793,0.0037013268330054953,0.011926467878319916,0.0012700674575365912,0.0022954844465183717,0.0064177576363791886,0.007286268822977763,0.0022427438967556204,0.0015716588971780396,0.0005453909268342235,0.006505355316897841,0.00011720889064090568,0.012204426256995938,0.002752972359860254,0.0016331257854633884,0.0011550445340832661,0.0019739852295327116,0.0070703496596116215,0.002443419412712556,0.012148139912248815,0.009381465715225398,0.0027861882681823,0.006114959852382492,0.010341649798138279,0.005021093922144898,0.004672708907106607,0.014423084927735134,0.01422699463586397,0.015653361128952745,0.006869014001879881,0.004251341737727783,0.0025055232892814395,0.021154212579806042,0.00936274039052308,0.00776905990267268
23,0.00412867845759238,0.0005847745238438877,0.0008087145040917872,0.040082084531059894,0.016095335919742586,0.008835507957734383,0.0002359957154615122,0.004623112773565821,0.008610910788212477,0.00626777971550153,0.004899553558267254,0.002905144809590863,0.0018055091935658524,0.0019906598920544647,0.0016428001112154024,0.002271048414511464,0.0025856553408518364,0.002679301066825199,0.0031019242412028774,0.003171700707743983,0.0004060146033841827,0.00778677906895371,0.004645916808062231,0.01288672217601925,0.0037785411477711636,0.004818642540913683,0.002694500952260988,0.00743093689851284,0.005673776253132686,0.011143545567098359,0.005313841053966201,0.00092527740454826,0.029660366164990265,0.0004519028512416664,0.00180732406245852,0.005413987461849875,0.013358351361092514,0.0047218509691140335,0.0048202500541738285,0.00038622336253219745,0.0005927991920998208,0.002800535027060925,0.0028093329864978785,0.005352251159132501,0.0028239346123981653,0.0009683710881799375,0.0005529685792287921,0.0285246914107514,0.020551976894225915,0.0030988899940127277,0.0006775518319805927,0.00014350479212925564,0.0014617954935265392,0.0017577429925755654,0.0010026614677316331,0.0019428024371289702,0.0016850925617604223,0.0008547714332432843,0.0018156735863763208,0.0031612501258008316,0.004291338304850064,0.0013018241011493617,0.004973658610201723,0.012258382297955124,0.0037273049770157824,0.005033129554600646,0.014851088882607255,0.0026689292100582464,0.006357708750732011,0.01513392464133001,0.16252159227110902
321,0.00125200388507215,0.0013722188507392413,3.9939325154134715e-05,0.003953669041682914,0.0021515025038776,0.00031994605789086754,0.028216202569551683,0.22082573916976334,0.0012296404646194971,0.004919567190899918,0.000768003348761749,0.002005035134866185,0.0008903560180919596,0.005630973908032593,0.0047140139802847696,0.000729143188528079,0.08788439757571036,0.008926020699856273,0.0002905418970736466,0.000969535685162949,2.4282057085205817e-05,0.022745415716990947,5.600530175788091e-05,5.337964545302254e-06,0.00028820096647261544,0.007194910168934241,0.002905239819651374,0.0005331977589169009,0.002194585662940179,0.0004878005828867916,0.0009726226007518243,0.0,0.03955588737608027,0.0,0.00047268378319846366,7.622443088131666e-06,0.00011898807174467665,0.000583752401986194,0.0006712391979697401,8.180350770924036e-05,0.0005158313910566252,0.0009037623948486796,0.0019924577315253112,0.0001398195654473073,1.0531569828316624e-05,6.644191377540204e-07,2.3458212474315984e-07,3.8628803369167716e-05,0.0034068047009931947,0.001337443144233154,2.7240443236150958e-05,4.985240562147822e-05,0.00033058846828402445,1.773987522711422e-05,0.0007500595595172796,0.0002058385066579832,0.00021529675769027073,0.0004103596003394212,0.0005589167876054003,2.053285110609624e-05,0.003057057525391672,5.2028307893967535e-05,0.0014094589049125,0.0025786116538581536,0.0009943569905629325,0.0017253517988346353,4.20445852370619e-05,0.00016880143388310796,2.6991686347543547e-05,0.0014830182952092466,0.0008465362177259378
327,0.00010049825896176268,5.930383671366273e-05,0.0038966270084073995,0.005133615245136095,0.005117173918081982,0.00011874904132493184,0.040699634319955255,0.005791010994274142,0.10789186605513312,0.008031735099552033,0.00343082739903122,0.00347138017342775,0.0007179596273975423,0.010813259184456435,0.009912331093284509,0.0006843199996720404,0.003243536415322515,0.004080599496860956,0.002535681873548215,0.0005834631238237189,0.00024157359459037214,0.002033999055285501,7.290155062443995e-05,0.003082406827221792,0.001562836817910795,0.006691665800380192,3.503986497383634e-05,0.0008650867331810904,0.00017052671464616798,1.3087668862596486e-05,0.0005480562263967503,1.7279007414695165e-05,0.00017254349758427938,8.231600999939648e-06,0.0002714819744455561,7.62992305423786e-06,4.1249111946943864e-06,4.753044164407181e-05,0.0003821007002512551,3.4275460267541563e-06,1.1049939868260974e-05,0.0026961516810541613,0.001121877338340086,1.7074170157433553e-05,3.294464335524235e-05,3.219188149055729e-05,5.575490392632938e-07,9.836995669905538e-05,3.311108113952387e-05,0.0016422201041417462,4.91582724209243e-07,0.0002591486429278688,0.0018917697213583476,5.415284925288445e-05,0.0006466999314504382,0.0019874730054468275,0.00022432717334847568,0.001659871352235398,0.0023908761246572673,0.0004767508194055534,0.002425802265367417,8.43513313952329e-05,0.0008365760162757654,0.00031121386990716975,0.0022282450597509162,0.0015206728387865203,7.761008966556384e-05,0.0015976133350316662,1.3620201898814648e-05,0.0005941583289501163,0.008141377551166222
331,0.00032484417582408535,9.858490911022e-05,0.020525013602391035,0.00610101454352154,0.0029814473685170714,0.0005127643262804102,0.0033983097945542353,0.0021489543979203427,0.011730679632244596,0.3085207975508263,0.2117269875528806,0.09922804465104826,0.013166973379844928,0.12082581842580734,0.06763582454774841,0.015656888660549623,0.04088734391153911,0.037568649953108844,0.0017179076411082321,0.0018520842585881445,1.4283665971071157e-05,0.005982235901891826,0.00033071241736178336,9.01641524924198e-05,0.00016106882176886248,0.006783450396202235,0.0003479176785613477,2.2360888570709216e-05,5.996570425045348e-06,1.1152844928239488e-05,4.28258289433792e-05,4.6781184743774605e-05,0.007822994431452351,0.0,0.00011143194568406953,4.032233636361984e-05,0.000124125297505128,0.0010977893547435673,4.6506087352179524e-05,2.5483348780462265e-05,3.609431754544281e-05,0.00044065392703202276,0.001191425929204358,4.990495172256065e-06,7.355813341140065e-06,4.222336934728272e-07,3.899664518742782e-06,1.3910305279713615e-06,0.000914277548940898,0.00022332182953869174,4.6940998827675094e-07,2.56708512868222e-05,0.0007018323225441947,8.890529026943048e-05,0.000525892188674549,0.0018189212868428874,0.000619146333146421,0.00013091888387545869,5.040830803641921e-05,6.455790152668182e-05,0.0013146273709900137,8.96198739184599e-05,0.001975079351698833,0.00010771831956689309,0.0001725626227322419,0.0029453923716607016,0.0006540402065738317,0.002629411906083963,2.593075043368874e-05,7.713929824453337e-05,0.0019029453724076536
332,0.0038177087915270136,0.0017005000252823818,0.027400330040897616,0.011159697556964736,0.007991183612550683,0.00406388217259048,0.05211215014147945,0.024576508964020853,0.016333386354989526,0.05352032737148797,0.11272504718959142,0.06370016816899729,0.016856831315973476,0.07535458703434213,0.038752665927918026,0.03349506880895019,0.0533243472374101,0.028192187276881282,0.016914303155702786,0.011108368252352705,0.0029902816476594643,0.03032339869743938,0.011228022825928233,0.0019409965875691168,0.01012299265327376,0.0296862404334156,0.0013943107416007512,0.0015219154848899218,0.0009011941621615972,0.0005626689403765384,0.0016966890292779765,0.0006018706702512226,0.0043376253123880906,0.012914709331720065,0.004842208900852984,0.0035640847630899115,0.021389991104047337,0.005190025380829865,0.006010213644962518,0.0012847493252494061,0.00031384768483984756,0.011149063144667935,0.003622753123323049,0.0002737705259514165,0.00036364211509757065,1.1240687229472477e-05,0.0001737053775584884,2.8918162361755618e-05,0.0006397997938235876,0.004428903674659557,7.297934706217284e-05,0.0039451238187513055,0.0025237296629400507,0.001081090825722508,0.0022495475543672593,0.02282002488456647,0.0024211885879019176,0.00036019267788949585,0.0019877788827583707,0.00015799876286542967,0.010564749400539348,0.0,0.0035865879777094174,0.0048652737424669,0.00346985324617515,0.016630412427399426,0.01130307039068413,0.003498889310613948,0.0030085555158282495,0.0018180833436777025,0.014842603277751044
333,0.0054163963588359015,0.0009384135401189496,0.02857917646271916,0.03543348998813452,0.028577124564481245,0.0020096887676372046,0.019396958603033553,0.0028835822907126597,0.0008740162376630025,0.008894991462333631,0.013369157221233746,0.0899566119256533,0.0011783513902832391,0.014893306542934946,0.04581262700394325,0.009343451575021595,0.0016242215475872437,0.00547122208501163,0.004558330685022984,0.0006438567130005448,0.00010434879002785439,0.005596513471942917,0.014983845267656316,0.00011654260800606141,0.0054405662079632456,0.009267653406276546,0.000871289073932215,0.0007892131563405206,0.0005631364623194061,0.000501653735977381,0.0007024482699245993,0.0,0.0007723495864995497,0.00011927991011390693,0.0011504621395363776,0.0005777405957372218,0.0007898378941420084,0.015952996171177188,0.009378442390500738,0.00012192060282013566,0.000151591483441305,0.001375592443567042,0.0017196792143228147,7.526182897003148e-06,7.093290746933595e-05,0.00043961346644648695,1.20183778034199e-05,3.294530992710477e-05,0.00010006607693515436,0.0019031853187384095,5.244343829303178e-05,0.0030703060651425234,0.0011162281329816176,0.0006522695604693833,0.003510806427043449,0.02992847140319022,0.006572494471399973,0.0008734788376331882,0.0009007872624084778,0.0006116472856332835,0.0010660561120894353,0.00014613127136517827,0.0014575838993412555,0.00019524697418681763,0.0008250499614384965,0.0077861964663523886,0.0029452164617314457,0.0011570789955765908,0.0005603298422928487,0.0018462547195634033,0.006527599124498296
334,0.00013442693076224719,2.3926287790221915e-05,0.000277277161304516,0.000315764823933891,0.0006380449748622574,0.00011105121674684311,0.0038996417383186416,0.008058371840232404,0.004623810060231346,0.00575736331182694,0.01435722948332206,0.017820447013531148,0.0998882570300369,0.027671962392841542,0.030916173118949432,0.05368464786309316,0.010391723885370574,0.012886017199001044,0.0025422999653696285,0.007069997108309791,0.0019396607403344575,0.0047407313271714425,0.01355727423941557,0.000683035506841509,0.004468431042624434,0.008701800571864853,0.01740765711755408,0.0044173362861565845,0.002047214793019291,0.0023899788231693964,0.0015668204968800473,3.191583627699579e-05,0.0005818264179207409,4.617810753084706e-05,0.0007561606757573032,4.45074395401019e-05,9.562223421193588e-05,0.0003116693179273764,0.0011778410534151159,0.004764539208138561,0.004430783573648023,0.018987675818993015,0.016270816288315986,0.0005301457707224498,0.0019427258425365292,4.277112874300406e-05,0.007053073578430779,8.946209823842286e-07,0.0003073540196403128,0.0005262180059582219,0.0030854204801862507,0.008600938650721484,0.0047905574051504505,0.011573077571225042,0.006136638774075387,0.006112688664654979,0.0038082429543324567,0.006965845466465775,0.001205387902990493,0.0007092173171690313,0.0030857683451485057,0.00019002019879651817,0.0013672768978152572,0.0012962371087591926,0.00025684921250864563,0.006055885873766103,0.02467298147876826,0.012129996904617064,5.862042678339787e-06,0.0011405155374291697,0.004221735971225165
335,0.0062372281931755815,0.000893225475892221,0.0007018487968265315,0.000519160877834791,0.0026197235615078632,2.097542119827249e-05,0.02301963369559095,0.0035453554633727976,0.0008769793110689863,0.0061658242929604505,0.008289514120266218,0.03819523379363379,0.005967747460358037,0.07778840084842187,0.010018039818553145,0.0034300125390623972,0.0013842445898580695,0.004916522040521783,0.0014723094991821188,0.0009451017317272475,5.090265507870452e-05,0.0026273700547705912,0.0010305299670471894,0.0002100158932611909,0.0012902437475104367,0.00395609408018325,0.0006254866336873886,0.0012811871232574399,0.0004347103616169777,0.0038011367203786223,0.0003734855277675549,5.995748487955527e-06,0.001960263313601334,0.000749474706251775,0.00025880912426486043,0.00157792930605219,3.7424974593739824e-05,0.00016334497866658646,0.0009263695589976842,1.4260846554275521e-05,2.868493127446371e-06,0.004576147948057597,0.0005378101235081188,0.00010955279165398866,0.0001166887100984836,3.918465352118795e-05,3.5573433436636715e-06,7.939672795035978e-06,0.0005685783414931164,0.0009539633661977617,2.2343806291208937e-06,0.004242755211459991,0.0023198693707512457,0.00011740477775423736,0.0016145095127561367,0.007130616584346786,0.001011363800237659,2.1243630830963065e-05,0.0010153389124989822,0.00351303068686735,0.0022627164167863785,0.00024064423649782115,0.0027617483778321697,0.001996927319243308,0.0005967850031807925,0.004323211279357679,0.0032954816756235717,0.010031758778641209,0.0006167408569524762,0.0005426899790692061,0.009076654043948416
3361MV,0.002658463671661642,0.001505680491927096,0.003455608716070955,0.0076416704863857595,0.003127854407690336,0.00034581839405376126,0.0013816891803642413,0.014628280507309443,0.003760360385629458,0.0057942863145872955,0.003998516257960146,0.027459017567811456,0.0022141137584844326,0.0053064776400563105,0.2861482416137301,0.011250688466179612,0.005795662944342725,0.00462897082842583,0.004359435379250543,0.002986360958424614,0.000854938470014697,0.006902900951911441,0.0017580991880217028,0.0003714764703294942,0.001453312271513449,0.0025549734793794666,0.004231645642280566,0.008740858425903051,0.007215515717417869,0.0012927488433910124,0.004802037798490512,6.246922835883655e-05,0.0009434461111304782,0.00018759217981340485,0.016431717931120075,0.004843264899718958,9.89281897202686e-05,0.000999785810159185,0.00964405447858478,0.00033469917691508045,0.0006241878471521474,0.0016479117041267547,0.0008433772786146226,9.27436888345771e-05,3.846826055978854e-05,2.0126930682886757e-06,1.6576104617532047e-06,2.1949954087806085e-07,3.0053568067181407e-06,0.005279679154808899,8.815049238306161e-07,0.0001655035742779003,0.0012797307452643962,0.0009765233037032807,0.011821545782267132,0.010261771023895262,0.0014341743962652264,0.000594978440027813,0.002315005846672826,0.0007100576620719211,0.011087904447110105,0.00042076537832166005,0.000940860695947602,0.0006578825537085519,0.001505014673803038,0.010481789196358789,0.015637048013781775,0.000630757076358961,0.04071001391301332,0.003716002654642007,0.003874743196281177
3364OT,4.855911837028061e-05,0.0002724099540673086,6.94697254991679e-05,0.0001661352019907235,0.00010390861299079488,3.746013596091286e-05,0.00015119440030389558,0.00022104195695502656,3.906260135572811e-05,0.00040454883242821324,0.0003225854175105174,0.0014162253845555264,0.00015340168951997747,0.00034440212489620373,0.0033381301627827442,0.1919974934829396,8.329321987577174e-05,8.914119999529367e-05,5.8226220224205206e-05,3.154412695603386e-05,1.1893345675851044e-05,7.89230903552825e-05,8.32486184310234e-05,5.978851136055031e-06,4.3200798298816205e-05,0.00012634789990576868,5.574362070099516e-05,6.312520951823061e-05,5.069114931090252e-05,2.3449911710949895e-05,3.547992808604705e-05,0.005648460347327389,0.01387881888508477,0.015991117464153035,0.00010054691084263044,0.0009997130124408543,7.94363267625061e-06,0.00824232643000759,7.542948360415352e-05,8.040434196352096e-06,9.442686858583131e-06,6.381216783213303e-05,2.9220746212546186e-05,1.5394092473231242e-06,3.134456131740511e-06,2.0023451271299363e-06,8.073413985809221e-06,8.418297156735321e-08,2.5962982570247405e-06,4.103387135472413e-05,3.7068820657228665e-06,3.124259546448966e-05,0.0008103411455234347,2.4337819461519384e-05,0.0001579411321592664,0.000821454194162299,3.9249236109642806e-05,1.9982665873070732e-05,2.4841357218774907e-05,2.256254852528144e-05,8.297838133774059e-05,1.7080783566502535e-06,2.203313843756673e-05,1.2299518808776215e-05,1.8944677730210314e-05,0.00026645663904890167,0.06062620828381773,0.0020223935473690498,0.00025882137643302663,3.2166005320500174e-05,0.0004589213893624597
337,1.0327603715567424e-05,7.216360475319245e-06,2.2080112024921324e-05,2.892017268927513e-05,1.6189220488726903e-05,1.217007405217718e-06,0.009447134778612348,0.002956479910208114,4.753677650603181e-05,4.828345140593202e-05,8.879481452080142e-05,0.0006210994010041403,0.00028828780282173555,0.00010690274392568938,9.730488478273826e-05,6.899358748804803e-05,0.03941828062789787,0.0014028128934145039,1.3603758975007135e-05,0.00028050649121059046,0.0001273397380020793,0.00014279186360649266,1.6910811702443384e-05,2.7716233300438077e-06,1.1990245023559594e-05,0.0011155265888537528,0.000352227067895035,0.000388532924577281,1.1371852565351633e-05,2.3497753080392363e-05,0.0014001543223285918,6.129275205288225e-07,0.00016525953078449433,8.811372077053517e-06,4.993948357217886e-06,2.8821843275324937e-06,1.2975258151005836e-05,3.6292699553227874e-06,8.404684304848307e-06,3.381345610479021e-06,5.427489983188842e-06,0.00012666761856870232,0.0004986725640168088,1.3197042088352802e-06,1.3173149992755648e-06,7.650018018810515e-07,4.849730352595576e-07,0.0009614723319952935,4.4299750405575607e-05,1.0013346732247002e-05,1.7799518251802486e-05,8.511963802912229e-06,0.00019771068620824846,9.621257518581859e-06,9.771663468651578e-06,2.3372015330015346e-05,3.4057214819945685e-06,0.00015856545999088392,0.00014950107674508475,2.002563524300435e-05,0.0009690778389860753,0.0017428597800869634,0.0015267411180961514,2.9478829411086637e-05,0.00029125635263017733,0.0002778615721787356,1.4618117950086162e-05,1.0546304702551348e-05,0.0007391854589181633,1.2498694555628167e-05,0.0023243032986643053
339,0.0002707075106770427,3.0884053603523805e-05,0.00024212387784535184,0.0003727709763701001,0.0001718219913638108,3.1027089979883726e-05,0.000976002098720846,0.0005179970436991839,0.0008898612395521813,0.0002379694094419808,0.0005833502451749079,0.005286216514393832,0.00034117325445285213,0.003574484627522857,0.0037258558375285597,0.0003325073478369492,0.0007074760841919942,0.039877653026144655,0.00019803821147000315,0.0010727025908433844,0.008753469415038014,0.00030839440211400683,0.0005711199795107891,2.689188147428435e-05,0.0005544881987185313,0.001150348292069213,0.0006019505503700634,0.003826363461881461,0.0005215073223660399,0.00014610755406041804,0.0011112257320856562,1.2902103454906896e-05,8.477478849212494e-05,5.997062797821217e-05,5.949341082712644e-05,0.00023013160948990558,0.00010672628575078867,0.0003624188045876552,0.0007573457680965805,0.0001047193815037153,9.357082883465935e-05,0.0002838252748224323,0.0003102826399471031,9.716110525378334e-05,0.0001197162764490087,6.798931290759316e-05,3.370123621249378e-05,5.224308652438099e-06,0.0002089066089952806,0.00020162754468607997,7.386563453867128e-05,0.00011747565248266623,0.0010118630813997162,0.00012337697785428568,0.0021532063218008255,0.0025436866120595266,0.0008298714512592857,0.015146067039348206,0.02464529624751937,0.0023264700983078855,0.006454882556515399,0.0003059948351830766,0.0014523499914490443,0.00017102611392244373,0.0007047668702200417,0.0016746450044520527,0.0033665083883222106,0.0029726855033128732,0.00021891950810682187,0.003702902398171392,0.00033352092909811416
311FT,0.07377137352793697,0.002684176139494105,7.236252408216576e-05,5.459037100636705e-05,3.108840569012203e-05,7.992538288464608e-06,2.5764997781307517e-05,0.00025967362470218135,0.0037772015004426816,4.188082410507332e-05,5.3288354460534785e-05,1.8954995584289704e-05,1.6395032113297913e-05,5.056903581621663e-05,0.00010764740345437036,1.0497269630855859e-05,6.411730819560556e-05,0.0002979652594003109,0.1735824932749762,0.0007422117974376092,0.007497545015082923,0.0013473340137779139,0.005279190046486701,0.0008489091898805995,0.0075801469333949415,0.0014536531066724932,0.001159103018242626,3.4363359257295057e-06,0.002022336492521786,0.0006573381732490457,7.107373265025011e-06,0.0005149700083933251,1.6261988850928355e-05,0.0024611027371801435,4.1863607115749935e-05,3.941271320122093e-06,4.0945127240963007e-07,2.3502219337253424e-05,6.295079848074264e-06,4.249192514323598e-05,1.9490049680538422e-05,9.894305013099256e-06,0.0003330826174676513,4.3583990293437033e-07,7.874643218799164e-07,4.2227685030071464e-07,1.7549183365190908e-07,7.76126276595583e-07,1.664408519080917e-05,1.732994495531386e-06,7.298558854652292e-07,1.4872746544617828e-06,0.0017286163553155056,0.0001214768039810277,2.8580084525148044e-05,5.3095236730010316e-05,0.012001130005019952,9.982782762688268e-05,0.00495771349076391,0.014493649814101747,0.06434962616700363,0.005273696134786843,0.022476603119313956,0.011287188540240498,0.0643788362693218,0.0008867017124003031,0.00593447508687772,0.00024856463571769,0.005373328813115857,0.026803821252471056,3.6403787961010666e-05
313TT,0.00034697725885458154,0.00044122793785625336,0.00011210512049460043,0.00012446930199599336,5.9662517644268865e-05,8.110147001427446e-06,0.0010386776722469307,0.003698840990321347,0.0018185725825525594,4.0002331744541384e-05,0.00012868000314100142,0.0019728691384120153,5.744825893298802e-05,0.00013604572014544656,0.004506325125751779,0.0019820823839748272,0.03799483846667953,0.00944407142073131,0.00019201396891048062,0.17093327246487555,0.07499462011610589,0.01794512881451883,0.003324379136010216,0.0002835419937117789,0.0010347005207659947,0.010087591226144952,0.0011019785636003725,0.00015891095747919246,0.0003911462259544193,0.01270217863000596,0.001212657525833758,3.7237467644977537e-06,9.739712235336417e-06,0.00023113872734114593,7.911005926796271e-05,1.2263265055066728e-05,1.1507382656281644e-05,0.00012011732952010078,5.080335462194406e-05,2.9389719540726758e-05,0.001446934073093046,3.720020857830764e-05,3.9908350877377756e-05,2.8427669818140813e-06,7.3148702931694826e-06,1.3974851406354858e-05,8.678821656744238e-07,2.1965483935278194e-06,5.537636919086041e-05,0.000353891903499183,5.9129350107475535e-06,1.231488335857655e-05,0.00022691974134369605,5.426918119187445e-05,0.00018868507985246325,0.001235790504647388,6.397746389550682e-05,0.00023441353638736234,0.0005105927024461046,0.00835516723927655,0.006477173211846739,2.4712095156013548e-05,0.0018172360270594773,0.004570224452024314,0.0004289568742261012,0.0006682566016704522,0.001630544298885337,0.0011634247416040366,0.00010598781878254551,0.0008498434340286565,0.0001345955113349557
315AL,0.00014253029334046938,8.269005182153934e-06,6.745944523594246e-06,5.7432162735305446e-06,4.20018977009466e-06,4.6675672294233813e-07,2.250126053453742e-05,3.0540284736364155e-05,5.890380235049638e-05,4.259839178150925e-06,5.208263184284187e-06,1.3405714708305216e-05,1.4792361850568042e-06,8.189507809048753e-06,0.0015205334689610231,1.1583907698301543e-05,0.0002120720289743168,0.001259638790954471,0.00014655264664322864,0.001786242021738582,0.04970332217629614,0.00010731224237064538,0.0020206392079489474,1.3648165665444257e-05,5.835522700158361e-05,0.00011027476579654511,0.00015459380795060888,4.47585198737672e-05,6.036995555412028e-06,0.0006492205950345844,0.00010122831243118143,3.806820457751242e-07,4.769884898097988e-07,3.1458160090214257e-06,6.340446409025365e-07,2.0439625191279736e-07,8.67397409091818e-08,8.487155076767011e-07,7.248875485756614e-07,1.096800875377593e-06,9.96180067296805e-06,0.00020577739871605397,1.8821208228673938e-06,1.0180202775469769e-07,2.78562359941257e-07,4.4594540471868273e-07,0.0,8.039619952276451e-08,1.4361544228454237e-06,9.41295750518259e-06,2.2049139539920956e-07,2.692784602180811e-07,9.409973695311588e-06,1.7484736649974868e-06,6.320643493324883e-05,0.00043781799875072683,1.7014279255479004e-05,1.3704275422203319e-05,3.146615371670747e-05,5.945261785567305e-05,0.00011216415516658078,0.00014673523247909077,0.0002329175949452371,7.303690692427077e-05,0.00018107904004077547,0.0011072637750361304,0.00032803181113412374,9.298334054414735e-05,0.0018630003506145568,0.0006265602973627475,6.311926024500754e-05
322,0.0011182261463317754,9.532347976187737e-05,0.00031076525586466573,0.00151560807587692,0.000804312710666221,0.0005325430777463784,0.0020512440206435474,0.009062249899084978,0.01328777957194284,0.011190787632292693,0.005743719964499943,0.004742544266068111,0.0014825427151685085,0.008750351583729629,0.00826956949265724,0.001274675788896218,0.018043053549438467,0.013991318970184368,0.025500996418415234,0.00886323356725862,0.002461985390723745,0.2280396432753854,0.09845921898692413,0.000597369668284675,0.0065540047551490965,0.018012359525210794,0.003478513020971403,0.0006764552031578913,0.0032185303005552827,0.0012864043534594263,0.0015271332207712942,5.6919753692937774e-05,0.0007450895141389735,0.0,0.0006376212849716253,0.011867778710842793,0.0004502542452764013,0.004876289072738724,0.0014063753217962184,0.001210481059585252,0.0004995316742484826,0.00042697071688133363,0.00040655328502577743,0.0005801307234085455,0.0005690967835518295,0.0011491981113604564,1.2198081319507074e-05,7.603032731484322e-07,0.00036512134747531663,0.0019001873276790525,0.0008372119830958334,0.0007889792746995941,0.001283801150749607,0.0010195567651275208,0.004632170734275988,0.002516048390207676,0.001030326553878798,0.0009420893562847656,0.0012262665776641318,0.0024422197528825244,0.004941088607831975,0.0002261909743440048,0.0010207379810519498,0.008104034045462801,0.0051775955051024496,0.0033212741522493333,0.0007506748371403947,0.006491453662420465,0.0021698599874223324,0.005141865078096612,0.00015482206981210986
323,6.153805074489743e-05,7.409073705978871e-05,0.00010687116163306192,0.00011815841995588103,0.00022323690048318154,0.0003286649190317158,0.00027171831561428064,0.0002295256631119503,0.0001837583838127324,0.0018424240999529167,0.00020466642564654386,0.00018910813321129484,3.2207186902536354e-05,0.0001648128550889837,0.00017903034267780836,9.062935076238966e-05,0.0007457528691406587,0.00048784768336943506,0.0002239243242524472,0.0022894412086434716,0.0010479030855347579,0.001083250459120335,0.01307789783021529,2.991109049009216e-05,0.00014874497666097572,0.0003503706874193813,0.0043261434960224195,0.0011601537681261353,0.0007708434577864623,0.0008073911641511106,0.005527724416801837,1.9708690406114743e-05,0.00020826505735778352,5.1061385463055685e-05,0.00042637477092197316,0.0008923243583650691,0.0002839986951389853,0.0011049614274045046,0.00020918458251761583,0.00666194611373345,0.003389929397793904,0.0007126556445483601,0.0053427374491420996,0.0008755141470139754,0.0020066146563276787,0.0030213595464352876,8.427508965530135e-05,1.051512898249432e-05,0.00026909468632977236,0.0010812887097249896,0.0014391849045188377,0.0006768756178845447,0.0023056307836910785,0.0016192568177989322,0.0025321242954604384,0.00029031023022768284,0.0014356228805372565,0.0013615337563294043,0.0034916991963193558,0.0007180854962916309,0.006771265433698408,0.003240420405232963,0.0016399164111588348,0.0019946038230928987,0.0011167543695141074,0.001917351399071748,0.0016291694667716198,0.0040969410102690545,0.0005622597277757997,0.0034108229219164247,0.0012853202887766495
324,0.018638107064283732,0.004960592170491031,0.013831024394478655,0.021724407334377683,0.010159618433440574,0.023126427244141403,0.01902783609994373,0.006240866013983534,0.004949888276191188,0.006006979487145659,0.003983939369238168,0.002508914879033954,0.0005813403202522186,0.005124209589443352,0.001210736161465466,0.0004414761167992126,0.0032297958976803087,0.0063638094332337984,0.0024862228712745037,0.008427378475714923,0.0005328313849670789,0.008264095151865096,0.008860523465345762,0.03104084688393871,0.01872542827133232,0.01322473585169856,0.0015661256040394274,0.002410856142350247,0.0012348904007505354,0.0006734699618201173,0.0012747718932229187,0.0706891039767699,0.03657022431994022,0.03690982806148,0.04282277082400426,0.016745302403174376,0.002691725114349705,0.032144680233393605,0.013882497292257087,0.0003820259912181379,0.0005134509560724016,0.0006100342215098006,0.0008885785742541174,0.0027293080931773818,0.004164329416056622,6.36782037117161e-05,0.0023933154392436783,3.3496312297476466e-05,0.00278598975689936,0.0032192936732328547,0.00012132602962233506,0.0015203254211879288,0.001345992772489651,0.0009521770563307015,0.0047073963678227635,0.012723806100917036,0.0034804522062254757,0.0019292211607466242,0.0019641238110642504,0.002988645816469272,0.0035810142753507504,0.0011246107979874203,0.004449308373102113,0.0019160426364286175,0.0029824749473991827,0.001990734751530486,0.01138066614449827,0.0018692662666347935,0.01027749032376765,0.03283615002050898,0.0416634917897015
325,0.05669109330722958,0.020196442379893542,0.024350057159325332,0.01831394977825306,0.01025068145275434,0.002263693043761884,0.008629072442622347,0.04295380370049866,0.028839666284615553,0.0063114202196866385,0.017739511195922618,0.006468760024092193,0.005874134511123054,0.016841869280432478,0.01827066604298104,0.0037263808743355177,0.02085585471854331,0.039588521236971354,0.009123569774900583,0.1890249515562484,0.0069076943026188786,0.04125475947369038,0.04869727765512346,0.05404897502421168,0.24263969459950108,0.2720041504232865,0.0013270021655399904,0.000614409547307063,0.00038743107937252194,0.00020014060388283696,0.0010953337892416547,0.0012715736483688257,0.002418107988698713,0.0007078694997223743,0.0015004310057660985,0.00046629890792120857,8.162478026241307e-05,0.0007559281340730849,0.001966081644400514,0.00047114521620725405,0.0017461449167260775,0.0009604345521002693,0.0017646262961238711,8.734655590435364e-05,0.00017774625994857924,7.05836251304288e-05,6.713588875113341e-05,0.0002612493983489164,0.005572391670456893,0.0004074972233347362,0.00018509813085293636,0.00048176985637033635,0.016453575643352616,0.004067822585627416,0.008645789099186237,0.012573493784365068,0.002159662453020106,0.03312421137001773,0.02115069329721354,0.013493604071520861,0.003261926608883352,0.0022908269777983555,0.0053764900426776134,0.0004166253111439373,0.00224823994738821,0.004493964792507412,0.007781178989753843,0.008881650821435742,0.00126438646127371,0.016371281245555785,0.011376579111094768
326,0.004510054460922381,0.0009282306748039827,0.00041679558537552233,0.010293337608531397,0.005329529995871233,0.0002902404079541187,0.016421944089301206,0.010145179706143826,0.007902298051196799,0.004947100237581705,0.006411595580164035,0.02272279626784776,0.006186758814778932,0.01473540302765334,0.03169511674783366,0.006384745135075375,0.03500070358257335,0.024912328644440578,0.020164697451279502,0.01157208057347844,0.010201488912849312,0.015249441689265614,0.03396891109690821,0.0007704565693257487,0.011329750785889936,0.07565148595101523,0.009975286348817444,0.0036920225543242047,0.0062385776251149515,0.002139378366737853,0.004398010234595652,0.0012585427920014896,0.00012656201436530356,0.0,0.0020708944644513634,0.0009276396522761389,0.0009663017623424689,0.004960325638286967,0.0020495661459614253,0.0004654269814834275,0.0007779644671297043,0.006370604006776639,0.0014472260990318355,4.2429339172902807e-05,0.0001918412508378491,0.0013000202572306082,4.643780367690894e-06,1.5350843533506067e-05,0.00014641455663714345,0.005123110552353657,6.341688117067988e-05,0.002630513342945993,0.0031920843935864815,0.00019463124367598557,0.0023123197429930444,0.003348973375976089,0.0021839630135529276,0.007123778183534904,0.005589792989339912,0.007068153344596235,0.008278159792041849,0.00025931623702938554,0.0018430219212199552,0.0006926076654920102,0.007728613497878087,0.003941799899034909,0.006047259725844076,0.003531263178375279,0.0005553876464812538,0.005524891139111888,0.009970469563837507
42,0.10939387364718957,0.041680592098865835,0.033810836275721526,0.04458655712237775,0.023770354693621102,0.01341286560378242,0.060713325147610055,0.1133480849444388,0.05123641303684811,0.11132426329697376,0.06059444569792592,0.07877997036972882,0.03699543330028684,0.08167478081809448,0.10926644821480401,0.04151840146203727,0.0798512282207484,0.06248682925062221,0.09301763776127506,0.06437636585967825,0.05173045146084774,0.07133807368328896,0.04531120947134552,0.05069506752445978,0.07397073516860204,0.08514026608819908,0.027259506050843263,0.016003705337161948,0.008889358329342572,0.01108584773445144,0.017560739381746033,0.012079524654744638,0.03526037393061679,0.021847895876371277,0.028889149906757214,0.012904462829221815,0.006871217214106015,0.02081028182376721,0.01666958615839799,0.0204696432895757,0.001999753746026689,0.016566268401218127,0.00901660463616095,0.0017414582265080194,0.0030639248379544137,0.0011205647876916846,0.004003402494579751,0.00032609395976408793,0.0036316532609554867,0.03876520468178697,0.0017738816943947409,0.007158492618668533,0.011754704126984218,0.00971146928782561,0.013594077421958046,0.027742953579950186,0.008661957236249953,0.024975480935398336,0.021817870408167236,0.015532608567462764,0.02617121347048619,0.004065897497018821,0.01798268163611317,0.010010312712696675,0.02753633436357835,0.013092535579600937,0.03060209832343759,0.015900183653400235,0.018272033545091864,0.02135823230963376,0.039734798971338005
441,1.8894579565541886e-05,2.7931221868947067e-05,0.000520283689597604,0.0013826348961034005,0.0006458792560986473,1.3065179361200867e-05,0.00097359119601685,0.0018734232884808542,0.0009123143856432266,0.0002933822375657474,0.0007601779291780689,0.003559726157379518,0.000247851144963641,8.682768788743704e-06,0.0037959888490859415,0.0011747303268600624,0.000960272414039801,0.0011680024324441818,0.0010046645642736605,0.000278735602483315,1.2437802627263853e-05,0.0014137763206004677,0.0003941526513269446,1.9672866229947375e-06,0.0003770092048278152,0.00044358947303041376,1.0315318682192191e-05,0.0015292463348098861,0.0018337723319051002,0.0002954621642218218,0.001217297651695249,1.9934576174234637e-07,6.520517534215147e-05,0.0,0.002916039388321378,4.513641464990257e-05,2.192477260424877e-06,2.3789834530943094e-05,0.00023833160717340752,7.57848119822026e-05,0.00014770793448896165,5.897427189987915e-05,1.8173302620831057e-05,2.3217833084892353e-05,9.497984386536561e-06,9.522226234000097e-06,0.0,2.8263583897793624e-05,7.75627132375547e-05,0.0012670205945428895,0.0,3.2548979151887135e-05,0.0001646201570252065,1.583173310955869e-08,0.0021135525279744236,0.00035118157197534057,1.005296230144524e-08,0.0,1.5199915406870436e-08,1.9558935593281433e-08,3.1668519336177586e-09,2.4794808663697525e-05,0.00012844167675254257,9.238385893702707e-05,0.00012150847439999198,0.002170933011241557,3.0944587482994235e-08,0.0,4.076883723816764e-08,0.0,7.272000735693158e-06
445,0.00012161748000342425,4.802003638016312e-07,2.9715465560683367e-06,1.2204716946984016e-06,0.0,0.00012487121739273495,0.00012777720838722822,1.479590117868694e-06,1.8624112479987357e-05,3.3055549012457135e-07,3.125265627148237e-06,2.09966577391134e-05,4.02613977034269e-06,9.461904478209073e-06,8.185310739058478e-06,2.9099381062091625e-08,4.3742261036787396e-05,4.418759048044841e-05,8.106986336502228e-06,2.0384040684247794e-07,2.467481064951834e-06,4.361614330801307e-06,0.00021939566938533367,7.810727658401554e-06,5.294023759073473e-05,4.03001130087823e-06,4.654490483597987e-06,2.432227922203032e-05,1.102745875070088e-05,2.0253031943567163e-06,9.605644924742864e-06,1.962747014829588e-07,4.291201565822801e-05,0.0,0.0006255470246767197,0.00021769498470096394,1.6563581496300096e-06,0.00012733350062323556,1.491807551589448e-07,1.7029274082946756e-07,9.700043141844186e-07,8.416156056922044e-08,2.485649645775738e-06,3.276064877484878e-06,4.576678583128412e-06,1.0330103415018734e-06,0.0,3.0675905250804934e-05,9.355854416697713e-06,7.208481912371101e-06,8.087311658658567e-07,1.4286936380483459e-06,2.42861768705158e-06,0.0,7.515378626474621e-05,1.7588773529145684e-06,1.4981227690376367e-05,1.877641323421276e-06,2.6460297164487047e-06,9.56710047121313e-07,4.288080952552476e-06,8.226298778213472e-07,2.1487118175992973e-06,7.026343554137082e-05,0.001619112225705174,1.535207802293953e-05,2.01395432915453e-08,1.1291097495303777e-06,4.1205225111048687e-07,2.0908955122341114e-06,0.0
452,0.000341405471586935,1.2096248559879748e-05,4.5565092791311955e-05,8.390996212608168e-05,3.594768070562868e-05,0.0003280484810158453,0.0010112611060839824,0.00013952042746435362,0.00010531798851579276,1.8253278243567394e-05,5.953953387764265e-05,0.0003138436333607862,3.607986864081511e-05,5.2403334625428366e-05,0.00026196777881681285,6.556504695468926e-05,0.00029426119425483876,0.00030853874433746793,0.00010068842998135672,6.093743698427443e-05,1.3906370956699644e-05,0.00010283113100583246,0.0008028184930600848,5.675815682314184e-06,0.00011106362974812274,4.5819712547476124e-05,1.6638851595736693e-05,0.0001794628942562836,0.00018188666437223846,3.639443861613856e-05,0.00012918137042243838,1.2544426087746665e-06,0.0001242400810526202,0.0,0.0018898519682112123,0.0006034912064464183,5.694389172862709e-06,0.0003533490152060111,1.4088098017725309e-05,5.184183275623315e-06,1.1565358114680129e-05,3.842884311731696e-06,9.558058333988113e-06,1.2808639997348227e-05,1.6269963932108547e-05,4.031937151340918e-06,5.720010168865807e-08,0.00017029452142387576,7.251869124461233e-05,0.00014711110545312584,3.7062941606740214e-06,6.7714230842910545e-06,1.8999145488796292e-05,0.0,0.00034623056765917503,2.574238208073759e-05,0.000134291013766425,8.246191516433716e-06,9.20728338270306e-06,5.294173656045408e-06,1.6139666859534697e-05,1.4769702239578708e-05,2.2846208150298614e-05,0.00024866092344916517,0.00036545697301182054,0.00021476917765476055,3.0428542704683564e-07,1.3217935894921564e-05,1.2698109128753631e-06,7.339768231386424e-06,3.938931921147501e-07
4A0,0.00376550603386037,6.92161286378069e-06,0.00030253001650314896,0.0011162664459197062,0.0001244982395594729,0.004118420152776355,0.049503902199696366,0.0038575826337354613,0.0001914931013304319,8.042582443271736e-05,0.00035650072640791303,0.002101866820558637,0.0003194288448741629,0.0006365734515039339,0.0012584603756956578,0.00022849017658629672,0.003127653351345981,0.0032000576149571083,0.000739958705970214,0.0010003442608439372,0.0001634531312395789,0.0005672453254035364,0.014787764437207602,0.0005268850473061883,0.0034899119909275597,0.0003577445193020129,0.0003083921237720865,0.004221878714189747,0.000987015272157907,0.0022918683369296147,0.0011912257840768214,1.551694746153304e-05,0.0013701202201308984,0.006033448945086553,0.022241385404499114,0.006754432726483415,0.00010700764305791714,0.005371108535003891,5.544014118502388e-05,2.9431186529079326e-05,9.163002627204465e-05,1.878448966293854e-05,0.00016612824538272494,0.0002227888904367941,0.0003002261375177323,6.829316494618957e-05,0.0,0.002071357095133476,0.0005612706450582705,0.0005639311354917055,6.051797979209415e-05,0.00010099903123193966,0.00019969115835976041,1.2160907379755372e-08,0.0016280427954956508,0.00018600360364841293,0.00035699569283542936,0.00023683530548522996,0.00017789562013697009,0.00029459161139441125,0.000291920776184925,0.001673291530947224,0.001328957564546353,0.004678885118457807,0.007613455399811929,0.0016252741296200396,3.268767281701739e-06,0.00014360370120026011,1.4053697708646116e-05,0.000103574230155699,1.3879647520597134e-06
481,0.002152533799835713,0.0017975149811863432,0.0001395608291129606,0.0002718512423852741,0.0010216402461176786,0.0009885365310334676,0.00034671403368485544,0.0025398115029954325,0.002175892405078954,0.0007986142517689927,0.000981254418869707,0.0007957752283361176,0.0002202863582036327,0.0004752446022297374,0.0007205051918709392,0.0005403894110660777,0.0011420771762491065,0.0008918379037164406,0.0011552445883384027,0.0009794317672542684,0.00044255707467169005,0.0011790630351637308,0.0014254835130227833,0.00023964658208204927,0.0005748978584980159,0.001673358950713292,0.0028968440629594597,0.0006242730577356005,0.0002781303916477302,0.0002523921696037832,0.0004486561250493006,0.0012969056950959956,0.00022471796238988034,0.0018451582068244312,0.007156984446259222,0.0004257791830456262,0.00018148700830324539,0.00632091565208683,0.002250629269041467,0.0006482926143387858,0.0012213156799177785,0.0004895311730458658,0.002373473021682741,0.0026095811252720455,0.0035307079640775492,0.00011380805861870576,0.001454596821997731,9.07068178166839e-06,0.00523413117322508,0.0027150735585747404,0.0015089616763802453,0.003832114957769471,0.0015882103960303813,0.0004922242564206797,0.003160899622209568,0.0025462976129981617,0.0016898456024582015,0.002093789392340893,0.00047406979271671413,0.0009741603146251402,0.002440877733736912,0.000602585679360023,0.0013834247751795224,0.0005126576206056894,0.001771829620636189,0.00044662870714676293,0.01150900381400772,0.006953955415502483,0.005862965680615915,0.0014377685250121872,0.00027086753721244575
482,0.006864274973773376,0.0007138363994723076,0.0019547511150368306,0.005573217940667717,0.0011939151641832638,0.0034380052353807687,0.0015667716926318828,0.007604660729974458,0.014887790335652759,0.011853732887198218,0.0031016072677489594,0.0015557104659296719,0.00023370194859845202,0.002141933459749479,0.001955370494392636,0.0008399646337653786,0.0036705465953897026,0.0017651603413864126,0.006932351785080297,0.001709846718198987,0.00018584830707861922,0.013131737446095594,0.0015646457360578908,0.004773255667842604,0.005981633032848939,0.008383365417670773,0.00012664131044176914,9.424042726659093e-05,0.00017231008191083457,8.345256400557991e-05,9.773069267433716e-05,0.0004821534413673494,0.0033287088747608884,0.0002573273503592072,0.009886828582612117,0.00022416680977439636,0.00010546383038221014,0.001031150451482246,0.0001797011206364792,3.992038552255601e-05,4.466787506919944e-05,0.00018795249291260997,9.309656412731878e-05,4.30322306338669e-05,6.45023265866136e-05,6.600691176254326e-05,2.011238994428278e-05,6.068525821501006e-05,0.00015017767172227807,0.00018217185787110734,5.369274706935208e-05,5.134300860568246e-05,0.00025839870009310986,3.8707951661956427e-05,0.0005545911272894935,0.0004331454292624188,0.0001740477353909228,0.000435463340347396,0.00022255142379536531,0.0003100007609675429,0.000833520641080187,0.00011447978320897261,0.00042088183523541876,0.000266820666718298,0.0009743463829950632,0.0001606567843803712,0.00038615343328414806,0.002771956375537384,0.009129055973942889,0.0010664793812926888,0.0036730405156344746
483,0.001237824929058259,0.00018509948020306298,0.0012933902134664073,0.0015569316924813727,0.00038016104365284925,0.0004223127750352921,0.000566876812821818,6.136838948121261e-05,0.0021447600744308707,0.0017631500692678649,0.00032732567842152214,0.00014053686045284623,4.1792035342446e-05,0.00039679978272479593,0.00010194830712718849,4.6294902778496627e-05,0.00013342263766741037,0.0003001517089183163,0.0007685927976911304,0.0005566471733938098,1.0915810147257525e-05,0.0005484648124605306,1.1579067942044084e-05,0.0002420287855268407,0.000741880472578953,0.0005421442923620355,1.4631433776978339e-05,4.258163305721071e-05,2.140139729874846e-05,8.696801391516852e-06,2.0781378241622315e-05,6.686110642425662e-05,9.300140646550561e-05,3.497136257091249e-05,5.500758849603951e-05,1.4990031818792002e-05,6.895501789666396e-05,3.9784855565176496e-05,0.00010911143196496567,1.7987706206832615e-05,3.691772233438365e-06,2.0947398112165197e-05,2.5792123323181605e-05,3.045970703569723e-06,4.019245308156394e-06,3.801754478947971e-07,1.9474765271961145e-06,9.719460282911775e-06,2.0023873031670497e-05,2.578250150416681e-05,3.5045982022120203e-07,1.0438831053836795e-05,0.00018078984038244055,2.4737957997240896e-05,0.0001195920971747362,0.0001324983186506946,0.00010793923125173983,0.0001452974740517045,9.930531594048349e-05,3.474954818728669e-05,7.519861901338212e-05,1.6474406850027408e-05,8.692647854198375e-05,2.508002733137147e-05,6.145425718055906e-05,3.866009690405403e-05,0.0021104419433973912,0.0005347281214601042,0.009018458448834085,0.00029290167877994326,0.0004992459898660863
484,0.022868862226460018,0.010807225140510865,0.004982631580729924,0.015510467661659711,0.0035278534747194053,0.004138291139080759,0.015068399150119207,0.02395996168478313,0.029423494440845643,0.038218255116884224,0.013497727817286387,0.011262130715451176,0.0034386908904787015,0.012225352969526378,0.012431372809834407,0.00513515247002223,0.017831107621423425,0.009528274710730564,0.03459581528223481,0.01863861666502551,0.00897971964865712,0.01817354512001656,0.009055951501908447,0.01592463399508514,0.01012350871538008,0.013363752001427575,0.005463951950979466,0.00896296470878239,0.005965734668690102,0.004182775480910862,0.0071918851033382055,0.011867112756952796,0.006232982600899797,0.004385153500534646,0.036900415636220485,0.0029114748438062357,0.0027358020940815367,0.025651248895627973,0.009336063275242274,0.001705486435419615,0.0010570803568821874,0.001599235722966819,0.0024131482070100206,0.00023539922980155646,0.0007199880130511458,0.0002895994255317168,0.00020646578873244884,7.298109569181017e-05,0.0016636027817179303,0.0025540110673003473,0.0004918217845128808,0.0009304737055153916,0.002180621640402344,0.00069501055965963,0.0022717476170921553,0.007185693859853244,0.001579115657487498,0.0018679210979351557,0.0025457892878413308,0.0022492257329968495,0.004988368000894802,0.0013847778846159359,0.0038953127345744904,0.0020410145281827756,0.003908761966176768,0.002606299951476069,0.010333712867179766,0.0023338687949517327,0.014022338083962888,0.0036648633417452237,0.0054999582188777945
485,0.0,1.2353021052917283e-05,2.3270762655419307e-06,2.7552911067183508e-05,0.0004351254250992189,0.00125775233961171,0.00026495035710120317,0.0005052781559002815,0.0005522904211075545,0.0002573233092564813,0.0003457600275602028,0.00022410027376312217,2.7702093272845244e-05,7.379047415028049e-05,0.00011989130855048557,5.641572118166797e-05,0.00042146241774601687,0.00033025725128385465,0.00015279645509775808,8.338379485763374e-05,2.915933953199028e-05,0.00032070022905796155,0.0005832600957282445,6.598969951416191e-05,7.929384217875203e-05,0.00043682864374640297,0.0005492013979804552,0.0003220478629027081,1.6939066895614897e-05,7.659450156512872e-05,0.00011118288448761017,1.4110605804399261e-06,0.002514506262649768,0.0,0.0,1.0815620066217946e-08,4.356306154646425e-05,0.0006984874128929677,2.6424870216244072e-05,0.0002920197277333926,0.0005497106285277032,0.0004946787330159121,0.0016646614777644656,0.0018533329043324213,0.0019138440243007123,0.0010548818281543547,0.0007547500146132006,4.113732118302455e-06,0.0034390154876632866,0.0018026920728225668,0.0011826718297204368,0.002662932362329299,0.0014252740994605438,0.0002724222945399574,0.0020568385824506156,0.0012046455672955572,0.0013566233394232952,0.0017443386012251758,0.002820305922237397,0.0021600120007480295,0.001102640545738231,0.010465282818808333,0.0005286610514674303,0.00031998075398645805,0.0010771605777643335,0.0002205059744232568,8.524275097512377e-05,1.5012321548143105e-05,0.0001520777469078826,0.00630018803415392,0.002229824328849765
486,0.0006647459666507642,0.00015163188678968278,0.030686324763111936,0.0005775429846250734,0.00020388959108115306,0.01900961409201081,0.00026626187964491507,0.00010553910500093164,8.906567920022803e-05,6.860158345194663e-05,7.147183848970396e-05,5.2695680752827504e-05,7.426266094818537e-06,4.0930536597394336e-05,8.631248649204963e-06,7.080216181269908e-06,5.0138056901428603e-05,8.898039325173726e-05,4.5920225202570155e-05,0.00013280711745789614,6.146220193956927e-06,0.00016776850892327816,0.0001748532288055466,0.028653523073896132,0.0006647321072488098,7.421600801420122e-05,4.3878060999293875e-05,5.635192349572646e-05,2.8568854754760543e-05,1.5663116580402276e-05,2.9458333441425334e-05,0.001772594197895499,0.0009133112436416965,0.0009258088246862435,0.0010715024011456137,0.0004195905957126796,7.435812479539283e-05,0.0008053081110945055,0.00039777711818840783,1.824697859262409e-05,1.1868513278194538e-05,1.1137808455716056e-05,2.3907274988138583e-05,6.830227711772705e-05,0.00010432783680109714,1.5039052753028152e-06,6.0016520978536166e-05,3.672371010402699e-06,6.22965841950128e-05,7.652972835892305e-05,2.8503892304771052e-06,3.756121471214297e-05,1.4326091925572141e-05,2.0040691468753937e-05,0.00013060067423542853,0.0002842007530631822,0.00012954127834439072,1.65874574222642e-05,3.0787185582697215e-05,5.533356330549416e-05,7.970732881020937e-05,2.5926196241257713e-05,0.0001168173995915126,4.4102907106280456e-05,6.789769972708666e-05,4.439579710821382e-05,0.00027797522376882754,4.718120049054867e-05,0.004976311017357264,0.0007793641536256188,0.019916629212799724
487OS,3.7354250516090215e-05,0.001134831236295615,8.409807620803253e-05,0.004143706898998173,2.9279805709009878e-05,0.013370279985900126,2.5044784335165907e-05,0.00636342141325939,0.0062073248727954125,0.0005969965780869481,0.00020803024345528138,6.202461104548766e-05,5.553536375016262e-06,3.84288260498944e-05,3.695390703370801e-05,8.384575801784369e-06,0.0030388647192678216,0.0009620148605673736,0.000468778963867257,0.0011495377671376593,1.4511509361302144e-05,0.0033539392577971324,0.0036059113233238116,0.0016082338305932573,0.00019334527610065255,0.0024380754280488004,0.030401528373846746,0.00854290103950433,0.006439162317270925,0.0021497342195509806,0.014590707390123204,0.09286336303725455,0.010255187069158527,0.037761151648454276,0.11398443363674136,0.009500043491419717,0.015724274586160943,0.11725415097589365,0.033032194357409325,0.0019180364790264757,0.005145577046513848,0.00010844013087926112,0.007894877569868773,0.0006344941661236469,0.00674828408772823,7.393704948060978e-05,2.226762462627794e-06,1.3336556695871532e-07,9.835109837489874e-06,0.011803866876041945,0.0016686371550467308,0.0015577594499563028,0.0031752636497023165,0.0015864392142830941,0.0023865228865404178,0.010275522108033081,0.0008391167926500569,0.0019856745241133354,0.005199054864243756,0.0013865312020694901,0.005636342071063307,0.0030578588936566614,0.0031430173052818555,0.00035145613945254114,0.001156155492021734,0.0010670946336143391,1.9072139355466e-05,0.0003615459493322442,0.010088603500664085,0.0003957127764594097,0.008532583905146874
493,0.0016257031470470278,2.2773363709928484e-09,2.2960027084475867e-05,0.0012384341738267692,2.593122969279131e-08,0.0011715066035698901,0.0,0.00887264544018671,0.011577876537757529,0.0003113957249810641,0.0015931665007005683,0.0010033384771698816,0.0005652913240475708,0.0006762639265336983,0.00019371402472418062,0.00018068470332610517,0.0010884826002337405,0.002362298803787844,0.003316869111894169,0.017873749635495616,0.00928343778332143,0.012509495372308993,0.00848391005903617,0.0011341240627988766,0.0019404986593909046,0.012259717093803342,0.01493434507040676,0.02977582390946349,0.026172846233533078,0.017050239074815517,0.026627818085930063,0.0002207397586990889,1.415771637725678e-05,0.007763729029818249,0.012310769602306535,0.0023680695643789073,0.01204763542195021,0.00423816055852531,0.04295514147211221,0.0007747427839573805,0.0015374189791098646,0.0005010650515725771,0.002429191600063346,2.3248463777791458e-08,0.0,2.2357406448015462e-05,0.0,9.010841599088181e-07,0.0011097936825915163,0.0027250671609107776,0.0004883339604118506,0.0004269248525311923,0.0005484908616505883,1.7647611305537144e-05,0.010487694914382633,0.0026284735220177503,0.00018330115326375016,0.0005985868315912943,0.001663650877743097,0.0006197523443523526,0.0010780577079462343,0.0014546401806893967,0.0007435140398189691,0.00021173557856249664,0.0017996006771507315,0.0007399528186758379,0.0006822059478262954,0.00234482507952511,0.0,0.0031929603328951736,0.0003454109112187392
511,0.00022808832447951432,8.596365259396098e-05,0.0004229798941926435,0.00022194711679214955,0.00017152169474986178,0.0016480506681682192,0.0009984713062882729,0.0012535389380485742,0.0010985094487455862,0.0005525602237027482,0.0009784804046811312,0.0007784255572936392,0.0001855692434116966,0.0004965829089217408,0.00019693438237731043,0.0011522692767914845,0.0011106982047781914,0.0009423370355577006,0.0003498204423613443,0.0003795837283559478,0.00017859349209087876,0.0007832166905343259,0.001090482986282605,0.00011637666268101408,0.0001587584786450848,0.00047082674798880456,0.0028603311497051517,0.004895467219293741,0.0014410389657146163,0.0018321257388696538,0.002946404093619686,0.00031134235868122826,0.0010517424999363899,0.00019677167921024248,0.0002575715102053766,0.0004416685560114534,0.0005526325280951922,0.002727987149482776,0.0010664425959129233,0.07686296763587919,0.0009353742593554215,0.0017081803154568415,0.009822486650780563,0.0024560182142869037,0.004198167306001377,0.0012520128093802502,0.002091072084947809,2.3174857631146244e-05,0.0012299736833035133,0.002197599096457837,0.00488992023061624,0.0038631372365771715,0.004182958362305656,0.0017029991584692251,0.0066559286805371945,0.0023393507068126336,0.003213177462256037,0.001633304535105617,0.0031893003948919533,0.0010388393009044797,0.00466309662152096,0.001411183013437528,0.0016962044888945732,0.0010644269824329996,0.0019859362746652573,0.0018857879132108224,0.001407345617586138,0.007817815999940875,0.0010801827401368952,0.006490005571363628,0.002877857191721067
512,2.534659659630339e-07,3.6649678774995625e-07,6.929284722302114e-07,7.610206352991126e-07,6.003651050967924e-07,1.487066407559841e-06,1.5839193420699597e-06,9.423455779823964e-07,1.0146761303532888e-06,6.805501354046356e-07,8.585976590517457e-07,5.818914949874115e-07,1.2612760953830565e-07,5.925241450733427e-07,2.930279598723655e-07,3.8169553539025623e-07,1.3059365975478852e-06,1.1308198566801116e-06,6.690672792061964e-07,6.542302715777896e-07,3.276325772385326e-07,7.675446235619021e-07,9.20601537019213e-07,2.3689471915098488e-07,3.3588810438294955e-07,1.0035592046409914e-06,4.1571967100934944e-05,0.002278112306438381,0.0011734873018551637,1.0775197137450187e-06,7.194194088914018e-06,2.116909275279506e-05,1.204641939902827e-06,9.012314860776153e-07,8.447492059337965e-06,9.510245703526361e-07,0.0008239582602147883,7.640620247175765e-05,1.0882108420927867e-06,0.00035548521208529697,0.20824386589823318,0.05898301940757973,3.9765375528400324e-05,3.323080901761829e-05,6.42814472814084e-05,1.9447867631237565e-06,8.75028452515761e-07,9.956956677167234e-08,6.463908463565495e-05,0.0004248852522513446,2.7297933769085664e-05,8.916160461434669e-05,0.0013256378718019951,0.0005643555147185908,7.831031528879616e-05,1.434821103393103e-06,0.0013719257474877759,6.305802941323986e-05,2.6004753228183693e-05,0.0037341162654347007,0.006949393146819447,0.002932517737976373,0.0003160158163671914,0.002523013834783142,0.004704313544838806,0.0003671155520318052,6.163381985179673e-05,0.003926629619249913,0.0005342558981078784,0.0002367356863900299,3.1883564036367098e-06
513,0.0014976252503487119,0.0004989705601464737,0.0021390215959119353,0.0017077237031570438,0.0025217413647608392,0.003401573204002705,0.00428233440106476,0.003665703510694861,0.0057338507838147895,0.0017527436794698115,0.0038845830143229626,0.0029006661784723815,0.0008026182129511682,0.001697203340682026,0.000931518511960952,0.002515363996958907,0.00341832204252135,0.003958238985431915,0.0018060534956017404,0.002283573014797004,0.0011644463832073183,0.0025286079390251176,0.005436430943659132,0.00038382496516773827,0.0010164809320070513,0.002803623465522634,0.008001330931639348,0.011086981880876284,0.00451107196409887,0.0024214812639687484,0.008761282439476449,0.004776357098742565,0.0018527140277835225,0.002520610082758748,0.0042223656876570126,0.007577965431198426,0.026216641443240162,0.008879553909131406,0.001151138820119974,0.008852862310234723,0.00975618032946045,0.11169547863925633,0.034513225969878776,0.008888101819547951,0.013004649005505107,0.005156778632976768,0.005550162412011642,9.000558753792989e-05,0.012484269355548383,0.006875002355160015,0.011677760872080143,0.006505597578357287,0.00942768013315692,0.0056304711905179345,0.014138162776243907,0.015061408798340403,0.007056303861428344,0.00533780289150953,0.0047386719150752455,0.006401962281047907,0.004779052720738955,0.005588429946679875,0.008442266316125234,0.014195642435645963,0.007473910919364869,0.006069004532266081,0.01307888880985335,0.019467717739761362,0.016753825499045805,0.034516886578264704,0.006498848251763516
514,0.0004025411099377235,0.0005830172981338772,0.001287942184194159,0.0013231392047343578,0.0009997062019674108,0.009953459595205702,0.003731967444138507,0.00866245704357045,0.009608305442589754,0.004166301436547909,0.006418564624841045,0.005514082303970297,0.0006473822009980376,0.00426357050731991,0.0013337661879891448,0.004994092055464515,0.008650121174375143,0.006229593821210906,0.002877283758762956,0.003218585768445541,0.0014926641269653654,0.00652104608651095,0.005109165507898161,0.0008072289694045537,0.0010467097771402168,0.003611330314017687,0.007796706001444191,0.02701073070295972,0.010070708798456549,0.007353942744199215,0.017695989326884227,0.002315202674869208,0.0018809623029545186,0.0014824345652227498,0.001441366321944935,0.0027489245989017874,0.004572093225472438,0.00629578751955588,0.0024984636395006194,0.016050436400329684,0.004689597847871579,0.008358287009557725,0.04135923044102996,0.017523688681464877,0.016572910977578535,0.005401150258397126,0.015310021600746695,0.00014855069780718018,0.004258245005838938,0.005942359178506599,0.015095107351368306,0.01287648059530303,0.015951354227669884,0.00835994899608945,0.03726642717740307,0.016840760049566153,0.01582222489822179,0.003732902735222631,0.008025868388590063,0.004109002572965952,0.007151791841600645,0.009610738240264134,0.010532710034353177,0.0053066281313400125,0.01620053686531059,0.011584150931499579,0.01026908745479313,0.02649730131592032,0.007554985626663714,0.021342603201932386,0.014307572305288896
521CI,0.009470587639728845,0.007944503902896282,0.008722520784805872,0.011607816037324381,0.011334240063404506,0.012475680117039435,0.006712094646638433,0.007715412121748524,0.007420370116760843,0.0068407285222297585,0.007480045522738601,0.005712368620683067,0.007269167832568727,0.008091118604632599,0.00677853485814298,0.003257829394641418,0.008021581957293796,0.011669386920865556,0.005744929645029591,0.005749326144856651,0.027593100170353956,0.006136149046040678,0.008761397418907012,0.0026676416311301773,0.005670079514386782,0.007788897885557864,0.020591838991887972,0.015489652674812884,0.009575150920915654,0.012271150493580716,0.0114253243413151,0.013876468260583424,0.08832649819376448,0.026326693047382,0.012685496859692178,0.05256254736618286,0.09016410128026198,0.01127697751200615,0.0033924354365167373,0.011882895627692326,0.008490042927700496,0.02196141746827156,0.011211983869056636,0.07873062732289748,0.08708341117413163,0.0009339830252501878,0.04076841878971596,0.06634648065505698,0.046419076743049376,0.047149248319744694,0.006760098443594749,0.006986840460244825,0.008985015173537413,0.04382696645598073,0.008300276623633966,0.00982436228383607,0.003499683494847141,0.006600413160734644,0.009568785324801345,0.005457508908483377,0.007266907745792104,0.00799329439123913,0.01660109217721669,0.015331346971969974,0.017598039821274017,0.0119298437550226,6.289591704543102e-05,0.015647719486097014,0.01731045435805291,0.007117592626861938,0.012467722151439372
523,0.0008523618422281374,0.0003936828148582374,0.0004241049169738971,0.013689784933243172,0.05668835244836781,0.0013688297264385048,0.0010388641507775322,0.00041370795928516614,0.0006167919701725448,0.007008993551972771,0.005632715977690107,0.0044216684651868865,0.00041769443420948816,0.0028875534401741373,0.002749569992163308,0.0012174697109850053,0.006816228062969157,0.005048232361731785,0.00024446790922714144,0.00021945803079836412,0.0004248603851078987,0.00023124937472213531,0.00047780178544226735,0.00011516667516448139,0.0001461619837244155,0.00048020463160191717,0.0020019249738249603,0.0009232926125868086,0.0008035533258292404,0.0007143901085857925,0.0009444333645412334,0.003249578633263704,0.007032409702170755,0.006865869061920037,0.0010070190383160741,0.020376420914372546,0.005465588869378128,0.007905237209287454,0.00039902593050604874,0.0007452144071644014,0.004399737495266836,0.0006405900665550111,0.00041443136589101995,0.03888188067451249,0.06712496911168131,0.0039433209034701305,0.5264104849412629,0.0014667126213563164,0.00608679849597407,0.010164065077257152,0.001525359714237316,0.000998981759477063,0.0012089140425871649,0.013977859163919824,0.0013436080626544572,0.00047056322683549463,0.0004865713995200601,0.0015264805978661023,0.015366084089706418,0.0016806870176227166,0.014937431508062649,0.0059214832946600324,0.0009749908202666555,0.0007637999773963442,0.012350276577529566,0.0035263800869614823,0.0,0.0003548870604500034,0.0007080341633131187,0.000516120368953488,0.01005981995933668
524,0.009730144173358322,0.007666361245352794,0.010489783611034906,0.0074197404337195795,0.013928156443171847,0.003568801177444986,0.0002786116501946372,0.002653657400505858,0.008339577726577908,0.003151980090436325,0.0029976058734567344,0.004133524545965083,0.0006318016185076805,0.007362759967528639,0.0056983911844706026,0.002716283323131672,0.005602920951927612,0.003697933691491382,0.004466190850307424,0.005377458234529927,0.0029956138849377765,0.002512443020937685,0.0009564553108107134,0.0008417249988378008,0.0033947241097235085,0.003468682364241573,0.02174907012273646,0.013942282956774145,0.006056763463958666,0.006410013009503824,0.009221258031183389,0.0037682798153760564,0.0004381567638672125,0.012074406656750719,0.03962496760742396,0.10683294745807093,0.007693451345882543,0.017548982407366433,0.015824237364601923,0.0007863622976974625,0.010480384726863494,0.0020360053327901704,0.0018542335175513267,0.003917813407554244,0.01885213542092264,0.34810279427383917,0.0712979594672362,0.003067883591905296,0.033930699754846694,0.028290999990640713,0.007575900924261472,0.0040484824494767205,0.005262126436865392,0.0005410095641912132,0.007887148084361157,0.010198401570794803,0.005105013820617046,0.011473490018830461,0.017914267742602876,0.014553163683583807,0.042848565558561875,0.013469692827771494,0.012356770972018297,0.004591341421828775,0.009594457005320273,0.0028977218956979423,0.0,0.0034303650608519527,0.05062340280260791,0.0018803665392789274,0.0321378530063671
525,0.0,1.590119993714127e-08,2.2124624144609254e-08,0.0,0.0,4.4436971307673015e-08,4.492594822966208e-08,0.0,1.764662218207079e-08,0.0,3.319407514476296e-08,0.0,0.0,0.0,1.1784260869943107e-08,1.9373340872171208e-08,0.0,2.584534703908414e-08,0.0,0.0,7.096090034678045e-09,0.0,2.472334350826903e-08,1.6116940291351794e-08,2.667527944633977e-08,0.0,0.0,0.0,0.0,0.0,3.605484822008339e-08,0.0,0.0,0.0,0.0,0.0,2.261914623698039e-08,4.3869092950449413e-08,1.616931115130531e-08,9.175729901063235e-09,1.241160208708625e-10,1.6558190343036974e-08,0.0,3.7397659040510895e-08,0.0,0.003935594063631393,0.04124989941850543,4.024659417104545e-08,3.906113088693126e-09,2.2294855369690285e-08,0.0,0.0,0.0,0.00011829443904662825,0.0,0.0,0.0,1.4454707302526908e-08,0.0,2.084454566516249e-08,2.8475445166790652e-08,3.088359412848859e-10,0.0,1.4059069034348802e-08,0.0,0.0,0.0,6.7500477215597715e-09,2.9693771533138625e-08,0.0005181657134115266,0.0
HS,0.0,0.0,0.0,0.0,0.0,0.0,0.0,0.0,0.0,0.0,0.0,0.0,0.0,0.0,0.0,0.0,0.0,0.0,0.0,0.0,0.0,0.0,0.0,0.0,0.0,0.0,0.0,0.0,0.0,0.0,0.0,0.0,0.0,0.0,0.0,0.0,0.0,0.0,0.0,0.0,0.0,0.0,0.0,0.0,0.0,0.0,0.0,0.0,0.0,0.0,0.0,0.0,0.0,0.0,0.0,0.0,0.0,0.0,0.0,0.0,0.0,0.0,0.0,0.0,0.0,0.0,0.0,0.0,0.0,0.0,0.0
ORE,0.005917835139867151,0.0005722272236387669,0.006947336689949166,0.0016974790946442458,0.003983241886380717,0.013976854265046497,0.009752352264597156,0.00508080551341365,0.0063636482050192025,0.001937997940630699,0.015154715618100303,0.004243729639614537,4.417277067505886e-05,0.004613237117115501,0.00038234805455360715,0.0011126274138346386,0.015000538630858437,0.007109525866279493,0.0045934038117162465,0.009495302048857733,0.0031257577793944,0.008671356324864448,0.024147848367452898,0.00013851773211930195,0.0011114076927239587,0.011417750373574759,0.04305969083087715,0.0743619250373267,0.10450154375323858,0.07430771379504542,0.11777270754253746,0.0008405421844071012,0.0016846035525695112,0.01292872971965864,0.021172991510927004,0.026548786319323756,0.006106409700402767,0.026141127587308643,0.061737586741844055,0.01565302634617381,0.022323692962822557,0.03383503202108834,0.023829163348064387,0.021247783756761358,0.0484527123866576,0.02114163647790252,0.0041638167686702645,0.002490108485708282,0.13336051712551567,0.03351782056927436,0.05055740833420496,0.012456644687683328,0.05228634305194627,0.055645767048319354,0.026397035463914476,0.03158054920283668,0.08561113148223283,0.040398738967822166,0.08308515065471037,0.10574043459336399,0.05895063215011439,0.07994509256295061,0.11256747706790976,0.016142625725941075,0.06164475083565501,0.09143118281708369,0.00041610175822914895,0.01573511472601421,0.006480460442281139,0.004877694073382794,0.00614200059659564
532RL,0.0038172171336030556,0.0016636675932352228,0.01507073074155656,0.02088949042197317,0.02299507552727051,0.0049044871681239435,0.013339960822980721,0.0022568333396506862,0.0058104031319275665,0.0030294674610813607,0.00577259111066807,0.004029808869214064,0.0013724818847301696,0.0038926767808445156,0.009909370224781286,0.002554789102787766,0.0032543663230675353,0.005827994988169441,0.003836819433443852,0.00141208139243491,0.08118186180476056,0.005744627062034431,0.0051699611134241935,0.0027672380760453853,0.004931568353204499,0.004482112880464772,0.014413617142915428,0.0035438745851923714,0.0054394133729097635,0.016024574960920798,0.008546846433574232,0.054967959847122994,0.07668015245623132,0.1318346380801502,0.0602197374176095,0.008918675060081909,0.0007942243995400474,0.010711765755007848,0.006310862737966068,0.0042028191804584164,0.005498157542813132,0.00990129688918678,0.025553590034604903,0.0028235514763199463,0.013172599167392806,0.0028733387902609418,0.00017240281497400773,0.0017288677967245963,0.002833525746777271,0.02920404405886412,0.005226577530844347,0.00465381696843867,0.008028044174713336,0.03617477951174203,0.007885732169554151,0.01837114833026403,0.003032555778634513,0.004016601185563594,0.0035462403027194814,0.0016394015414700762,0.0023935019549491425,0.012612265661672927,0.013062049493722758,0.004447662079060462,0.019307476931696155,0.002222670254698651,0.0004956997895859407,0.0002657229593483845,0.0018231649116802959,0.003820252683772071,0.001675877257383573
5411,0.0006385918327424966,0.0010647337771632016,0.0023775492036318194,0.004002702544844233,0.0020377970013071675,0.008910379373142242,0.003136125436981965,0.0036821861931889623,0.0029575898977615266,0.002007280705043754,0.005010262777017883,0.0022482509291673882,0.0005587155683661491,0.0007596011099751087,0.0016595467257145714,0.0008827582923759827,0.0033318889535929367,0.006234016355293774,0.0011230301472445238,0.0023331239289497633,0.002818119078152639,0.0036720130908163133,0.0036183555844682526,0.0007852524590256778,0.000846036396797057,0.003999972304228459,0.007701485099622589,0.0024245824339523218,0.002401264534867933,0.0023591326083667553,0.004169082629944745,0.0009058611393080837,0.009781357908194597,0.002556556058830466,0.0006628754587228893,0.002130602570660258,0.0012944012760317887,0.0020094040506746075,0.0021783181124206564,0.006681617002839011,0.005613419202127606,0.0029322923620433133,0.010800984844235107,0.004292167223290821,0.01619420386486674,0.011182248037322963,0.008696556508179335,0.0011850830673711293,0.006132891114728289,0.0022733337577844548,0.006940521986623427,0.00457133230532208,0.01622382912639282,0.01402619070702003,0.007120196247938068,0.004102238842639716,0.0008249672175109665,0.0033039149330363646,0.016070365715841178,0.005491856382155414,0.003505860873204666,0.012367045933379171,0.013966727242024728,0.0018674005801178285,0.002364677669466941,0.0051552748792246805,4.837640243766406e-06,0.000524919492167124,0.0008027379331000553,0.006475317645217464,0.003396616631741657
5415,0.0010685214523336768,0.00043848778063920133,0.021219783704200995,0.00667591046182409,0.0005221350723738709,0.003883442665630889,0.0030280166207758666,0.0030188357813298113,0.002715071697556471,0.0013839095040850853,0.00500724374802711,0.006277945023524831,0.0011908712899194563,0.0010164175658493233,0.0009789595073555293,0.006786750971901517,0.0031471875079040184,0.003133729442062489,0.001441809250541022,0.0016489230419480532,0.0006473273302053712,0.001891809822964485,0.004921884668947864,0.0013001695301022584,0.0005434294687504608,0.00229410289920512,0.010209569270900819,0.015277067795825152,0.0034817309438517677,0.0064804093498491925,0.006386225925425195,0.0010823690561922732,0.012873481314773472,0.0007810142657625675,0.0018252598768391205,0.0017013119327141943,0.000254417936777099,0.0019007480010812244,0.0010438545114049556,0.01661623538543716,0.003917012271757135,0.0045145202023032455,0.026757305043266264,0.005969726111220517,0.018917727247805015,0.007053533358234077,0.005879336152018123,0.0005915151768140981,0.003722373794785352,0.001653153818998099,0.011311611948607362,0.013816199240522575,0.006087320293343851,0.003257387388049627,0.015354836846765732,0.0061174184625636474,0.0057981723040923475,0.0035404741000791356,0.005806630683333915,0.004386569822895126,0.008216205411869928,0.0024530345924258794,0.0066200213726068605,0.0033978822620055597,0.0055942006149414854,0.0038241506769261706,0.00817264409882264,0.05577839501861614,0.0015337034862011561,0.014272650256186776,0.015319897918246148
5412OP,0.004201702281032035,0.006188728094734033,0.011552583811722203,0.013135805196313946,0.00946728638258429,0.02342030454656438,0.02603278144432841,0.015502629036213205,0.016209375018149275,0.011014632138667055,0.013225522256515307,0.008957410785093815,0.001954770818542003,0.01009729777602848,0.0048362038516175385,0.005966076528833054,0.02167144178216934,0.01799642279953041,0.010763952186302989,0.01123484385710093,0.005400548487669525,0.012814741690770756,0.014750761532326623,0.003796148437976138,0.0051494459011961315,0.016204093216922722,0.05800903179155616,0.08245383876812318,0.035558694317090626,0.018648046554485518,0.06479347772497936,0.004079662519368031,0.019687385981069765,0.01573288543694268,0.010082030629186695,0.016017590138043974,0.032730976980330354,0.008652589446839071,0.018197276020817558,0.04119183240030887,0.03570588259493549,0.038181770654009885,0.08344760813674901,0.03630374553517513,0.05815051375790446,0.031943985267173625,0.01346659906191821,0.00157753925180508,0.03126472830936909,0.028751682914467124,0.02547204050051321,0.03910776010469864,0.07550242082397918,0.06174810714128156,0.038239937738849726,0.022249175239640717,0.019719977613681352,0.019114500864914695,0.03754776068360005,0.026875381188509528,0.02843540163962827,0.03746133170190686,0.04522944798512463,0.017281191024420214,0.02314375390670518,0.03007071425984059,0.07989478867508648,0.03130709925966868,0.015930783752375204,0.031098894214191965,0.05256633961579693
55,5.058740161231942e-08,4.463832763079898e-09,0.0977479067336262,0.05610434486060768,0.023931077599767644,0.0,0.006808532079079389,0.0032536960585379153,0.015387069915848595,0.003928494197959749,0.01120005147800713,0.028399232222408744,0.003755504483298362,0.015797799845510392,0.01545108124377262,0.006657513759814719,0.004970955713872826,0.020649014969223025,0.025529909562016777,0.01700231814984127,0.021141650723541336,0.010194016206887632,0.0046118656209276675,0.003885264487724338,0.012201108661857576,0.007260017764257135,0.05128161983004932,0.006860120997354523,0.011908518815286498,0.04197366541197458,0.028463268437453774,0.009455872490119348,4.7648176435549014e-08,0.006072821451713311,0.009984526364362234,0.002519485206794003,4.824582712980642e-09,0.02483292174148571,0.008801029612189704,0.007687982229940802,0.003428312230390463,0.004382682595731313,0.006038930996391055,0.004058120279761516,0.02994201721613063,0.005170484120995929,0.005819254750046714,3.3654966832045955e-05,0.05523161962864035,0.05148404351179072,0.01074896072593166,0.0053148874948233575,0.010764525687811936,4.444849022178232e-08,0.019081919192575483,0.026749317826896823,0.01708359879093788,0.03068864388495033,0.00997302990988067,0.01849331219928931,0.005964253975157705,0.0219874377401685,0.01551289266690209,0.009365584101229157,0.07088037704516174,0.01351109308452639,3.215451846038654e-08,1.4252701230322005e-08,1.340955789135537e-08,0.0,5.3104128547979824e-08
561,0.00099666823328097,0.0004959828440743402,0.001685671223924451,0.0038556066069302987,0.00906574040643256,0.016914803368649353,0.004761505576358682,0.006355880563632087,0.008492809826992473,0.014982968481598583,0.022553665501902822,0.00528937263235189,0.002026869543067409,0.0039586255760312395,0.0035323811635612438,0.01686523326448008,0.00427402160432167,0.00979860541668266,0.0031420791683079425,0.0033461287738049315,0.014724599357009198,0.006750367109609047,0.030387392307256816,0.0030359051404238026,0.0035815342475287028,0.0066360072485084085,0.03300547508402239,0.022783004467243594,0.010527343446981249,0.016342452363699512,0.020901369043694606,0.007575599859262422,0.00934402175079667,0.05275311455573994,0.024066755427494216,0.07481545560599868,0.04527939264789642,0.04155190577536668,0.03579647766370753,0.03509721415977923,0.010898180697941878,0.03808121054958948,0.05287059872086827,0.018037266266012958,0.02347336190448717,0.010858499442314944,0.0008863292325029981,0.0015717448928937474,0.10919420790945461,0.06863635890999038,0.02821315041113322,0.044351472561962646,0.032465359266158095,0.025524816349586275,0.08660602686281849,0.04389326224805343,0.01927230352361049,0.02420715228666427,0.048024869836799454,0.040398027028233495,0.01657470429470827,0.02150148022450481,0.02040561886389927,0.013923219290108918,0.011965839840000055,0.01806673667983186,0.009508015643844497,0.030974031097190238,0.00523151023361545,0.02033380743191585,0.02071744482889787
562,0.0002453275085371467,0.0002140028688962254,0.0014190111127266546,0.0006249956037362606,0.0014588399373829549,0.001919194952593063,0.0009639364377040735,0.0009464309851085721,0.001460041526816043,0.01245844953255155,0.0009956623348816422,0.0005712681070409223,0.00021196155709434295,0.00036144930433438393,0.00022627271397302666,0.00043729284285114265,0.0010343755238703687,0.0006245970691445952,0.0010562305086410414,0.0009438415249260999,5.738933140709642e-05,0.0013765784443243627,0.0008648382488164575,0.0011882824354489392,0.0016384672192179012,0.0009742158955137595,0.0007775834684587584,0.0019465300033893504,0.000866321314487529,0.0005247194216563703,0.0007258086416585304,0.00012226500540439336,0.0013192741566173363,0.0,0.0014103782334370062,0.0004613305976425339,0.002950349001839216,0.00225707301434912,0.0010995869243627884,8.590139247819292e-05,0.00027994725476471123,9.146570488840924e-05,0.00013768803041507076,0.0003020427106324421,0.00017989413023042328,0.0010394017141622828,0.0010059906782576922,2.1487477296246844e-06,0.02678556065565644,0.0018179318260549183,0.0007085436619003485,0.00035921352722414313,0.0007114116357099784,0.0006604250279496594,0.0019326741102007581,0.06407023857782512,0.0010451873179700537,0.0012167897101181227,0.0017351190192950667,0.0023732077185349733,0.0017090738812337936,0.0005083752732809042,0.00273927555278799,0.0022542534593622578,0.0015410391465497497,0.005642064608859558,0.00013786327117949014,0.0011506464092709743,0.0020162728260208753,0.008381130378030724,0.008132030797704932
61,2.522365138102632e-06,2.6505965471891526e-06,1.1913921724578464e-08,1.4113122089716624e-09,0.0,0.000116745993445852,1.5361174416070836e-06,2.3453019931851608e-08,1.0248361152810055e-08,0.0,1.0166423107041233e-08,0.0,0.0,4.43771907967126e-08,3.0221425895942876e-08,0.0,0.0,0.0,2.9602019334115066e-08,4.1950172967568055e-08,0.0,1.943620357901777e-08,0.00013940310643650582,5.615677062535487e-06,0.0,1.1597371755423829e-06,0.0005249089900332436,0.00016422100880445387,0.001129073905539611,0.0,0.0019441572801942991,0.0002376003972070374,6.98374643065893e-05,0.0,2.3057806101764555e-08,1.761739807171915e-08,0.00010656627860060276,0.0001266992326469229,0.0,3.07257115404268e-08,2.6037844252970414e-08,1.0924513719574224e-05,0.00012900522605398406,1.4111748847764686e-05,8.885968398493569e-06,2.622194119121196e-09,0.0,0.0,0.0,2.8533079156209568e-08,0.0,8.690507979235487e-05,1.0266476537133717e-05,1.8532294033855186e-09,0.00012902096427505814,6.53607523330536e-09,0.004641530942666283,5.44553395302597e-08,3.209845644004137e-06,0.0,0.0,0.012693316522266632,0.0017461933827146031,1.807916460474471e-10,1.3030069007151369e-08,0.001547746000952636,9.514388716420577e-09,6.668385777663503e-05,0.0005582935665045291,0.0034293709165526104,1.4606898181709191e-05
621,0.0,1.8830970533841005e-08,6.146749167308511e-09,0.0,0.0,4.4099787884621595e-08,3.7811988025277294e-08,3.942966801262023e-08,1.9536484738048658e-08,1.2272730900561678e-08,2.382766086016057e-08,5.630356481843507e-09,0.0,0.0,0.0,0.0,2.4538922352047487e-08,0.0,0.0,2.731445096526988e-08,7.959133132608146e-09,0.0,3.5993338697883904e-08,0.0,1.2450093723461447e-08,0.0,4.163157320648851e-08,3.189002481396916e-08,4.5421998687764416e-08,0.0,0.0,0.0,0.0,3.7247548756587224e-08,1.9183925003119875e-08,3.404270674252335e-08,0.0,0.0,3.253707625814388e-08,1.7304262666332823e-08,1.3846013085810125e-08,0.0,2.323306829568001e-09,1.5191422880974887e-08,4.373162549091228e-08,0.0,1.1633613274569451e-08,2.4571776650656708e-08,1.3920572539769494e-08,3.197831224863052e-08,0.0,0.0,5.5227800407266e-05,0.0,6.210295979188762e-05,0.0,2.1392553307127226e-08,0.014871279987986985,0.015153069732802045,0.0003583839860509357,3.864477870969555e-08,0.0007035647254190179,2.463386418070629e-05,0.0,0.0,4.9063962076655776e-05,0.0,0.0015446025986616866,0.0,0.004067312870925518,0.0
622,3.2109587107857534e-08,3.8043570443822734e-08,5.100358624725402e-08,0.0,1.8042033657249488e-09,2.7999835858841225e-08,4.0251521154718864e-08,1.509444864744025e-08,4.252565573799737e-08,0.0,1.968406642434098e-08,0.0,0.0,0.0,0.0,0.0,1.4333560978609694e-08,2.789463401183084e-08,1.8759159030042376e-08,0.0,0.0,1.6007993044312672e-08,0.0,5.046158659304453e-09,0.0,4.4674683837712365e-08,3.8559299458334154e-08,0.0,0.0,0.0,4.016339416415152e-08,0.0,0.0,3.5713443819361567e-09,3.976997377676247e-08,4.764646398594973e-08,0.0,0.0,0.0,0.0,4.661325935623422e-09,0.0,3.829387270563341e-08,0.0,4.711504999250115e-08,0.0,2.7948103881095963e-08,0.0,1.6147562196301626e-09,2.8760605863830724e-08,0.0,0.0,1.428682688526307e-07,3.403635852045593e-08,1.347387315829472e-07,0.0,3.518365377831579e-08,2.917789138070274e-05,0.0008268065030627714,7.463568699826586e-07,0.0,1.4040658350485177e-06,2.6852221298695785e-08,0.0,3.465811225303497e-08,9.273363438206686e-08,1.930116794998152e-08,3.04095628362752e-06,0.0,7.983623326079616e-06,2.6141240170440307e-08
623,0.0,7.819655476825307e-09,0.0,0.0,3.7774843442999924e-08,0.0,4.661636333545915e-08,2.457721124399671e-08,0.0,0.0,2.5032267726397715e-08,1.1069939965583594e-08,0.0,3.0185053339584775e-08,1.2721503475618789e-08,1.6895937875650102e-08,1.9366430150725398e-08,0.0,5.7613943725590105e-09,0.0,0.0,1.9083434349284867e-08,0.0,0.0,3.308343464512221e-08,0.0,0.0,3.7258261645648583e-08,0.0,4.130526661247176e-09,4.7643763436991617e-08,2.868125466150474e-08,0.0,0.0,7.036490658197845e-09,0.0,4.291033335573033e-08,0.0,0.0,2.6339842002702203e-08,9.320092251162531e-10,0.0,0.0,2.0793183752921593e-08,1.1946643457105333e-08,1.650419963107147e-08,4.048544308079978e-08,0.0,0.0,6.147158912693518e-09,0.0,0.0,3.0437999320076303e-09,0.0,2.8438037733715045e-08,0.0,0.0,3.9707318671257406e-08,0.0,0.0,1.2079465540102814e-08,2.4901641712320485e-08,0.0,7.635234673069893e-09,3.393463089154413e-08,0.0,2.7177125287758327e-08,0.006521844171283703,4.323607913592003e-08,0.0004030719270791977,0.0
624,1.1033328939195289e-08,0.0,1.7178962987228307e-08,0.0,0.0,0.0,0.0,0.0,2.3537677938753048e-08,1.6301552217206583e-08,1.0978571633451016e-08,0.0,0.0,2.8567071777157434e-08,0.0,0.0,0.0,0.0,0.0,0.0,3.370574319193194e-08,0.0,0.0,1.0135376173632872e-08,0.0,2.5375697040565362e-08,0.0,1.5312607927114602e-08,1.385814091472109e-08,3.244146569489533e-08,3.352723630087279e-08,9.375840089717827e-09,0.0,4.353450010997473e-08,1.1848635042249873e-08,0.0,1.8785353467511205e-08,0.0,0.0,0.0,1.8249000892366015e-08,7.876048506489145e-09,0.0,3.608239680950744e-08,1.1841764611868256e-08,2.992157717018081e-09,2.325320923899045e-09,0.0,0.0,0.0,2.7912821756118508e-08,2.2672489129163478e-08,2.7972058284867843e-08,0.0,5.40457635156961e-09,0.0,4.550277607408339e-08,0.0,2.7638463602011294e-08,1.6392662454520544e-08,1.3303309343015712e-08,1.0599893083792658e-08,0.0,0.0,0.0,0.0,4.262228642837847e-08,5.224566309856796e-05,4.6208900198898194e-08,3.187696532842353e-06,0.0
711AS,0.00023681235550653695,0.0,2.144008558187242e-06,3.458905994295118e-08,0.00017031545129373343,0.0001796029217798345,0.00014583331406358045,0.0003415166011413012,0.00029756276085909727,0.0002484324173835025,0.0002329834525904527,0.00015433526888039407,1.3042989634617638e-05,4.6259455064865516e-05,6.334466473853087e-05,3.8450235194144894e-05,0.00022598982169434473,0.00020125977906856028,0.00013524195677263416,9.07670505184467e-05,3.457838729804576e-05,0.00029929750863284116,0.0004507938045310697,8.697059903550358e-05,4.525189605933921e-05,0.0004385942077379624,0.002021572023104264,0.002314553163987817,0.0015112124460377183,0.0003409207514635074,0.0007347854754011719,0.0,0.0010697771112813215,0.0,0.00013265060749289925,0.0002207730964726663,6.3877159235304325e-09,0.0010177103084709484,4.980476462334453e-05,0.0003459827199310991,0.06445067650617878,0.03095017367072445,0.0010828906981012383,0.0020225461918022226,0.001503736848597949,0.0002475325232261113,0.001582776604567994,4.26837462003107e-07,0.004276313463670736,0.0008879714807467967,0.0015271607600665256,0.001826079074901918,0.002167471731063382,0.0052320897411674925,0.002047201373146152,0.000944717321172331,0.0011679705487719668,0.0011836373726140815,0.0016628973493524348,0.0009512387591849051,0.00506984435330538,0.14307028995082804,0.005104163528916618,0.0005929879373838184,0.0032525789091222015,0.0015036471183926103,0.0,9.315159296635232e-05,0.000341799267663105,0.0008535778790936804,0.00013941939025870047
713,0.0001740154078259488,1.4534307231272299e-05,5.867661830640096e-08,1.27336057412831e-05,0.00027112028701443925,0.0002950986509352,0.00024839239244063,0.0002822660217101639,0.0003772256592649478,0.00014016356204022724,0.00019486469232411454,0.00011931050972843627,1.5076032609689172e-05,2.800284970288919e-05,5.2779072617516564e-05,3.220379488425035e-05,0.0002493563944505896,0.00017527473873278857,8.470542869663213e-05,2.8548389722235205e-05,7.516378414060138e-06,0.00017977374506354275,0.0003465677130169074,3.6815447160987856e-05,4.0805124386739407e-05,0.00025449233330694844,0.0009091364476025274,9.516538347131544e-05,0.0004805183625833696,2.4583823747832697e-05,0.0009568383558873654,7.957101202504949e-07,1.1286826557534463e-05,3.7079148685286876e-08,0.0,3.8397244453942e-08,0.0,0.00013050604265037592,2.0715053350109253e-05,0.00017710431092950963,0.00032457033285375285,0.00015846065847696704,0.0009811664778647856,0.0010996133668143308,0.0011247652950021015,0.00012954028237400087,0.00044131162169085163,8.540587728516503e-07,3.160870407717406e-08,0.000722640378044843,0.0008115722880693473,0.001633177010526312,0.0006857882700695893,0.0028605102988960842,0.0013760176462593598,0.0007470283906531645,0.00047017004543137503,0.001184699731510903,6.600159210551755e-05,0.00045526430571564907,0.0011153669714896682,0.0006734799066623381,0.0012347190232167016,0.0008798799644267347,0.00119734944277856,0.00014595595144236318,4.881101757669322e-05,5.134802117655192e-05,2.498088021652787e-05,0.0014019677769695322,0.00022250086407828908
721,2.012456570327141e-06,1.6687846152920348e-08,4.079090108882881e-06,6.256439789665965e-05,0.000879465867230729,0.0014055978070669861,0.00019487793730221892,0.0008997243603010958,0.0010815606414098454,0.0005010181958635864,0.0006854144489958022,0.00045237109150161967,5.5706972811620747e-05,0.00015848333530416695,0.0002533763187960361,0.00011290924748369953,0.0008271511782213478,0.0006612460757476782,0.0003010652397928773,0.00020764729127850298,7.334417479750698e-05,0.0006304755636163078,0.0016094853634854565,0.00012978942432194268,0.00016327880066844863,0.0009537946862582127,0.0013939320806237061,0.00011321497614562056,0.00017002258677692347,0.00015711597724329764,0.00023463850254080643,0.0,0.00012986019478048526,3.4664227128007445e-08,0.0,0.0,0.00017641085764042238,0.001339258578174995,7.883283114101981e-05,0.0006897894091765797,0.0015152181737907282,0.0006256099030665291,0.005316029368360704,0.00430416682328843,0.0044592119782970036,0.000501221737612969,0.001769489228599973,3.941827137914318e-06,0.007788128641512188,0.0031953071118246378,0.002467134850153773,0.006553632948376497,0.0021661055289312545,0.0011798388835206823,0.0042313760699820985,0.0034652628735240263,0.0019743541343659704,0.0030058411284121763,0.0002715796311177318,0.0010383932692141326,0.0018130159519702438,0.0006485156671513703,0.0016339339823281467,0.0006197422406073461,0.002891815831331105,0.00048102042548915305,0.004960156895074662,0.002572998170783904,0.0004726817404550679,0.0014300913213178483,0.0004537479465496863
722,0.0008388836130990266,0.0001484401560610417,4.6311194402449024e-05,0.0002716586134124965,0.001942606486309134,0.003068439646890945,0.0002613401393132432,0.0014352085338796708,0.0014746039951440233,0.0009204806307992775,0.0008924557837716176,0.0006521315412014738,6.562954471453547e-05,0.00035022852020097914,0.0003157270700983292,0.00016703220492286243,0.0010075769985110202,0.0008286026887566692,0.000502884841464632,0.0005729031838125886,0.00030981485270258096,0.0010469546842004698,0.0016238026457650687,0.00030237105235769035,0.0002198730743106161,0.0013115441968066558,0.0037975593749374524,0.003205526669058768,0.003138233715180983,0.003844286253565013,0.003664347680177544,0.011378731862349195,2.7931183550554846e-05,0.00013479958400988077,0.0015385331949442165,0.0013192165478656637,0.0010962584228199857,0.00547898034348795,0.001801664051599498,0.0006856892933657192,0.002220637221689215,0.0006662448751433866,0.0050350284869856,0.007056336416512648,0.0049484962924978846,0.003209520791281262,0.004683740680197036,3.342262023141045e-06,0.024338625344121352,0.008953618871347404,0.005047445814035832,0.00949377866542665,0.006727873725407934,0.006270643977492755,0.008903272251806444,0.003588817011386291,0.0027691065963987866,0.022413032826606737,0.02025704056152219,0.030750814066051277,0.01778617432722547,0.003015013227049309,0.010497555086915486,0.028835507784913447,0.007625932174662786,0.0016019044618491409,0.00199829180602243,0.0008728090883288401,0.002351019069128013,0.006268233924637282,0.001439923934458243
81,0.0007528221995093109,0.0010420868014244652,0.00033202197969520885,0.0010089898697097925,0.0019138667588570258,0.001348047642635557,0.003354574447439106,0.003323342701917297,0.006027097924964028,0.004371415708853512,0.0037344231077526477,0.0020205969771031292,0.0011458374983436977,0.0011777647706250032,0.0011340322008601337,0.0014677882980436744,0.0018040199639777334,0.0022335596988175355,0.002018860867475976,0.002039685645502213,0.00042342253565981816,0.005267734941924934,0.003291499329236703,0.001268739476500382,0.0024015401457602357,0.0034594679565059685,0.008809333124288037,0.00784840443030227,0.008078664873912546,0.0076121355290536315,0.006157711486278767,0.001178986439952861,0.0010293096855312784,0.004179940008886629,0.01774945755414262,0.022883283458215758,0.00705092514974046,0.008669602679684965,0.004690120647783448,0.002554516518390277,0.0016373314365740969,0.004468859513146643,0.0033983207598772547,0.004329313283860496,0.007457740227000589,0.004778862087049573,0.0007642139133976407,0.007315424889616123,0.003086099162106132,0.015437627966438095,0.0022837133905202053,0.0030022496531136728,0.00400447983840752,0.009256546486119469,0.015218333836172196,0.039453728703723316,0.007047733952268543,0.004440731729269868,0.011640049282342043,0.0053687379051024185,0.0035802461810354245,0.0042671185501807025,0.009462682554927923,0.004040746190287206,0.010255356120523444,0.0068627627757574805,0.005371707560405867,0.03563811400526629,0.00567113265557754,0.015225464185062558,0.008292606155890066
GFGD,0.0,0.0,0.0,0.0,0.0,0.0,0.0,0.0,0.0,0.0,0.0,0.0,0.0,0.0,0.0,0.0,0.0,0.0,0.0,0.0,0.0,0.0,0.0,0.0,0.0,0.0,0.0,0.0,0.0,0.0,0.0,0.0,0.0,0.0,0.0,0.0,0.0,0.0,0.0,0.0,0.0,0.0,0.0,0.0,0.0,0.0,0.0,0.0,0.0,0.0,0.0,0.0,0.0,0.0,0.0,0.0,0.0,0.0,0.0,0.0,0.0,0.0,0.0,0.0,0.0,0.0,0.0,0.0,0.0,0.0,0.0
GFGN,0.0019507702466545769,0.0005637330116509059,0.0027572319418407475,5.66311398964761e-05,0.0015964987075084138,0.0021927011876808713,0.0009300726475249501,0.002440588624134834,0.001939211670650942,0.0027217487779557653,0.001786070874213138,0.002985680319294093,0.0055078240457899965,0.0022793826256219158,0.002913104590397162,0.0010576744703843293,0.0013893312300007682,0.0021888057792160713,0.0018895538300226,0.0018747759606277236,0.0005425340136740371,0.0031350514453646313,0.0024918177997779256,0.0096508348183965,0.0027418910207823236,0.0027538124408691416,0.0034900709198357614,0.00020470545512175312,0.0017186587489622855,0.003150833455899413,0.003119671693481988,0.07650408225615077,0.002184621630473574,0.050857312037161914,0.0015546096003988454,8.03686354207122e-05,0.00109634658786552,0.0022492158561024053,0.0005796634548244743,0.001168506128056083,0.0022150309809597785,0.00735805384926489,0.0012563029731176192,0.002040617958667928,0.06704471891478977,0.0012703693630327579,0.0002684129287851813,1.714441173107523e-05,0.00022069458183798297,0.004878575550021247,0.00016736752953671385,0.0031039443592816487,0.001263966965845651,0.0026059273057342834,0.001185756444896666,0.00025007457603650553,0.001119526559398967,3.7115154267229944e-07,9.080294910281013e-07,0.0013971662599637708,7.960388412006136e-07,0.0022892173701678986,0.0020919819243083995,0.0025150411890329676,0.0024808078694566315,0.0027477064633513854,0.012821235129848965,0.004796683682085412,4.659847732224426e-05,1.4345112255846416e-06,1.1097031641383027e-06
GFE,0.0007803305610176845,9.994649864626428e-05,0.0009618277712909324,0.0015855166287493043,0.00014558532779049394,0.0027764775460200194,0.00021660405672149565,0.0005218986925303505,0.0009744191234879098,0.0009240262993224601,0.0007675058910139521,0.0007688385002189629,0.00026475271211878927,0.0011902591135791545,0.00016529980514738227,0.00039586616272383585,0.00029431534655869257,0.0002965995662771595,0.0003206163239744129,0.0005954107481960993,6.0558869153703455e-05,0.0010038009245708164,0.0009788287610690077,0.0005041526182251579,0.0006233386873526183,0.0006840809434798623,0.009477638542840542,0.0037804496262705566,0.0037908648875908503,0.0024649594269133615,0.005382003334324751,0.00020591808696034504,2.6692208352271354e-05,0.021660443628639982,0.005863315036949698,0.0035219979616335556,0.002890483662355439,0.003174770228629373,0.004331546955326466,0.0006156766943192837,0.001768702925068859,0.00045834398142271057,0.002479750526742609,0.0011881625234269185,0.004985317505656378,0.0008151483984219782,0.00042902787017877025,1.2280908073515963e-05,0.0010165616888294206,0.004295940735074628,0.0007828826171479344,0.0007525298851774841,0.001003100340265593,0.0006334503586569727,0.0010736912480477573,0.0014172847038649292,0.0008581259335562738,0.0010766723212020297,0.003581432500209381,0.0014850365353257804,0.002512869941985212,0.0010458828102537059,0.0013220507191906488,0.004091701005644749,0.008050268805075247,0.0007805937304208487,0.00018198182128245999,0.000409751398057366,0.0016247464550050994,0.0013793484594943504,0.0006608536766398719
GSLG,0.0016640922172992312,0.004405669925950553,0.0001877963041854785,0.0001744625944910921,0.003970924406895176,0.004749713120573118,0.0006802913842267058,0.003057377033478257,0.000281271448929809,0.04605007795959517,0.0009072349996475621,0.0001076997084154717,3.4967240392505936e-05,6.816156185173141e-05,4.300713978330411e-05,0.00010769084801362928,0.00019719278213177347,0.00016729099099670113,0.00044434011050184914,0.00018322203929635377,0.0002896642683829153,0.0011135143447273126,0.0002517880220923717,0.0001053339028008575,0.00022581098132791377,0.00035691411675794127,0.0003977308418373836,0.0004719275716782073,0.000703581183516687,0.000164735042689794,0.000977902910202262,0.0,0.0001944761918175676,0.0,0.0005290415280855502,0.00019762899986513677,0.0009197976436914996,0.006496272042912387,0.00020329078367957334,0.0001133208049960905,0.0007429075506184831,0.0004365241925697843,0.0003358836530683009,0.00018059020179697654,0.00016459097519453466,0.0001483907952180303,0.00019779690654271357,3.3680360322103823e-06,0.003065502654910591,0.0003553780117898287,0.00020727073647591263,0.00025342615953932604,0.00022659593729905042,0.0003705374681540234,0.0005698223585793213,0.006824252432312401,0.003451549352527279,0.0006859905010179023,0.0009830065901035444,0.0003757768176186588,0.00031231297332912306,0.00588826563107444,0.0014685952272579122,0.00035840796274499835,0.0004976075124092997,0.01973459377355264,6.345259495408962e-05,0.000339734349164971,0.0004919126272869905,0.002422466446895255,0.00094187791872995
GSLE,0.005154802865665198,0.00040325913850424474,0.006511876393370968,0.010692991744552372,0.0009663583679305042,0.018203572463543705,0.0016769860886336385,0.004629087659427083,0.008439991494822783,0.006437123270555746,0.004125591675131019,0.0022312340046717377,0.001216601739921676,0.001809049345661489,0.0013216805913325589,0.003131680869021769,0.0030610546628862625,0.002123511747863596,0.0033405294612447786,0.005173227454120925,0.000535572504562069,0.008403181494776354,0.00469820771833974,0.0037423774989551396,0.0056329474207182356,0.00583214134883187,0.0050013168646783806,0.0075654634796374475,0.012986796502065228,0.010009561414602453,0.008120323270652298,0.005696243210829589,0.0009561918202756069,0.0024543798003458274,0.00956774690567548,0.001968931883903335,0.007355000262865581,0.007518457939353864,0.0070906492379816345,0.0009013021220868821,0.0018633737638163793,0.002643407361201477,0.003500767546981304,0.0018732599720279312,0.002362611022807193,0.0008513823127676821,0.0021764913302038482,0.00010045821120881584,0.008091770829699326,0.004869984377289037,0.0027540102988755422,0.0015891697999870797,0.0023569794072183774,0.004404233471048582,0.002873264042135554,0.014006784378332743,0.004796860211163709,0.0026388169507609366,0.00461935996965688,0.007056275538414438,0.004232478988957564,0.004784593308857791,0.007995632741811929,0.006989474525330269,0.007630616543495592,0.00452100974749928,0.0026959110909120145,0.002618852318749876,0.009003394825461253,0.006752211273489368,0.007397262637016011
