bea_code,111CA,113FF,211,212,213,22,23,321,327,331,332,333,334,335,3361MV,3364OT,337,339,311FT,313TT,315AL,322,323,324,325,326,42,441,445,452,4A0,481,482,483,484,485,486,487OS,493,511,512,513,514,521CI,523,524,525,HS,ORE,532RL,5411,5415,5412OP,55,561,562,61,621,622,623,624,711AS,713,721,722,81,GFGD,GFGN,GFE,GSLG,GSLE
111CA,0.19726865507735158,0.01183219205243608,0.0,0.000251480434633553,0.00012060577410984369,3.741528633859391e-06,0.000785642281339293,0.00856906541026223,5.45005545463778e-06,1.8030518163875206e-06,2.61762431040251e-06,1.8644568818447916e-06,3.2802707336179935e-07,8.596576005357483e-07,1.1360200163484316e-06,6.247796413719625e-07,0.00010435439177971668,0.0015834915792630737,0.21609322032012057,0.0594484539567332,0.0007347449974026743,0.0012380775315918677,2.5348291009351604e-05,5.574606067894383e-07,0.013896864540666442,0.00039488789340144464,2.2752707585162712e-05,0.0011705781841614713,0.0008145817036607311,2.2174670863052235e-05,0.00019086529886116877,2.6790354522240798e-08,3.3472208960577697e-06,3.445901105681454e-09,1.929974137515852e-08,2.3365635605430512e-08,0.0,5.4085409621868076e-05,3.756578826748612e-07,3.251513257055309e-06,5.738354942716424e-06,2.292755315467746e-06,1.4309006342644095e-05,1.9435048558718457e-05,1.537592739293453e-05,2.090661729623564e-06,7.657710844899622e-06,1.0019465058200786e-07,1.4511245069644556e-06,8.847773173147642e-06,1.4641975626636971e-05,2.5285965768425826e-05,0.00027275216853297866,8.169791553360196e-05,0.0013783637506943175,1.171543852695083e-05,0.0003091113407645025,1.6947383335000047e-05,9.613684201132735e-07,6.902799630235423e-06,1.437187219897776e-05,7.105577273042779e-06,0.0030483053454717075,0.0002062372233850373,0.005104230437199975,1.527480600432144e-05,2.8544315909623998e-05,0.0,8.16475034558758e-06,0.001261233854257862,2.9474948862962146e-06
113FF,0.05636756931585337,0.10418032442656466,0.0,0.0006932482074487348,9.164319320520807e-09,1.4602182160144677e-08,6.844068898098684e-08,0.09879864508713791,2.3213376591868284e-06,1.7768481457554812e-08,5.8758812215578125e-09,0.0,0.0,1.0960983456003131e-08,1.1281084503275557e-08,0.0,0.001080877752305188,0.0014638007101776642,0.006529257147086738,3.6794546326695582e-06,0.008491319661964942,0.014263683059781682,0.00023840987719444707,0.0,0.0003400716218136325,0.004521543868521385,4.779462554102175e-09,5.217262928271216e-08,0.001645117195003618,2.7242937842377467e-08,1.8942076299369107e-08,0.0,2.525839726241518e-09,1.7420546306635607e-08,0.0,3.5583425896115563e-08,3.015594507919631e-08,1.6155009743808628e-06,0.0,1.0221510879459964e-08,0.0,2.1345624685729317e-08,0.0,2.9421245727320727e-08,2.6153904182712105e-09,1.0147365256238222e-08,4.82415434584013e-10,1.7679920409051743e-08,0.0,2.897133011413422e-08,3.0377040628650775e-08,2.2245560211412325e-08,5.068793118479756e-05,2.3983357952536702e-05,2.385682813049903e-06,0.0,8.286351190695153e-05,0.0,0.0,1.5112338878754326e-08,4.366344444813026e-08,8.680659499826543e-09,0.0012405654164022832,0.0010707671802193384,0.004260121109772633,5.922255276305941e-05,2.59032160714308e-08,2.910564748554094e-10,9.110135247720439e-05,0.0012589872062560383,0.0
211,0.0012503637755301412,0.00010543971561072598,0.04763626259906539,0.0012170530368221149,0.000803645486617439,0.0367281445308243,0.0013955348947730201,0.00037278258444474894,0.0002992328394176145,0.00043124785174767657,0.00023130999207954576,0.00019058221180540014,3.622985762733491e-05,0.0003152554044827638,6.545035755531625e-05,3.1207006501944566e-05,0.00023135932239259677,0.000464825361052789,0.00020638573631721164,0.00011524311941202249,3.456240490282598e-05,0.0003692297158103157,0.0004022265394042577,0.5079668514238116,0.006744475548809059,0.00026394349749668436,6.717888307995022e-05,0.00013339203483452255,7.510173302953515e-05,4.0554771425068334e-05,7.51430737620959e-05,0.005216010127409901,0.0019516855055879323,0.0034622056237582437,0.0032788156226653147,0.0013314262064698951,0.0004075328109947449,0.0023976133064334856,0.001717112261657991,0.0002723282676647279,4.34803863040539e-05,4.779885432460713e-05,7.413448460509151e-05,0.00023008651857582313,0.0002758742901448345,3.670862174955855e-06,0.00017741299344697017,1.254536665672664e-06,0.00016290467290916126,0.00019731282667644295,8.092198402899446e-06,9.398451691797983e-05,6.15881210402999e-05,5.091822410700504e-05,0.0003241881712335499,0.0006578227500691089,0.0007923873675804674,7.433545031728095e-05,9.27515443522034e-05,0.00019952346299537886,0.00022373352622889802,9.263580608433459e-05,0.0004653072434370843,0.00016682430792328305,0.0002181794514704136,0.00013181002656871595,0.0007335916636805742,0.00010997965345486774,0.009231351757035168,0.0017176724339158559,0.04452810878392769
212,0.0037402744569699064,2.820362029787547e-05,0.00034711284343765783,0.08396153129395789,0.0012793699566607522,0.007194302719639043,0.008575951742854764,0.00015593976472831568,0.06429330081954138,0.03167304189975112,0.0010898512107453517,0.0002761129637822861,2.600657886432249e-05,0.0005762812700519924,0.0001521424261921199,0.00028503444383771895,0.00021462847851108557,0.0006005133442744332,0.0010223136950119234,0.001073050458601943,2.0623918233558978e-05,0.005177340219658031,0.00012645584459231986,0.006163096588509117,0.006229317217398452,0.0010274019000090589,8.14590816292407e-06,2.1489555341876783e-06,1.147147203726905e-06,4.2382158384658954e-07,4.532694929302846e-06,2.0188873308831494e-05,0.0010886501329695254,1.3520689287720205e-05,2.729238951438098e-05,9.784633547558265e-06,8.59312132621359e-07,1.2880535826981718e-05,2.174892748644325e-05,4.2276662071956436e-05,0.00010678404088989166,0.00024680088929968753,0.001612666697564953,1.0262186259103687e-06,1.4559011451796914e-06,2.3466089947262728e-07,6.257681234307362e-07,4.651905298399968e-06,1.2133507151330318e-05,4.058055951776379e-06,6.216827096289857e-07,2.0118573854279728e-06,0.000497067915232356,4.846600250942298e-05,0.0008211497815810202,0.0003636386305113867,0.0015063371253392853,9.691183860075486e-05,7.48817293854256e-05,0.00015020787547477226,0.00035884013669543565,0.00184686278971464,0.00396605340628687,0.0004434900309383791,0.000553250276058917,0.0013316618655657903,1.3123414754977187e-05,0.0035245968074272102,4.446829673151336e-06,0.0007498235190277762,0.008802491423961703
213,4.728859634686866e-06,4.1985314481626555e-07,0.04640649429550684,0.01795844021596714,0.023363254663011368,2.154052270525607e-06,4.3716162729696884e-05,1.9661085970790854e-05,1.2998523929408879e-05,1.3869361193755981e-05,9.304413808457973e-05,5.577774862573236e-05,1.741454966601935e-05,6.47555265716402e-05,3.3135071668997214e-05,3.329169238110084e-05,4.7046929556693314e-05,2.460228440722254e-05,1.4928509429705998e-05,7.87836239320476e-06,2.9904921012401017e-06,2.444547930433453e-05,9.987776797444061e-06,4.3315104670489245e-06,1.0181062977698119e-05,2.5779101096331795e-05,8.791805702785352e-07,1.0419168783641348e-06,7.21172812577689e-07,3.42433834222936e-07,1.180810187316304e-06,5.367401161619871e-06,5.188057634372522e-06,1.975444635642034e-05,6.584542849745383e-06,3.1527070075429536e-06,2.021660922161805e-05,3.0724252289846445e-06,6.567229276970254e-06,1.2955542482513244e-06,2.6597908955603317e-07,9.55068577343862e-06,3.4329065286073304e-06,5.706471132559893e-07,6.153636394279768e-07,0.0,3.1517879575384806e-07,2.3011440290110036e-08,6.16738823994548e-07,3.5458528384327695e-06,1.0813562285734147e-07,3.919544722297438e-06,1.189325278956482e-05,7.312564323048747e-06,2.2405156087746593e-06,2.0845096387340883e-05,1.2370792778681462e-06,2.9842505441601966e-07,1.5981730458819603e-06,3.172066621069681e-07,8.777405628623554e-06,2.2768197244365004e-07,3.318480154695475e-06,4.2274345549927245e-06,2.7625649488533445e-06,3.2536333979526546e-06,1.10516039572543e-05,2.4576316889144743e-06,2.816058557848424e-06,2.8901886457988424e-06,1.3317441011998643e-05
22,0.021843411968169277,0.0006152156302795995,0.016000349398556244,0.0301289449093386,0.0034053823405397637,0.04493858289766173,0.004828322009066403,0.012620456628008916,0.02278950400830523,0.016139382623173264,0.010403359137027992,0.005649112909824294,0.0040071542289333555,0.005063618904597189,0.004051129769775776,0.00970258501194591,0.007078591268893423,0.004665474062825068,0.0075843555932191935,0.013951780473538625,0.0016267531038587928,0.021906050745830106,0.012619239240318603,0.009578704538145917,0.01408476918522187,0.015957224793947084,0.0051241776475522945,0.012036228710459519,0.031221249238606773,0.02360797690272407,0.013163952126120898,0.004796246909298821,0.0005909956727150166,0.0023429136621764012,0.009007372252160835,0.00324017749267997,0.018057427121912446,0.0037470574124746523,0.014939945235199995,0.001775323326426704,0.0022927920196152795,0.006950567390944256,0.007837839346836293,0.002745934190071655,0.0016714640033254474,0.0005359947493648882,0.009333318841064451,0.00011308885469496762,0.012352625093870256,0.0023550652256322403,0.0016240622733326327,0.0013518171627183262,0.0022800208468534353,0.007352912795749172,0.002591596879641606,0.009119633067345204,0.01043694317853797,0.002936106270314196,0.006247409744266468,0.010647630215360875,0.0044979796880457775,0.00543453087396641,0.01683823197367576,0.016600368511735585,0.017349478826014172,0.0068646962553663435,0.0046108435437644596,0.003710727185421405,0.02034857056464593,0.00915331445266113,0.008714008980564862
23,0.0050037253109286636,0.00034945526913882584,0.0004456847576523807,0.04516643863442971,0.022112477188127873,0.0074131102807538036,0.0002887544069111181,0.00440626253128725,0.008735694595174499,0.005720219094201677,0.0048899899940308645,0.0032210445373139387,0.0021717439793200433,0.0021281235565681097,0.0018657073821467223,0.002570489629598477,0.0027076859510792015,0.0027059343057509837,0.0031341688131434416,0.003201713143514146,0.00046465971295205094,0.007850056820819058,0.005031163816695756,0.016291256051905133,0.004175803396387643,0.004730009047824169,0.0024615111474188853,0.007193198732296411,0.006384480681267247,0.011495682183530524,0.005449364682274719,0.0011123722780267808,0.03335311384231418,0.0006102348291191687,0.0018253170106709838,0.00625573545293593,0.02025582513480738,0.004414016884270289,0.006649373005992899,0.0004911637668405959,0.0003783755211168338,0.002902361364551162,0.002905657694529495,0.00650833335111762,0.002808846702723813,0.0009962363674730743,0.0006543750917915725,0.030652236409707493,0.019918144381090828,0.0025036629215204587,0.0007930993150001482,0.00017764468745497052,0.0016342820018532646,0.0022576861824836706,0.0010558074996851927,0.0015285538967063298,0.0016093941721912405,0.0008594697630308005,0.001621510976145957,0.00310851387828655,0.0035457863228436407,0.0014445394433324427,0.005559636212481366,0.01203488159076879,0.0037602534405678273,0.006141403973357786,0.015130673078216899,0.0016945363292362482,0.0055371048366338604,0.014719670072952116,0.17140378344996177
321,0.0018207089653096097,0.0006444464438353966,3.410244948771641e-05,0.00271081372946814,0.0024242956905252775,0.0002662646339355718,0.027276781388806116,0.21420744043243678,0.0014438652406658131,0.004602420759392936,0.0008396054379742972,0.0019344990856045765,0.0010810847484289436,0.0058132115616533215,0.004905891321454177,0.0008274146935860335,0.09052512941220515,0.009329616851136008,0.0003237576426485666,0.0011077293856640354,3.5213144691803796e-05,0.02276617633118008,5.4221854553668735e-05,7.338677757726016e-06,0.0004889416050349772,0.007631641696232787,0.002551269543639726,0.0004945594585045211,0.002331466074613007,0.00045726852358820305,0.0008993700786972474,0.0,0.03700750299517256,0.0,0.0004978881102590387,4.8059903647786854e-06,0.00013153427450285165,0.0007626816621018413,0.0009488579467168115,0.00013654408533218416,0.00075637923833449,0.0009727429999636625,0.0025150989379717254,0.0002146822107397235,1.2513217766370807e-05,5.041381158088997e-07,2.6297139182540787e-07,3.316663988284092e-05,0.0037400499037430084,0.0012444036397412043,3.93785555587551e-05,7.292261446545452e-05,0.0003534014566229078,1.5640427546048335e-05,0.0009993857945668591,0.0002480905799171215,0.0002525182240935782,0.0004263273377068767,0.0005540298354521525,2.4315361933208335e-05,0.0029164824924319183,5.554102957270011e-05,0.0013345401787318335,0.0028353211370304404,0.0007694764734392707,0.0020404903386393486,7.53026380827095e-05,0.00011925055914698078,3.459979976948685e-05,0.001446203179224924,0.000997645531567954
327,0.00011437904386986374,2.144763324572472e-05,0.003455423128622717,0.005193317044537613,0.00665934007343282,0.00010104898008557803,0.03974898559690526,0.006185473236838375,0.11069398653241702,0.006227949483644569,0.003665809792981514,0.0035373627277644802,0.0007808308800938162,0.012343341541180828,0.010577457614579027,0.0007368834713472999,0.0036224702988653964,0.00408700949393936,0.0026851599552200336,0.0004317997419695963,0.00021680775138581358,0.0023289950295999782,7.391937582007038e-05,0.004357176776612328,0.0017151294324485227,0.00664370585383757,2.6063360322298604e-05,0.0005622962969370383,0.0001333452022491322,2.357420204594099e-05,0.0004197798955400859,2.4431765726946548e-05,0.00019264192828249846,1.598443147385505e-05,0.00024192088701990876,9.999011429704875e-06,4.730667616513771e-06,5.404485217483888e-05,0.00042346225227996834,4.051865977780594e-06,1.3238182507828558e-05,0.002602394609979721,0.0013802873658123802,2.4827693520153074e-05,3.894955353186802e-05,2.9955911290011063e-05,8.964608454098467e-07,7.881572109686429e-05,2.9542160004924433e-05,0.001607982747967635,5.976237780152778e-07,0.0002987781791916597,0.0019036577008541829,5.0831484338781404e-05,0.0007507000689633966,0.00206463709030398,0.00021103382147227194,0.0016879835723058124,0.0021563477856389288,0.0004325994262723872,0.0020788950572458572,8.338768960484096e-05,0.0008952503387804541,0.00032742040097837776,0.0019475284439441898,0.0016830666114645767,9.033692311704737e-05,0.0008632733817541024,1.048638227439098e-05,0.0005204904311705683,0.00739697627545522
331,0.00037661248238925817,0.00012747084242330754,0.013805179396961902,0.004487900655039861,0.003587719005849358,0.0005240589671523441,0.003295597078389891,0.001978918681032353,0.011669261537513208,0.2718536650878287,0.20035635167465787,0.09980023141743423,0.016280462988642323,0.12363674611050465,0.06960110709610315,0.02103494791662293,0.039594154708731934,0.042415517644967725,0.0021351992161979683,0.001717312760054332,2.085916900563439e-05,0.005579368945215364,0.0002672268835429389,0.00013791752772546255,0.0002016359299913929,0.006485595402851486,0.0001910173775696379,2.209019998255581e-05,6.568528972102893e-06,8.58815993918904e-06,3.686041905624832e-05,5.1353844362729706e-05,0.008280483636180544,0.0,0.00016914054083444008,5.479147261983741e-05,0.00017107535271613866,0.0016422880955985783,7.499927741747509e-05,3.613181671954634e-05,6.010253126910458e-05,0.0005577627112645042,0.0013364958666031972,9.136906299443743e-06,1.0617550364210572e-05,4.2925276530632463e-07,6.277053681353327e-06,1.1388837024748136e-06,0.0008296698236187729,0.0002500210421028454,6.43566499294606e-07,3.2163807263550064e-05,0.0007325250625742167,8.779332101261696e-05,0.0006139431881616856,0.0021848291293433933,0.0009066283565321153,0.00014845351570916333,5.322332186360177e-05,6.855483664250382e-05,0.0013688137792545168,5.682989090465128e-05,0.0023456137748661637,0.0001371564649397921,0.00014797105860561615,0.0037325877053004035,0.0008108938933010269,0.0014942155261293618,2.9825618554774678e-05,8.988913220787516e-05,0.0018479980713139884
332,0.004258245905493709,0.0010653983953530929,0.02336313405622972,0.008337049033620193,0.010220960088634866,0.00339004881220726,0.05070243788685191,0.023232105468831414,0.015494606201521316,0.04775213462607931,0.1130021593714321,0.0676991132602991,0.02080039784073409,0.07804489493352881,0.040774816330477415,0.03968389928576481,0.05606679352829139,0.02932670514196703,0.01742907709695488,0.009668337451689452,0.003690929326475009,0.029228912523284214,0.011588506986538395,0.0027644273311280857,0.011316795178046835,0.030533059787396084,0.0010171978846532964,0.0010852774565846728,0.000776372782569803,0.0005184034493775632,0.0014588478745443105,0.0,0.004096158052184512,0.01807146282867755,0.00433820145863201,0.0022389830264224,0.023819180118432457,0.006693670839487088,0.006374452298694398,0.0014838700138509783,0.00034768559433813624,0.011234877456914854,0.004098123814600821,0.000406761315073088,0.000423274422223319,1.0850266267439945e-05,0.00018433846417614808,2.2832133594704012e-05,0.0005290587274075371,0.003955214192389647,8.846543530597711e-05,0.004538309430929044,0.0024866197697144213,0.0009810021766053485,0.0024137500705961727,0.024159144763040225,0.0024744574134885552,0.0003797103768532342,0.0018856547164403908,0.00016452851892522554,0.010197381799310254,0.0,0.0037833459274199074,0.004869644077966462,0.003071785049538313,0.018596891107057468,0.01230354879852363,0.002838676266666692,0.0028137618162819454,0.0015365883237630387,0.012928277940439067
333,0.005238322839705731,0.0005044135781070117,0.024325093531738184,0.03381859245700962,0.03504191515803286,0.00229785055774722,0.01875505390038422,0.0027937630870558785,0.0008167008244374523,0.007167621867765086,0.01377285018328745,0.08673250471678318,0.0013850551140410054,0.014654985848075527,0.04133397464845602,0.010221129797497504,0.0015011015190127908,0.004387812421558363,0.003978681800670289,0.0005169700731249067,9.702512956855455e-05,0.004905956024971793,0.015650474859639288,0.00018599424350592924,0.005870753328189454,0.009203195211260985,0.0006044763211277392,0.0005816337581561192,0.00044489491075104634,0.0003989276730769762,0.0005627430030220023,0.0,0.0008192009234794798,0.00025357240374928393,0.0009492368214104001,0.00032855608778299255,0.0006602428007614565,0.013948497060694657,0.010700035727772811,0.000143585877770608,0.00018626781520833343,0.001360524537212363,0.001820900576482774,9.340326440593178e-06,7.325377844325866e-05,0.0003738000473834944,1.2642349823832879e-05,2.8979912748353758e-05,6.911430470169691e-05,0.001899305727015808,6.031631130284567e-05,0.0032382701365951685,0.0010772382255467858,0.0005566427948772782,0.003331791797478054,0.0323297746778671,0.006970159775786782,0.0007530751706356274,0.0008967833886480696,0.0006517195591341002,0.0009339317057978191,8.648624133322124e-05,0.001361678114593256,0.00019297932739500122,0.0008471682467305671,0.006551272695064067,0.0034203922485361946,0.0006040338360803012,0.0006089180884498566,0.0016989840634203481,0.00576631729296101
334,0.0001345663031691398,1.179175033369794e-05,0.00021905907545882505,0.00025640854292967644,0.0005147612538399641,8.935954662103051e-05,0.0036501057842346584,0.007663979965654632,0.004239948138011581,0.004671679215902605,0.013338943148275967,0.017534160013291302,0.10668865431400143,0.027270202361996083,0.02907233680280601,0.06085227507481171,0.01118694874729387,0.012990684410840145,0.0030068351081534578,0.006207779023995035,0.00248750051213863,0.00455270453331269,0.01312445854377066,0.0009086285570976577,0.0050426166003002156,0.008714282752799249,0.013844140607149193,0.002785287007897688,0.0014811981431644599,0.0015379861492947112,0.0010464362722273524,2.1960446940301893e-05,0.0004584512096311346,2.9405551190961194e-05,0.000526751264521354,3.523034490183609e-05,7.278413156623429e-05,0.00022474140162717898,0.0008772946670280245,0.0048398943560428506,0.0037588109017384903,0.017363240017805443,0.01357922775703166,0.0005501212338751469,0.0017295718637928893,3.522992327464805e-05,0.0069152102247946,6.072964288415467e-07,0.00022088727492607555,0.0003789299116215042,0.0028564109547603482,0.009073727133204172,0.0043056668728126265,0.009248057991152695,0.0057384113089636495,0.005605586275725466,0.003142119633663445,0.006567090760896208,0.0010132107361131794,0.0006721698485769842,0.0024253147351097465,0.00012008913462357518,0.0010946374048129844,0.000838788049705456,0.00017658729542554847,0.004914459461634583,0.024666921332660213,0.00967367772379717,4.880715595048207e-06,0.001000151648543471,0.003797948646812221
335,0.005039949765823321,0.00027407688693760945,0.00036677461834741173,0.00039320332880753275,0.0019361224713704758,1.6174400748123828e-05,0.021285120755593523,0.0032379072754732748,0.0007582525511072706,0.005287733335109529,0.008401169761317941,0.03706006272441342,0.0071398803770422615,0.07463257069739726,0.009907638278207091,0.004461066964497362,0.0013720631999095778,0.00497261978575602,0.0014906021272373911,0.0007285532803427767,5.0770053710319934e-05,0.002223861288903627,0.0009527608941248274,0.0003184638580213014,0.001272099127952333,0.0037201033633587313,0.0005278845394972169,0.0010992552782577373,0.0003895661637983718,0.0021343021066175948,0.00031445598448676175,3.774113011643837e-06,0.0019064109191706596,0.0004858487521138503,0.00021775462834148883,0.0013625140001851375,3.683524761573097e-05,0.00024583638343961977,0.0009367130747003518,1.4267299157833863e-05,3.348539937320666e-06,0.004086764800810785,0.000593359436946154,0.00014085256427345724,0.00011984593396557465,4.0447756220317934e-05,4.192956292920734e-06,5.456188942938898e-06,0.0005027071016409235,0.0008577801378211969,2.8666469906723487e-06,0.0046274610470669175,0.002190446323714507,0.00011318361542388781,0.0019376786324462182,0.007781986475750685,0.0009774436780411798,2.350400940675436e-05,0.0008156472302818622,0.003754517832205222,0.0019803337565677194,0.00035798115223853737,0.003163193294675712,0.0017173416865506174,0.00044684220204781725,0.004235318009401329,0.003816353927268076,0.008178404066964871,0.0004383589975369536,0.0005330461376387137,0.007923464819144427
3361MV,0.0035075647308475035,0.000574315805488072,0.002768832085491396,0.006298863248158889,0.003770963208952546,0.0002608667945783245,0.001413363469457101,0.013471774301911476,0.003528595277236812,0.004554584861706013,0.004115834550443903,0.02929587211330733,0.0028515121537701655,0.005454562563069105,0.2862925038542482,0.011143418643105583,0.006068291812403048,0.005100583906090599,0.004978446344865489,0.0028126226276371977,0.0010103561763410063,0.006494867104165461,0.001844857220646193,0.0005583122169514294,0.001647340342668843,0.002646808237814856,0.002824598341567225,0.005161167491232931,0.006279981864106673,0.0014277167598075007,0.003932378812877208,0.0,0.0007461673261108541,0.0,0.015361617614983048,0.0033794673039304686,0.00011837836414245008,0.0008829059693829304,0.01110131580510706,0.00046765829048503666,0.0008660824009453477,0.0015650274582947544,0.0008869499496272266,0.00011206632719318506,3.588132024257357e-05,2.1184635758624466e-06,1.5243928906781346e-06,2.202067457172871e-07,3.4043888356945092e-06,0.0045924607075261735,1.3112776107129637e-06,0.0001855859816101268,0.0012508666350164567,0.0008923212523713641,0.012510002411811372,0.010743358125332092,0.0021093747050007134,0.0007342777601642625,0.0023587032355298436,0.0007119518270931201,0.010150154970636585,0.0001958633361995662,0.0008844785195636033,0.0007019169630496617,0.0013538776427352065,0.006815226208737578,0.013739912401240974,0.00039832640725564317,0.03821358741927391,0.003544024786493389,0.004252549731741474
3364OT,3.915378023694773e-05,0.00014912127976351747,5.209951340557671e-05,0.0001180320357629263,0.0001191670989373435,3.316991297707228e-05,0.0001099057255775132,0.00018969736513946493,2.925066211008616e-05,0.0003652851157872437,0.00033577121371462207,0.0011749762091435227,0.00015516440992612783,0.00025855973612955066,0.0026681324834100894,0.2037539833868376,6.833740888549959e-05,7.267319799057794e-05,4.8973176779973506e-05,2.3425193498389837e-05,1.2288263955550762e-05,6.346286028622986e-05,7.052091073512835e-05,6.522670351357125e-06,3.85295807564083e-05,0.00010102025015725101,3.449854785243442e-05,3.084509598621167e-05,3.391338923410165e-05,1.2254700397291742e-05,2.2621080806358657e-05,0.006537191554699238,0.01214939794769438,0.006703864950167111,7.320447211053449e-05,0.0007176769220096422,7.976019107867162e-06,0.006892761981914657,6.903949850444642e-05,8.09422709275169e-06,8.749766438054645e-06,4.810737196208355e-05,2.4389178199662108e-05,1.4986301960378221e-06,2.570270282691321e-06,1.3911494303623692e-06,7.736577069434347e-06,4.5015165867371895e-08,1.7032518292507308e-06,2.7734036851186544e-05,3.352416092937277e-06,2.8438420077455207e-05,0.0006076426089335193,1.9208650378345705e-05,0.00015639824507878997,0.000938200735521567,4.0376112649607423e-05,1.7011529875422518e-05,1.7935937760945797e-05,1.750289979969462e-05,5.6800104564689466e-05,0.0,1.683972094642262e-05,8.596404818876363e-06,1.3602801716466726e-05,0.00022811660188503383,0.059818002738341064,0.0018231930707593676,0.0001877411950226194,2.336965180530709e-05,0.0004037824888212426
337,1.3234407964694244e-05,3.1818967724151924e-06,1.6409203058758473e-05,2.2118177801557278e-05,1.883648134032376e-05,9.642147410198985e-07,0.009253733161094811,0.0029267356161156916,4.636642485925345e-05,4.233559397836606e-05,7.875504439984201e-05,0.0005833906589846678,0.00020503306596599056,0.00010254171306006585,9.972296961660141e-05,0.000106158178421476,0.044245427946699056,0.0007058236756513883,1.2758899194412704e-05,0.00025525997305781605,0.0001383431000015849,0.00014513153065115415,1.7319382116526132e-05,3.4121315820617795e-06,1.2987573485866666e-05,0.0012947087648117821,0.0003203272340382698,0.00038265046872541574,1.2368421256653911e-05,6.43372142999318e-05,0.0011087806740719627,2.4416332267808213e-07,0.00016720868476352777,1.0538742064485134e-05,4.553275548357405e-06,1.7951719528657055e-06,1.2069366022618779e-05,3.4761133449034904e-06,9.692197985960796e-06,4.076749850499202e-06,7.68863730034939e-06,0.0001323614533819945,0.0006631625031403397,1.8762645908904165e-06,1.3203762929479655e-06,8.4989174083568e-07,5.220499443816715e-07,0.000906355822839381,4.0953166732448234e-05,9.275409015537988e-06,1.6588920901801902e-05,8.112302926035506e-06,0.00016473595178804793,1.0322156206197857e-05,1.1702444948981642e-05,2.781562568223204e-05,3.424054069760877e-06,0.00017674715214189088,0.00015386454471745374,1.815630704448624e-05,0.0009000559615226901,0.0019163633063426402,0.0020835130064782393,3.2079342751236866e-05,0.0002493408145614012,0.0003249787784486214,1.6291864747633686e-05,6.833004303051373e-06,0.0006498040656697996,1.2197620128409837e-05,0.0020198720895502668
339,0.0002770034100048502,1.2161698149110725e-05,0.00017322250660595906,0.0003184403864193288,0.00018719647027012692,2.969174024696014e-05,0.0008036887779486974,0.0004380737483775586,0.0004714001809903734,0.00016555606588214517,0.0005250067188093728,0.005538326749181623,0.00033153889796093373,0.003984261477360948,0.0036572320682263745,0.0003554010096045598,0.0006248356881881107,0.029492372043047332,0.00020056745113256164,0.0005298797830273231,0.008958981379556868,0.0002628387485940225,0.0007725128370108909,3.0160263378576404e-05,0.0005061678158248626,0.001123117138616945,0.00042324186095210587,0.0008714002956406991,0.00042131658463974236,0.0001522406193746819,0.000622431291887985,7.599076474537665e-06,7.390144677100247e-05,9.518713084655649e-05,4.820812500058711e-05,0.00017889643589296574,0.0001012165603460464,0.0003167917619309344,0.0008182283343308639,0.00013162020188604956,0.00011303991747151734,0.0002976427036568606,0.00032620664860511493,0.0001136259435885275,0.00011334712489910932,7.022202194562467e-05,3.896671447532194e-05,4.641950893038112e-06,0.00012233892049738472,0.00018484223098484204,0.00010890274927116004,0.00012035096274921642,0.0009151274584817342,0.00013130942512019393,0.0021651881126753584,0.0025144818773686784,0.0007308117778345629,0.012632734891258872,0.02371893165075909,0.0016642387612527498,0.0044826209889280684,0.00039309757735308696,0.000995230449535266,0.00016331227480877996,0.0006825213642129765,0.0016232472973900984,0.005130550288404069,0.0010622252378186946,0.00016634841205789358,0.002407198051825845,0.0003054174582668179
311FT,0.06866541993614433,0.0019849439637982112,4.3761048939608324e-05,3.393292091315771e-05,2.7522697996301347e-05,4.510243141090533e-06,1.953712162227723e-05,0.00018598319172111275,0.0036617384744152496,2.8273161410068344e-05,4.3696935405118655e-05,1.670109418928831e-05,1.5330108203621014e-05,4.053716016875567e-05,8.669475117007728e-05,1.074071171162186e-05,5.810128187950671e-05,0.00021405032477093134,0.17300413408552362,0.0005717535776346958,0.009311631494465204,0.0013700364468160126,0.0038436123644184647,0.0008509781500500886,0.006091503491033442,0.0013184197829687904,0.0010099634397298398,1.154460909763143e-06,0.001840282674698874,0.0005105518515063653,5.872947757379851e-06,0.0004302713978428067,2.011735617245853e-05,0.0039997718171634,3.419396034551696e-05,4.126907410446845e-06,4.603160913428632e-07,1.714001516206412e-05,7.1687799638983845e-06,5.75073225540287e-05,1.960461190048679e-05,2.3582209723849055e-05,0.0003977204896004785,5.449195094584943e-07,7.646145256857437e-07,3.4212676086636733e-07,2.474270417822069e-07,5.364222265971976e-07,1.1271365410396253e-05,1.2037377214917367e-06,7.484790843020705e-07,1.3953939374953147e-06,0.001781860732202904,0.00012996285085452495,2.507988826778627e-05,4.8631465305006963e-05,0.011702543448126898,9.266329058953116e-05,0.005334896965074441,0.015995447281383034,0.0620728388040408,0.0047550233956261696,0.020868402413670196,0.013647153233278359,0.06734976377929833,0.0011169373178489374,0.005931796684131731,0.0,0.0047617616234505965,0.025822173312723167,2.3721762491226115e-05
313TT,0.00033836326131546796,0.00012633879331364948,7.800258364839723e-05,9.2642045113833e-05,6.011655158356476e-05,4.093618770211883e-06,0.0009514034906480177,0.003235093046895288,0.002024615433213443,2.4614388474607766e-05,0.00011641571611682934,0.0022975690549648935,6.135954418172605e-05,0.00012866704192328877,0.0036931968672325316,0.0021121892855580308,0.040502248391736224,0.011393104113576594,0.00020458943126121484,0.17013882305221484,0.08337535762400908,0.018756388377001124,0.003491077613071725,0.0003055952041523819,0.0009686661703292548,0.009814827028238972,0.0014259803593304036,0.00012537922082318768,0.0003186616345438823,0.042678647620322196,0.0009925987879249466,1.6493890277717245e-06,8.299092158384275e-06,0.0003999701846217596,6.740475017315517e-05,7.396297413301403e-06,1.1567139274489114e-05,6.788637024043695e-05,4.607313413940157e-05,3.292481329457236e-05,0.0021049978785353707,4.083959011155721e-05,3.890921230655934e-05,2.833240901380445e-06,6.017743809533515e-06,1.097330235031583e-05,7.830603069964914e-07,1.8506018738676036e-06,4.9192003613073395e-05,0.0003109970453173593,5.929928133184185e-06,1.3271017801470552e-05,0.00026264741559844354,5.877393934160154e-05,0.0005537665331307643,0.004641416955674932,6.852458784072133e-05,0.0002501080949085415,0.0005072904016802447,0.00812944861910207,0.005504841736271425,2.5725236282724e-05,0.0007980161414940863,0.00521121504640886,0.0003987699518428023,0.0007718585470228557,0.0018480899441851886,0.0007133207325636956,8.423331987319185e-05,0.0010566750444183759,0.00028548821358517247
315AL,0.00014199086994721923,2.5242786107405294e-06,2.453991756124018e-06,2.3436575566010235e-06,2.3729565037877066e-06,9.975587506251351e-08,1.1864776726390666e-05,1.8265304816303385e-05,3.294252427082361e-05,1.4951773767939947e-06,2.522697470571861e-06,1.1492931258942867e-05,8.085961036806582e-07,4.2618707223727564e-06,0.0012191420281222579,9.782822048461122e-06,0.00018306800079574597,0.0012059749984097011,0.00011111846723467103,0.0008315853227445772,0.05314678711013143,8.814434632842225e-05,0.004428910984694781,6.853757397836285e-06,2.8362858980350354e-05,6.612854315452526e-05,7.058835150738384e-05,2.1804629472960377e-06,2.526026082726183e-06,0.000507246269215189,9.03365135423025e-05,2.2792177084194978e-07,2.6463329276092637e-07,4.011844395694876e-06,4.0795686017669494e-07,1.2861102513380463e-07,3.54550168581568e-09,4.1763453638763876e-07,4.7064750451666293e-07,1.438336992824078e-06,1.0314571550337496e-05,0.0006399622919088046,1.466425874096566e-06,1.1658360135367882e-07,2.4148503540585194e-07,4.5131569568698496e-07,0.0,1.492553357815078e-08,6.165401395704366e-07,1.8657886690041283e-06,2.9271746157414036e-07,1.887196652727145e-07,6.596187744844334e-06,1.3059004055710486e-06,7.147997725439493e-05,0.0005095091816189957,1.3345451270995346e-05,5.61356544982394e-06,2.026244999594235e-05,4.6912953327796005e-05,6.147721712762168e-05,0.00011413565204300483,0.0003344462331882445,0.00011118244660515186,0.0004952597491282305,0.0016533330254887386,0.00024986591342543966,4.723679801458093e-05,0.0014539307555900978,0.0013462670853101838,6.533538794606637e-05
322,0.0013069086054394343,0.00011650942362985311,0.00023576821614202992,0.0012584343328761914,0.0010764212351974487,0.0004658022216283393,0.00185077685055059,0.00860324518053498,0.012288760077973361,0.00964508075709935,0.0059412693927764285,0.005274492327555783,0.0018011013621903004,0.009058011242910134,0.008548469704620882,0.0017649628387383387,0.019046406747275296,0.014738807179144001,0.027852758451662653,0.008002877741525251,0.0030619145221231,0.2169473880665208,0.10952761311139761,0.0008728608363820152,0.007693402118132323,0.018834009302624282,0.002812180914258689,0.000543296174195048,0.0030905322965838256,0.0012098940485010146,0.0012792135632093147,0.0,0.0012091490778339301,0.0,0.0005694228334566757,0.014355833021680465,0.00045272157320794195,0.0055202239155592555,0.0016649621888515911,0.0017479146326064498,0.0006160423820282196,0.00042389440279399615,0.0004276015367086992,0.0008965580903216109,0.0006797832836672931,0.0011091544742908687,1.4376861036984631e-05,5.326792851736276e-07,0.0003465565349534687,0.0015644745526874836,0.0009654147035040641,0.0009155515374232475,0.001326638791657003,0.0015345922256513275,0.004760826933061496,0.0027452511425786214,0.0013195053023557313,0.001038768124511465,0.0013127088697037724,0.0025529501453251773,0.004731607513920754,0.00024187820189999675,0.0010536612242301132,0.008436739087785737,0.0055316971775518356,0.0037205337097741564,0.0010720877771932733,0.004318910159952498,0.0021220448186772384,0.005232275919091478,0.0001624843747555874
323,8.764653898752854e-05,6.1024066274019805e-05,8.630361392420316e-05,0.0001221098441001202,0.0002943409781613494,0.0003029773142295429,0.00029222421164583844,0.00020967694876403023,0.00019351544120262362,0.001592368340502316,0.00021641681564350655,0.00020560891353963676,4.1388993811930994e-05,0.00018173640187696665,0.00017270756600009247,0.0001054253265601325,0.0007360250509257281,0.00047281523983648446,0.0002611235222649806,0.0020389392755578964,0.0010590136378730891,0.0010511205402822564,0.01407816880051671,4.3731002689807956e-05,0.0001961156165827567,0.0003493698591085643,0.003873353887041223,0.0011106824977895524,0.0008508477162776619,0.0011210090457949194,0.00556464821744179,3.8072802802945205e-06,0.0002539245827377773,0.0002218478157955325,0.0004411999819450442,0.0009291994445480139,0.0002787151921318514,0.001114002196439996,0.00022444930002427568,0.00989287365605982,0.005155539188436162,0.0007768461563273591,0.0057241026188981385,0.0011153877002091069,0.0021631721639587017,0.003175802867260206,0.00013616942506781423,1.0279147481345947e-05,0.0002708719497304787,0.0009366665927178677,0.0018702501121329452,0.0008170537534890964,0.0029572126381757786,0.0018543856613182543,0.002994305808067709,0.0003726859784013839,0.0015544071030121987,0.0016644416059987662,0.004070395817426132,0.0008412132582728089,0.007330584061208392,0.0041419425467689765,0.0018397619484107324,0.002255312965777845,0.0012749187549948805,0.0021801110729098537,0.0016390386513009027,0.0030581608860513953,0.0006050497192511779,0.0038387761217632817,0.0011506324811389533
324,0.02064132608115668,0.0018744354322069905,0.010612308259580228,0.01728702157670989,0.012161425490764228,0.021903212587887046,0.021255563339582544,0.006202718112370918,0.004416890915735686,0.0061876521083518874,0.004001221380769891,0.002520371508646125,0.0007175100894796068,0.005215842675667106,0.0012495827861655282,0.0005285874011398353,0.004134597866266719,0.008093482220668477,0.003297100593482577,0.0065835228789315825,0.0007394477946219502,0.0065263912830332395,0.007312537044426853,0.033286443178138336,0.01781858415729307,0.010298332292590527,0.0010263499197724407,0.0019375726852384676,0.0011479672040483472,0.0005853090260640996,0.0011225764335308752,0.07948259912528356,0.029765589712848466,0.05275591019513803,0.04997285860002207,0.020290149486076686,0.0033693842202562564,0.03644359439410872,0.019562421972529647,0.0008624233950037897,0.0005284544082061519,0.0006384514004842636,0.0008082941708606577,0.0035086285792735603,0.004205885207804854,5.4717426446849294e-05,0.0027034925650316647,2.4577658484945704e-05,0.00247092931201801,0.003003903892346207,0.0001279294790610806,0.001422912893192884,0.0013160428846061096,0.0008584137915686981,0.005138499809454319,0.009947275046769071,0.003906682857252015,0.0020358978386446442,0.0019487901569354982,0.0034600116571836563,0.003446422014643117,0.0013097899634727556,0.004686558250318463,0.0024283463867330775,0.0033530271657905577,0.002036229850657212,0.011262231051047927,0.001756788372031218,0.008350329406536315,0.026498684504526287,0.03944143231208106
325,0.0633063672273111,0.010142304626705335,0.01747583747056725,0.013427915027014214,0.010638168413272689,0.0012258903705540639,0.007609277459066343,0.031096366994262613,0.02559672915569534,0.003701906613122314,0.017256416292540978,0.0067246339848004285,0.006522764552089188,0.01599216855441699,0.018605525900393983,0.004528888119297898,0.022454454332720686,0.038575365678608746,0.010425693139330566,0.17995416588931068,0.008597778457966995,0.038510636560304186,0.04873269021952297,0.049373284253526425,0.23298032476551067,0.23636780488915293,0.0008836526270307652,0.0003824138136115073,0.00035433834339159396,0.00015164028051411343,0.000998978220152579,0.0010221195167780424,0.0019758989593288,0.0007480003505239334,0.001241902442234792,0.0003736912229308398,7.346771216757186e-05,0.0006480556192707069,0.0024762026044679985,0.000511890634546275,0.0024420765580295462,0.0009369707701525658,0.0021527521804982036,0.00010083582487933959,0.00017495263082415284,7.268109378626772e-05,5.9385684903678526e-05,0.00019807671197542953,0.004468239230158774,0.0003803345712635108,0.00024007460882904467,0.0005322112846218943,0.01609277920411592,0.004691436930814087,0.008842223796847492,0.012747978465948499,0.002173787496845777,0.03649491985269973,0.020395822679025743,0.016047654447765555,0.0029269377189068894,0.0028857369331372023,0.0052517976713184625,0.0004339000860959069,0.00221558437735534,0.00478454127699024,0.004320734111736043,0.0051553781983574975,0.0010753026989982388,0.013501146633640193,0.008152614751897344
326,0.00472644081955598,0.0004052401905951658,0.00033572236792433027,0.008776710636273539,0.005527611880913741,0.00019726551633673237,0.01637377644042228,0.00931472359168914,0.0077269843292408795,0.0036802885077741746,0.006574980177594387,0.023421709151860225,0.007585539083724772,0.016256760810681222,0.03252462261964552,0.008486838018780274,0.03659889777475603,0.027433810128641847,0.021812025292803707,0.010656406181657016,0.013404983817625815,0.015686966623329697,0.03343069123905164,0.0010561114717666964,0.011832075664347484,0.0815830279714298,0.007993958749519199,0.002793981694852755,0.005969455172351144,0.0024861226143720145,0.0037506210897268054,0.0005595552350015715,0.00013274091692670907,0.0,0.002029245939892724,0.0004989747358717241,0.0008171381047147007,0.005439827244425459,0.0023279876486052785,0.0005575029867175155,0.0009491158789983972,0.006236526905366628,0.001664050102854204,6.250078633613725e-05,0.00020507569900864365,0.0011620281798048028,4.797851481287277e-06,1.1713270565305284e-05,0.00011455709164735975,0.0040678801226204965,7.26129155528269e-05,0.003200437494715711,0.003169341219684767,0.00018812611584933782,0.0024008435312202433,0.0036319053645660518,0.0022339536037775244,0.007698348420371779,0.0055031292007149055,0.007255032368974366,0.0066944588486037735,0.0002325596413958668,0.0018508358426900112,0.0007573747024860252,0.008254907716666975,0.0035737096269787957,0.007250453214259173,0.002028081154570096,0.0003355035309992481,0.004658138357076208,0.009314539548618926
42,0.11111275931270218,0.023193485106605467,0.024943484269806682,0.03618457682585725,0.025944399402582613,0.011690201565681771,0.053381613803585436,0.09310810943340955,0.04806099544292868,0.09141409843660957,0.05165688805443865,0.07526227854567577,0.04068042771416821,0.07889168581897352,0.10701929370408907,0.04446777833389824,0.07372136280549943,0.05793778309141318,0.08745989262136107,0.0613364457147572,0.052588005571170514,0.06805997502640901,0.04894987453229432,0.0414723877899521,0.0731854744611756,0.08092822293422539,0.025738151905802087,0.012395710868739005,0.008601796258838163,0.02314441858843118,0.018171731376239342,0.010674366962561748,0.026101673799755153,0.027253438389827706,0.03136729720458567,0.013996858266217556,0.006930490445714865,0.020488598818301194,0.018959708978067723,0.022847765194140692,0.0025501457259167965,0.015156955027635165,0.00867895634448239,0.0022065680442394917,0.003104648170882351,0.001116620161365264,0.00400782394522779,0.0002711158065416737,0.0030150909289253383,0.04230713104117121,0.0019099760021941514,0.007628009763500469,0.010940051548475958,0.008375748228733557,0.013670052722810494,0.0284945683704022,0.00845087637346003,0.024152771226200145,0.020746204883991152,0.01520371445138295,0.02291631649132736,0.003985997875052098,0.015205021775438428,0.010241995402372098,0.026084684023913632,0.011608444477111086,0.030019960371201672,0.011248215886679864,0.014839087610780333,0.017812159528724614,0.03381784455828817
441,2.8832475803797117e-05,1.2460328645261032e-05,0.0004952816823557704,0.0012689149670400718,0.000972515927237982,1.307998113452253e-05,0.001118433909191228,0.0023211477069930465,0.0010671477621528468,0.0003355850682332746,0.0009741664278166589,0.004652875749080331,0.00039846564191108535,1.407508866551131e-05,0.005419455302495493,0.0017053069457239646,0.0013160449559808055,0.0015605314120100372,0.0014496849785292337,0.0002745944878519107,1.82877430470888e-05,0.0016676969660795703,0.0005183883624035922,3.3590829411786414e-06,0.000540404323867976,0.0005712786310955444,9.988175900929449e-06,0.0009839997921223809,0.001998643204855568,0.00030241788859428694,0.0012596765782726725,1.0575781241009314e-07,7.969644959755914e-05,4.080628884396604e-08,0.00331268182773388,3.864503417872039e-05,2.434354203694563e-06,3.029534131878883e-05,0.00037415727428050875,0.00013417064583618108,0.0002565660392143184,7.65915456171653e-05,2.4194268983861693e-05,3.5224214054191574e-05,1.0874571144499147e-05,1.0389403056305408e-05,7.651997291333078e-09,2.8304163482341168e-05,8.393890538624781e-05,0.001384385666276417,0.0,4.546457274893264e-05,0.0002132536266131363,4.133238017448244e-09,0.002913629525645049,0.00047231304683580116,0.0,0.0,4.5771110208786245e-08,1.6025614320228346e-08,0.0,2.9356965007212182e-05,0.0001502117679155519,0.0001251296179026143,0.00017498072369499798,0.0015992450525211801,0.0,0.0,0.0,4.2834029714843004e-08,9.005164121503344e-06
445,0.0001349995273266719,1.7938592125906968e-07,2.585930062120402e-06,1.2061464115698229e-06,3.955965693065154e-08,0.0001071566506647691,0.0001295862309975868,1.8949436985030645e-06,2.0126955569928113e-05,2.7764272866220484e-07,4.018539856470256e-06,3.3315212547198404e-05,3.0176601421026824e-06,1.2803704772527265e-05,1.1069600243329187e-05,8.184481693759952e-08,6.0278054862225414e-05,5.5088126930838234e-05,1.3128420070917758e-05,1.716507768195791e-07,4.237084538454933e-06,5.608826180921528e-06,0.00025149377188821246,8.141093006293885e-06,6.322215857177329e-05,4.223471307719975e-06,3.689690981649716e-06,1.854201446821766e-05,1.1753492782595742e-05,1.8875230623790506e-06,9.639571444484251e-06,1.1065927789831693e-07,3.5824624760501066e-05,4.302763084288362e-08,0.0006461066390563023,0.00022728714742972282,1.6514068046471896e-06,0.00013640170660586255,1.3664092832985648e-07,2.657948654822766e-07,1.5346882752418131e-06,1.5840132535325896e-07,2.882721769930245e-06,4.751547408173573e-06,5.378797225475469e-06,1.0640975371546072e-06,0.0,2.56724106018564e-05,7.280770782077084e-06,6.402716997094999e-06,1.0700567424527066e-06,1.9716611300746413e-06,2.7775086451490117e-06,3.300867580176375e-08,7.744567624798624e-05,2.142334256404113e-06,1.602091314457783e-05,2.3204610740777387e-06,3.1021287865741722e-06,9.810680361513393e-07,4.817787601535058e-06,1.1341885401452507e-06,2.3557816041776263e-06,6.881541822477397e-05,0.0017324282008102335,1.539518144553813e-05,4.825044392922126e-08,7.076207650501225e-07,2.9069064468029904e-07,2.131643870698514e-06,2.6645601995730763e-08
452,0.00038296539868065937,4.759622789463198e-06,3.915658607782392e-05,6.859879243235839e-05,4.741441309859957e-05,0.0002763605948477521,0.0010212878414099875,0.0001441442998228697,0.0001118036581778797,1.8126125372621697e-05,7.043452467127637e-05,0.0004184995791507961,3.665818726236854e-05,7.46978529687742e-05,0.0003344141418986447,8.333854485364567e-05,0.00041169422794415264,0.00039352477563214393,0.00014612614089076312,4.7554435825792616e-05,2.5014009119699128e-05,0.00011348722600788568,0.0009385792276649687,1.2392659004167187e-05,0.00017694509279017135,5.090685593052843e-05,1.372497777904803e-05,0.00012701532191847987,0.0001831405712377984,3.3020333846889294e-05,0.00012445305335627899,5.762338877320611e-07,0.0001056721261316792,3.08686156115393e-08,0.001956395873626906,0.0006331089374588885,5.884750740127805e-06,0.00038067038472318815,1.9141098095900216e-05,7.92042763368353e-06,1.808548481008906e-05,4.376082748265691e-06,1.1508862636129694e-05,1.867792411161265e-05,1.975636559369853e-05,4.376860598761016e-06,4.354902008217233e-08,0.00014963026516545891,6.152050870626373e-05,0.00014019148854256682,5.0447295449065385e-06,9.057686807352635e-06,2.2172288705520415e-05,0.0,0.0004137791741847759,3.0570703556203375e-05,0.00012420383533876542,1.000384366086131e-05,1.1172488238284103e-05,4.759454463950973e-06,1.8763595818185174e-05,1.770187059788206e-05,2.7653415391546756e-05,0.00025127170480781634,0.000440359087390262,0.0001703968037131929,2.725474169132597e-07,8.620049196068472e-06,9.588090755205011e-07,7.740888952528683e-06,4.560606900779941e-07
4A0,0.0038689936821174934,2.667208485821316e-06,0.0002531543611296392,0.0007327838621213086,0.00015444169995961686,0.0033504902880780547,0.047181607452267495,0.0040928222997508494,0.00018645137923588694,7.377985508279171e-05,0.00042194942163079557,0.0029731722634768944,0.0002632916931041464,0.000862998522187885,0.0015744114707803882,0.000273978475424918,0.004249566440481674,0.003939652459036757,0.001108052562283627,0.0006900590622376141,0.0002823964537492044,0.0006397864130388019,0.01620491142001134,0.0005154014277158867,0.003932587197658399,0.00037298127074833145,0.0002382249889954265,0.0027738126725822365,0.0009991813310453342,0.002748574049229271,0.001278314859373908,7.2047338395475105e-06,0.0010700447959436823,0.007106558309883082,0.021024682039782486,0.006526966762319913,0.00010340897039103682,0.005302402324136777,7.03085557696327e-05,4.0155432448357584e-05,0.00014005794350537492,2.0628302269689394e-05,0.00018787315783489595,0.0003049810521192271,0.0003420178509624193,7.021240039823673e-05,0.0,0.0017319955710479783,0.00041362409367023647,0.0004931658485702961,7.312157294839461e-05,0.00012939733448220374,0.00021728208397534332,2.920618400543372e-08,0.0017971774582494818,0.00021052768100150225,0.0003587652339472479,0.00025111584131914174,0.0001997977972489507,0.0002567027076235338,0.00031262502431848513,0.001866824016576661,0.001822520253202782,0.004409203238127067,0.008390456281127789,0.0014556285089215978,1.922192701973409e-06,7.529817917649727e-05,9.66505293106081e-06,9.136903285850751e-05,1.389748527576148e-06
481,0.0019377685309799853,0.0014881736513675417,9.430337869282835e-05,0.00022839578105462617,0.0011119484413900313,0.0009200130221043219,0.00030113106762203867,0.002173645161982027,0.0019525257654427637,0.0006454514169647226,0.0008960387546949625,0.0007544519692593592,0.0002334646391125467,0.000419900217433012,0.000648315402632483,0.0005284087547801225,0.0010309118147431172,0.0007907281880314994,0.0009598270556010718,0.0008259689909281124,0.00043161554499891426,0.0009848852028970692,0.0013775158231069035,0.0002674969408685983,0.0005459993473187811,0.0013831046815416211,0.0020666814214833104,0.0004388479141445218,0.00019715829970755983,0.00022874906065101168,0.00028392580840762803,0.0008055751931030919,0.00018837104999181527,0.0019255600815466774,0.004490176638684282,0.0002809771911545131,0.0001300830425789936,0.003006184055553443,0.0017431628057519163,0.0007756404372321879,0.0015170134406155861,0.00048139465128258326,0.002311176616488695,0.003227873960799146,0.003541911373798991,0.00010742304471784769,0.0018660218549298136,6.358842238392085e-06,0.0046898320079563635,0.0022825711605653927,0.0016434168120183239,0.0041129422564525125,0.0017935338026340481,0.0004889184803697982,0.003656251271482736,0.0028878106970486915,0.0015087635296118466,0.0021376917974904536,0.00041120110918478354,0.0010475395713796006,0.0020882432903901434,0.0005016500951405524,0.0011962394784448987,0.000571897918947259,0.001627112574004413,0.00041623731722577784,0.010751715247753174,0.006761632809494241,0.004914280753396335,0.0012482048782925814,0.0002230769987645075
482,0.006866070253789112,0.00036335875479248675,0.0013642367343288978,0.005659924374071693,0.0014335824271033174,0.003563940938285524,0.0014238938837044443,0.007379016676939956,0.01427319973328436,0.011231030214346188,0.00303694661805039,0.0015690015564944837,0.0002630153208336598,0.0021383543775679793,0.002000043316607599,0.0009281988613671576,0.003829281692470364,0.001775917601787011,0.0065600100459568605,0.0016030796294464608,0.00022271144713651605,0.012713003425108109,0.0014895057075881267,0.005065970463263136,0.006063531944107464,0.008157816474117056,8.44760147200826e-05,6.818064817690447e-05,0.00016276176864958762,6.966924667395093e-05,7.511190254345902e-05,0.0005652825258821929,0.0029488853323840214,0.0003857589329557995,0.009719567532127889,0.0002579729028800117,0.00011282116830809924,0.0008600668999783322,0.00022496863776463343,4.880780804995866e-05,5.6301777239370305e-05,0.0001683657490315567,0.00010564605267421324,5.86112464647873e-05,6.856697928224272e-05,5.643346683699169e-05,2.3496816093159857e-05,4.377567624015025e-05,0.00014081757451495729,0.00016114890540378632,4.9497119836638426e-05,5.556687294698171e-05,0.00023562015931649774,4.20432963147466e-05,0.0005622006414303805,0.00042796786114481915,0.00017037249978460285,0.0004460035340031779,0.0002202344448906372,0.00032755190999783407,0.0007652018212378246,0.00011659959116883562,0.000394539237593868,0.0003041785751850325,0.0009228842950398175,0.00014992471820486327,0.0003761618033254079,0.0020164064690448395,0.010262419546870936,0.0009395824353788786,0.00452295706213603
483,0.0014361663936718148,0.00010286329618980812,0.0007130855902692241,0.001886520507100292,0.000518706688174725,0.0004964318069861141,0.0006207869233876552,6.895296103424483e-05,0.0022764822344190443,0.0016739384353929103,0.00035668221649666124,0.00015920567044421728,5.549619500859672e-05,0.00043422686971265217,0.000117196939421877,7.186613980516428e-05,0.00016965784253315357,0.0003715543872476766,0.0008268291794690563,0.0006866687146537834,1.6991022339958568e-05,0.0006613954279010567,1.2144112281312904e-05,0.00028839927320226555,0.0008510028649896639,0.000586533635950239,1.1098682551608216e-05,3.3958532072371936e-05,2.2617864084661272e-05,8.336718132540567e-06,1.9754954103599726e-05,8.654603999661143e-05,9.829581798744662e-05,5.584107172662556e-05,6.958450344480312e-05,2.0839828071921537e-05,6.826927440643974e-05,4.625075188334914e-05,2.9538689651775572e-05,5.2959682183924925e-06,3.632621190105661e-06,2.4059757753924343e-05,2.255220250072389e-05,4.5322108700039246e-06,4.8061571406828515e-06,3.944836657147794e-07,2.58664177092949e-06,7.840284253730696e-06,2.001596558566454e-05,2.9452032875168644e-05,3.732545411661865e-07,1.2711689923518337e-05,0.00046168051591030326,4.496495392860051e-05,0.00014937894897870945,0.0001548925102026134,4.809799161026238e-05,0.0001726524685821847,0.00011997420917767866,4.5739827672055686e-05,7.498485611566355e-05,2.177626729397699e-05,7.509489750120137e-05,3.022615692324863e-05,7.788641103064994e-05,3.9214146318362585e-05,0.0022496091254352816,0.0005205079974479165,0.009841303698276167,0.0002975544586179626,0.0006720143793292016
484,0.022206887534215403,0.007779840898797162,0.0035908067254733543,0.01594851902038651,0.004548089831023145,0.0036432253868357643,0.015053414086769827,0.022440974457864023,0.030742116351361964,0.031094002086024208,0.012512953004634635,0.011488026544769997,0.004128070920815776,0.012500033363017428,0.01259807568597225,0.0060885299629944815,0.01866073055794908,0.00995839396403668,0.03288122744573151,0.020413772475076745,0.01032749350819904,0.01788434608899946,0.010029308513895987,0.016511352502170475,0.010091885227008983,0.012636531703824212,0.004767865316563644,0.008186087850809565,0.006075287130169191,0.005082687492925959,0.006867347147929917,0.01331176197762292,0.0060483756322506875,0.005774819704518559,0.03717300482742503,0.003179945708820872,0.003695273805168634,0.02077417904596978,0.011451284926932296,0.002177591938619848,0.0015971368361337138,0.001655098909951436,0.0026804848575425807,0.0003317455440051416,0.0008546345285796559,0.00029704982430308724,0.00026380123172198446,6.804245597968585e-05,0.0016082889246461884,0.002322072487486363,0.0006284983388940487,0.00111771478502925,0.0024773636247646304,0.0007903685909583804,0.0025394750538023617,0.008500810641994738,0.0015883013327952983,0.0020611740308823586,0.0026562710633251424,0.002408468981845834,0.004603864014345819,0.001589742550324136,0.0037146907218951275,0.002147688282551334,0.0037591686277131183,0.002609684246393305,0.0114758126675293,0.0025062645613387912,0.0162761066241577,0.0034277485140872216,0.005306179915023467
485,2.8449052101270593e-09,4.072220588531345e-06,1.2696341942413568e-06,2.2609845812201063e-05,0.0004184177388333456,0.001193766608108033,0.00020802039109108275,0.0003033613734325204,0.0004936905444997683,0.00019371619813689619,0.0002872302563974563,0.0002007897522179667,3.087608072420106e-05,5.7810517182756396e-05,0.0001053299615535549,6.067571591272487e-05,0.00033441203780070047,0.00026853030558827176,0.000125855186996231,7.459674030373531e-05,2.7036095965510237e-05,0.000233863588607197,0.0005021208583594872,6.253736130270675e-05,8.17961095241514e-05,0.0003309101420295822,0.00034987519720626096,0.00023716835724719285,1.2584400776769704e-05,5.404328180472546e-05,8.4388609786298e-05,1.1338793540933559e-06,0.002441375314354671,1.7193779042238013e-08,2.9167834479594317e-08,5.1278889356964896e-08,3.404964910810305e-05,0.000430431683647145,2.187579744103296e-05,0.00033353596227325883,0.0005993390317010902,0.0004946456311289524,0.0014993284285146292,0.002024390233579346,0.0016385700365316893,0.0010238262683915098,0.0008239718272128462,3.366303939625648e-06,0.002749953453509837,0.0014064181753173533,0.0011546541606231636,0.0025222758468607773,0.0016012625961644988,0.0002357205310567645,0.002161227897414253,0.0011823276523716003,0.0011139273848419604,0.0016229297294111556,0.002452401209161614,0.002291757767616219,0.0008284378952445876,0.010175618161486953,0.00044351141243873155,0.0003201481643397694,0.0008942036231069461,0.000188688729864852,5.393491446436742e-05,1.192042952083406e-05,9.630462589441121e-05,0.005726556314649534,0.003042294294993575
486,0.0008429586231097406,6.282651730662902e-05,0.021534729111054942,0.0004875537468334818,0.00023725700307880218,0.01854646699167163,0.0002477847176146894,0.00011803332519876291,8.271767409984355e-05,5.726707860611574e-05,7.686218934248459e-05,5.5851623763934965e-05,1.03129442323351e-05,5.782415126582281e-05,1.086426276191087e-05,9.22088983289616e-06,6.727735090305339e-05,0.00011801204206143053,5.70544288954939e-05,0.0001630898237338151,1.0105554456450803e-05,0.00014618053715822446,0.0001602303695311393,0.03472458856896713,0.0006405353118349293,8.844927728483068e-05,3.0346402689746966e-05,4.549247844936456e-05,2.6771460363217787e-05,1.3343351293764468e-05,2.5665971897264815e-05,0.002198010019903267,0.0008163763257626697,0.0014590513997054778,0.001377510272761866,0.0005606869581779263,9.829306133946059e-05,0.0010063863135235868,0.0005426131663134492,2.504382049481352e-05,1.2339241554749537e-05,1.1418503716515976e-05,2.0183697734545125e-05,9.660377049655772e-05,0.00011619035344694788,1.4198867346320343e-06,7.476909621051971e-05,3.4787280314322447e-06,5.811493078158698e-05,7.419041477343907e-05,3.3904486668427723e-06,3.8528467078092594e-05,1.4375108428690247e-05,1.905436940971504e-05,0.00014489811519213946,0.00021885166725162203,0.00010984329195549493,2.352009322667162e-05,3.666298892754986e-05,6.736469537144775e-05,7.620878284380608e-05,3.371918850688718e-05,0.00012084433714556369,5.9427880388224696e-05,7.926660369480298e-05,4.780550203670917e-05,0.0003074623605042958,4.8899998693382516e-05,0.0046408684239393665,0.0006630383316678222,0.02234744779168033
487OS,3.158001744630009e-05,0.0006160486382118963,6.853513613473351e-05,0.005196256772924832,4.073617008711622e-05,0.012746520101232665,2.16858905070931e-05,0.00537058816826035,0.006891821292623803,0.0006418159527568545,0.0002407713740697233,7.154734755687637e-05,5.8847402936568e-06,3.891987708265786e-05,3.8623500279670296e-05,8.658618777975762e-06,0.002905732046880744,0.001197509473907177,0.00052846453437839,0.0012223000865814715,1.4568166901673078e-05,0.0036072843286419375,0.004516896503444435,0.00219979799714103,0.00026249260907843544,0.0026661013149530018,0.028040326339553848,0.01017791926015109,0.0070709441189228325,0.0021171353912435094,0.014883801154475273,0.11596889263236262,0.014567747421843772,0.04963146938740592,0.11706189849663864,0.010373450959477342,0.019916977589015,0.09877688511078808,0.039882502366631684,0.0030889683301140113,0.008547615478304679,0.00014515435207540059,0.010123084796762386,0.0010296408163917843,0.008522618949457621,8.680706272908404e-05,2.0149669529317843e-06,1.0955900331776095e-07,6.66685162958545e-06,0.01146768832321639,0.0023395001920254754,0.0020820541367614085,0.005093644884336354,0.004063940812129509,0.003352487888184498,0.015010067675964701,0.000909006762005257,0.0026789281222851695,0.006456109770138164,0.0017739599865587994,0.006709286555458529,0.004232727672407338,0.004728276103732222,0.0005105585611096647,0.0013819581524663765,0.0012824788058810833,1.8416606713680605e-05,0.0006274477428592713,0.013473219220662943,0.000518117752460067,0.008639848197034282
493,0.0021542361784809474,0.0,1.69860344210397e-05,0.001366448672484032,9.480671289421136e-09,0.0010955093975678458,5.2258976459130884e-08,0.011021200291242476,0.013154889842203935,0.00032561928907429475,0.0018622273739928974,0.0012853366527186068,0.0010992955225579502,0.0007863253993100042,0.00021838454218754057,0.0002950597311607476,0.0013179237494217715,0.0031523703118885183,0.004514479498411142,0.020124888978857444,0.013896082358539757,0.01397416206203153,0.010286474476748658,0.0028564882219004194,0.0033101740523276187,0.013837560934824078,0.011953496140311442,0.025729440390704336,0.02601993891626997,0.014099183430867041,0.024205984124996322,0.00011077461258510095,1.591078469343985e-05,0.012671769625342623,0.012486485691578352,0.0023498223173701056,0.022980215327868588,0.005226998432796461,0.04725108616831919,0.001138809674829619,0.002301803737741347,0.000576447549201961,0.0026383282507710213,1.259284538700251e-08,0.0,2.292002374410521e-05,4.358732125465199e-09,1.0278486240550596e-06,0.0011395646862185122,0.001896269818660736,0.0006175197475397442,0.0005119857164864917,0.000704315689938297,1.8982073185816916e-05,0.012930517106941878,0.0032832002618094205,0.00017307119551639104,0.0007161429853600519,0.0017867202100321764,0.0006519052332118964,0.0010857958554547492,0.0013210113565222399,0.0008597809849776645,0.0002598242009964287,0.0018790358038981178,0.0007253712915364374,0.0007848904335558976,0.0029418225472915695,3.980169709986336e-08,0.0031320787917029154,0.0003403936056617861
511,0.0002979542183525757,5.036667385514526e-05,0.00024228473539846229,0.00019805954340383579,0.00021549777161815488,0.001522261116742544,0.0009746782022881799,0.0008991295277973203,0.0010867896993138084,0.0004764570401414407,0.000884886313941256,0.0007621663752284013,0.00020619012778101106,0.0004575988391693692,0.0001979408295564668,0.0011943102728063913,0.0010173812898441994,0.000888551615195413,0.00033497572722429066,0.00036126231910286186,0.00019124433261222696,0.0006607447313429242,0.0010616724037139085,0.00014485449251714255,0.00018073364193121392,0.0004199619382726453,0.0021996601377265784,0.0039083049099336185,0.0013414699452759717,0.001489006488459914,0.0025275116417935754,0.0002927314862039811,0.0010729924216947978,0.000463309496352512,0.00022732646336605492,0.00038610497331084296,0.00048668482895715897,0.001970412969173381,0.0010417842075957256,0.07541650493770335,0.001175232916239503,0.0017385569525756282,0.009085953265578825,0.0025822070687549666,0.003544213120268339,0.0011062911102425019,0.002590619756453456,2.0529521241736035e-05,0.0010607079321934914,0.0018175536660538188,0.005214661613744777,0.00354030545710879,0.0040532152025036594,0.001888435866193722,0.007084945936032985,0.0020468262063742357,0.0027181601142825646,0.0017345513946405314,0.003064743517048104,0.0010537927065505572,0.0042887836446125465,0.001275313762633902,0.0016563601018661051,0.001076235337739123,0.0018887558520371132,0.0017171834326131059,0.001520888702306797,0.005314487558080553,0.0008568718083448235,0.005881861030162547,0.0025582051197526414
512,2.1988916613761174e-07,1.0996295103516937e-07,2.783304159546748e-07,4.620757572197644e-07,3.9727137837332604e-07,7.821498417802086e-07,8.800793043645913e-07,4.3767122701059345e-07,5.770887590816488e-07,3.3394400924036134e-07,4.2258221380794476e-07,2.953291327683106e-07,8.716569731236242e-08,3.0008240082349993e-07,1.7471396116411158e-07,2.3571568678762726e-07,6.971535089521215e-07,5.971508140891466e-07,3.553714136062026e-07,3.3705552367257925e-07,2.0518984285597138e-07,3.9390880936794686e-07,5.405612482208197e-07,1.8189235310668098e-07,1.9043070888087953e-07,5.138065711027973e-07,2.174955194768268e-05,0.0009599242933713842,0.0009703156010264748,5.822703948599671e-07,4.430836605164335e-06,1.2386687731406259e-05,7.03563567250416e-07,1.2639767339429637e-06,4.277844166934255e-06,4.600277906279668e-07,0.00045457648634621053,4.40578879775191e-05,5.712122100036666e-07,0.0003902810609349918,0.2083118695295958,0.05497763114655713,3.150153085924305e-05,3.2511339431866784e-05,4.9054474095564884e-05,1.1099074909243652e-06,6.702426643572767e-07,4.568300963042058e-08,3.7925805283467154e-05,0.000628285072075257,2.3593103388172487e-05,7.386799904939179e-05,0.0013423643052915837,0.0005309805980651473,6.694524105088148e-05,8.16709493798916e-07,0.0016365606644304195,5.241130834275196e-05,1.810289595400035e-05,0.0027100522113009725,0.00454068322742887,0.0026411278291531277,0.00023075441610142074,0.0028367809720132205,0.004362110862367865,0.00032290032155438635,5.199857052587769e-05,0.002172808954401012,0.000384342960559869,0.00021589702960372843,1.802747977638648e-06
513,0.0023304557197947116,0.00030122397260772633,0.0015218696452240497,0.001868522590291153,0.0035084340164225295,0.0030131144475247836,0.0046982876201250015,0.0035818053162590836,0.006415297882599947,0.0016519328172590313,0.003831759828998695,0.0033098133597223556,0.001082963036489557,0.001693772390683083,0.0010358577396122183,0.0029232640598553595,0.0034830121154164595,0.003952776402165232,0.0018994249920257992,0.002250787409180396,0.0013953415787521493,0.002331792704348084,0.00582677922643113,0.0005336900080695503,0.0011426409202414738,0.0025953826267778833,0.007051994519516928,0.009726803787690879,0.00478492018217808,0.0022779946981635246,0.008546760259182492,0.004874384170072765,0.002067540103550954,0.004146217085887922,0.004385190694843168,0.006976536675130718,0.025459095237858765,0.007617193575372246,0.0010287557318578958,0.008412568217187473,0.010519595286047883,0.11384884130849737,0.03426569928717097,0.009302583861664599,0.011861265725925245,0.005231976226026934,0.008115902861592531,7.991567557175957e-05,0.011095338834861024,0.006701789508074642,0.012437608470058176,0.006901215895446304,0.009490179455833638,0.006763362830547502,0.014788823584531765,0.010091520524383755,0.006749469819790113,0.005476063265289152,0.004673405493532646,0.00644308263310084,0.00462548759474013,0.005895148248174537,0.009003123509317682,0.014656587891005607,0.007853008806397815,0.005955485859231489,0.014302591736033257,0.027683193493546043,0.01861365250992075,0.035651194217340844,0.007519283599429085
514,0.0004196204382721737,0.00029248259972132896,0.0007439458471584015,0.0011030052901855982,0.0010596657351485258,0.008768732236595925,0.0032592425508061514,0.005771938229608386,0.008900981038644146,0.003331101680780785,0.005464994388074795,0.005135662855471722,0.0007358416400383059,0.0036346696527215765,0.0012176213702584679,0.0049139715604144905,0.00730570325002308,0.005507234593781394,0.002509873024657412,0.0028023663173655125,0.0014622975202125074,0.00510967460446201,0.00461092394309307,0.0009377969680987452,0.0010903088580744786,0.002887330974896247,0.005792186377317921,0.019807494160208952,0.008567455157195024,0.00543376743834786,0.014042088005305283,0.00203450333610739,0.0017381268905538457,0.003006892472442285,0.0010882203875014192,0.00213009532100538,0.0035180638873716008,0.0046596244354950534,0.0021131892363992696,0.01654375993994027,0.00493003229835619,0.0075910855118488715,0.03439203626934584,0.017224716537226816,0.012918560023367678,0.004465291155651048,0.017823828858103612,0.00011132289424623455,0.003290290152333657,0.004610138955036474,0.014384174104400778,0.011383592236454783,0.014731045836819232,0.00834139822802198,0.03659850664648871,0.015227646214732873,0.01186501012186863,0.0032619487011186464,0.006701234481973218,0.0035521665153854303,0.005682810715111836,0.007754633436984183,0.009231331523559486,0.0048631082933211,0.014537326215367546,0.009675914073599958,0.009862023696387246,0.017782891644915512,0.005182786120360427,0.0180802646098567,0.011571470231808384
521CI,0.010184478575363375,0.00775366275750012,0.01121388584916813,0.012973584598559164,0.014100546189910787,0.011244061863574928,0.007491064934348372,0.007608263319988435,0.009242868988432951,0.006718356317830969,0.007725743631859058,0.006955681925736531,0.009514808052989338,0.009694751943983908,0.007924911687266745,0.0043197745556298375,0.008372574995834745,0.012493438234423091,0.004927760475557175,0.007906853836285784,0.03319374614042192,0.0067834833531318275,0.009464938855291564,0.003597172625857018,0.006101466767656817,0.008585212004079091,0.019520128271872265,0.014512719410724562,0.0112282996628503,0.013255598230949205,0.01214139620831769,0.01830483330419343,0.1002226317036873,0.034947098929800614,0.014201535566288817,0.051622353174842386,0.07131312211507869,0.010710814102898817,0.004248001231436662,0.015033909985987599,0.010540016141530623,0.02469130951931308,0.01302077615370287,0.09053496662196558,0.08954225953576522,0.001020265904951054,0.05015072228607861,0.06693770528542912,0.043568431758611637,0.040415809865065974,0.00814746013996478,0.008042437430685187,0.010783149528742438,0.051895136609085256,0.010690563375915665,0.010897930620661488,0.003746904824187571,0.007535775376380234,0.010143559521337503,0.006202850838566706,0.007159728224974566,0.008903723588896146,0.018939947465092817,0.017060966028276097,0.018259716762381445,0.015451834757108263,8.18020045724295e-05,0.027063790169286756,0.015830458360729525,0.008215728879138738,0.012868074313239247
523,0.001091111316514845,0.000284460987968467,0.00041715485496866296,0.01789877937125503,0.07619538359523434,0.0012247586544291273,0.0009483011963939375,0.00037310588649949554,0.0006915351457292059,0.006665403039335306,0.0057132053168878144,0.004901036119789961,0.0005680032933681163,0.0028355689103782234,0.0029829334514545366,0.0015653458878025302,0.006905955423850827,0.005169954939794415,0.00022848386912419487,0.0002772860614216996,0.0005171571627686363,0.00024462898754168974,0.0004974083193042992,0.00014569837984118082,0.00016458432113127815,0.0004749906709733734,0.0016466938821773805,0.0006567050921805032,0.0007847349738148679,0.0006802107896143596,0.0008171733291768345,0.0033068760377418806,0.0063276202884995835,0.010873149785471955,0.0009534587960079192,0.02146885783107838,0.005242959152219876,0.006729853105277542,0.00032427638966540137,0.0009820855336696841,0.0054108139409226284,0.0007368943200413432,0.00046554096085641274,0.040509356199871345,0.060604332924429904,0.0033135803037305633,0.6019032743933813,0.0015254856207989824,0.00526895140911222,0.007605627980365548,0.001755504360335861,0.001122259114474402,0.0014243026809027672,0.015203657106702451,0.0015833072437742286,0.0005543209503399391,0.0004795768875572067,0.0016662058414478919,0.012090528778443592,0.0018344230515219434,0.012111928168866604,0.0062755330598908594,0.0010314283231458075,0.0008806701531890837,0.013623769111730551,0.0032037701398838878,9.869526122352215e-09,0.0006269569830451843,0.0006062579988392967,0.00048696486131710444,0.010459763694929179
524,0.012289168728307091,0.005192794332424219,0.01123307457381643,0.007816433917108177,0.027588178354071034,0.003431780589028684,0.0003404462908910594,0.0023115848785178576,0.009867662780762652,0.0034862430904808324,0.0033590235330295043,0.004922031197497645,0.0009674215900251316,0.00780703883475237,0.006873016452870332,0.004197889124546234,0.00623872399108783,0.00418597005497045,0.004930230646690005,0.005834382590073708,0.003526612048001333,0.002730750725910392,0.0012194391787295992,0.001079777158150118,0.003843590776186903,0.003698326350260839,0.021582022429766506,0.013928759584857094,0.007185420453403891,0.007113553693590896,0.009549764485484332,0.003381265858604461,0.0005338136950218156,0.014245803317712524,0.03875275866878804,0.10240928897411142,0.008573144947144362,0.01803833718310722,0.02086771833495992,0.0014397802872927227,0.016287059064104582,0.0025669138340435296,0.0024924197272136695,0.004813260257953155,0.02413961908076373,0.33855671738784376,0.09377384924750275,0.0036211233055780585,0.03380285056144012,0.029583048650934494,0.012225699806595876,0.006030100273773539,0.008448298183520254,0.0006439082578480454,0.012153919951486092,0.01636980114005549,0.005377483132388514,0.011431903022977563,0.018785297248836413,0.013158645365185555,0.06249559778666349,0.01927473596763725,0.017268184023078576,0.00744357440338404,0.013196077966854661,0.0042149150763330714,0.0,0.004358957070565789,0.03251890970342048,0.002503250818859095,0.025874996716741
525,2.2977698904564294e-08,1.0746209871338614e-09,2.361554269344154e-08,3.686326999959405e-08,2.0419733182188496e-08,0.0,0.0,1.898510692203185e-08,1.9411795075867526e-08,0.0,1.717561799737579e-08,0.0,0.0,8.094955991657614e-09,3.2657834470207405e-08,2.4507427427379585e-08,0.0,0.0,0.0,0.0,0.0,0.0,5.043743401415577e-09,0.0,0.0,4.440198612538813e-08,0.0,0.0,0.0,8.343811565479208e-09,1.8960274610919125e-08,0.0,3.9301086541449006e-08,3.4270775733027898e-09,0.0,1.2962077880178614e-08,3.1040181906830734e-08,2.8544712731390903e-08,1.642579196766142e-08,3.866039219588333e-08,2.9822982567694966e-09,5.039299311091466e-09,2.292385867588383e-08,0.0,0.0,0.0035742562665080956,0.05735372768612634,0.0,0.0,0.0,0.0,1.33872646805803e-08,0.0,0.00011719461435713465,4.083764351885542e-08,0.0,3.3556484113371795e-08,1.6409680317350955e-08,5.539713386068833e-09,2.181434849509176e-09,1.3403560361074594e-08,0.0,0.0,0.0,0.0,4.775260157146692e-08,0.0,1.7904294707504718e-08,0.0,0.00045848618773566954,0.0
HS,0.0,0.0,0.0,0.0,0.0,0.0,0.0,0.0,0.0,0.0,0.0,0.0,0.0,0.0,0.0,0.0,0.0,0.0,0.0,0.0,0.0,0.0,0.0,0.0,0.0,0.0,0.0,0.0,0.0,0.0,0.0,0.0,0.0,0.0,0.0,0.0,0.0,0.0,0.0,0.0,0.0,0.0,0.0,0.0,0.0,0.0,0.0,0.0,0.0,0.0,0.0,0.0,0.0,0.0,0.0,0.0,0.0,0.0,0.0,0.0,0.0,0.0,0.0,0.0,0.0,0.0,0.0,0.0,0.0,0.0,0.0
ORE,0.008357125216438416,0.0002784718198516629,0.0046252945580055604,0.0017110496426528021,0.004862487118946826,0.011088708337055081,0.009634780345408538,0.005234452252514365,0.006723281850666069,0.0017280476153054927,0.013641728263357052,0.004271885175416881,5.3535693434260616e-05,0.004251848892125465,0.00038673197761078916,0.0012061061896886133,0.014813051822879472,0.007062200108990167,0.004465218482567659,0.008763158913711211,0.0032384888351533387,0.007707602234217279,0.024485130106928484,0.0001992820001594534,0.0011459160759744113,0.010387042541760106,0.03226902140028811,0.0489372592106912,0.0947135642491487,0.06289106978749429,0.08998566717110142,0.000371166763512527,0.0017152845865924693,0.015389827178575996,0.018496992021159755,0.024445269041702723,0.006245135380307203,0.02325789001777621,0.06244382504922265,0.018047744788448516,0.025480007361304076,0.03219428813892964,0.024419273090699908,0.02424304696570171,0.0437565473285497,0.020471314911510455,0.004791577408797384,0.002727846177968844,0.14276552893980832,0.025418152336974066,0.05795848227996577,0.012582299106436122,0.053919113812053034,0.05783566992973539,0.026055252782444117,0.027204588344634358,0.09212190917323142,0.03923694691135095,0.08111823128677076,0.09862951973909825,0.05036373955505987,0.08504696181934271,0.12384419248538618,0.014265936805894068,0.058041718879908284,0.07889555566892431,0.0002381801014828932,0.010372558384441696,0.004042233670879672,0.00401212568823335,0.005336664121004065
532RL,0.0054345976130960585,0.0008761757799595555,0.009711603528614561,0.018212789693366847,0.02604815334735595,0.004102437722237315,0.01391467697734835,0.0018454207673686543,0.005403995286244982,0.0023714098053125255,0.004598470852521275,0.0033786865533660527,0.0013487593867641905,0.0029046905446204886,0.009043697933400825,0.0025822248268707665,0.003058677857303685,0.00432553876163043,0.00312811118857764,0.0012616811247144687,0.07544432603916928,0.004392069961267226,0.004984979744443779,0.002494216105922214,0.004392026795216945,0.003460518676360564,0.008946147841515113,0.002231822285995069,0.003852065374500062,0.009942824715425137,0.005747385832855907,0.07009201167114534,0.0820693693977993,0.1269724335419084,0.05285686690644321,0.008454593926686802,0.001036311317865945,0.009142824445942973,0.00918799939138798,0.0039159477117714486,0.006547392169184209,0.008941063898629325,0.02263953082965199,0.0031074045777045073,0.010301907753348136,0.0024005837274661003,0.0002082494363742742,0.0011997760321242178,0.00239339578175188,0.01984880159627289,0.005247815694000331,0.003906839286006388,0.007018314135243059,0.027657256975398368,0.00841651280238036,0.018014043996511856,0.0028561138910794086,0.003573176830493831,0.0034824869290797874,0.0016714162343297863,0.0018771445722978002,0.009831283019879334,0.013444561354827852,0.004244452069655905,0.014191145884806257,0.0019836961457374625,0.0004950742192113392,0.00028724271779050883,0.0012685180334995783,0.0033823179658830213,0.0011476451129213735
5411,0.0012159142979303325,0.0007878411621139293,0.001976501384953844,0.004578594135115736,0.003289046007704218,0.010594281127676722,0.0038149808034934262,0.0035968868678324926,0.003297065043447433,0.0016468533539920793,0.00516621369708989,0.0025802471373254647,0.0008860468160537327,0.0009240993167968535,0.001825439154901052,0.001246261036422956,0.0035719984237182244,0.007198921449863215,0.0012513493631453806,0.002435698642243957,0.003395217883084522,0.00358039555134692,0.004077013367178921,0.0014636940772715767,0.0012105185410533348,0.0038843086424025074,0.00714640481768959,0.0020745587520913213,0.002717595127697224,0.0024953720087760806,0.00433777024453773,0.0008708568443523963,0.011516042515972214,0.0036772713160398104,0.0006068424555544762,0.0019461191976985978,0.0011595190584387065,0.0020954193780243087,0.002111144094867208,0.008150363211920255,0.007018305549503013,0.003234943310330239,0.009941760435216954,0.005119644136144682,0.016072592253614404,0.011784727276474612,0.01423153167730227,0.0011611582636718697,0.00636301835756884,0.0021601071242806557,0.007560564020880012,0.005919929747474073,0.015613177984720561,0.018044562845071593,0.008226610215435026,0.0040854302573110745,0.0009313911124550348,0.0033738117838821224,0.017676935953031252,0.006402110118426052,0.0033986292960002423,0.011474086802314274,0.01691725195295386,0.00216623188104972,0.002320912552486999,0.005733376261856508,5.487079301830718e-06,0.0004786326270823465,0.001045466029222855,0.0073187519376602195,0.003653745243618633
5415,0.0015220041425279764,0.000259921877237794,0.009667265848159507,0.0035784989522285194,0.0007081073424603856,0.003704453659355684,0.00317360331635801,0.002476628135102093,0.0029351566286651004,0.0013225536230903993,0.00404064572626156,0.0054532537642316935,0.0012017017925087567,0.0009444178561842388,0.0009932723692500892,0.007450732415166374,0.0031029536339228438,0.003082241002818364,0.0013101943757044484,0.0017083834627338763,0.0006815312579492146,0.0017521370068907431,0.004776777111848927,0.0013038502788548702,0.000531571952360598,0.00228533322163459,0.008097063269071312,0.012768356230155016,0.003361156709254403,0.005703958419160346,0.005603150410895349,0.0011566850016903225,0.014084472806799786,0.0008442736288442089,0.0018868668676556,0.0015518729237831365,0.00025491683965397677,0.0015960348572908083,0.0012765641198176942,0.019389333510411423,0.005510061093919897,0.0050633714551927235,0.02584013580178788,0.006117535960062346,0.017039644716227185,0.00658325962754426,0.008103873985434827,0.000496032230155539,0.003187701628766859,0.0017576597200847743,0.012497567650697134,0.014583646070719603,0.005600552605638855,0.003606985472228687,0.017786009284034305,0.004617666078009133,0.005153526722654196,0.003552830156299377,0.005397521833825494,0.004329709529773654,0.007851223237186516,0.0024556317494917215,0.007274947532777462,0.003757941687573369,0.005950880112486351,0.0037894962468839246,0.009963165394978735,0.04445386294848514,0.0012157849262476534,0.014002413745300642,0.014768990225803868
5412OP,0.00501653854367967,0.0035703347907913505,0.007869613271583987,0.012664008992435565,0.01151625369602288,0.02172770342172377,0.026103040273745246,0.012119072620719639,0.016142931661832935,0.00908172356871932,0.012163852886104502,0.00916366032815702,0.002419208298745755,0.009606361536451679,0.0049629204718631545,0.006639232970413857,0.020220253579470382,0.017581059829690184,0.010648589212042908,0.010395624466571047,0.005756845548981434,0.011209994572641291,0.015730369415303452,0.004649470131015264,0.00597788904067843,0.014156859313851135,0.05172646448505383,0.07681951896066698,0.03830447566836557,0.016991860160709086,0.06491824904363573,0.0032212255885516574,0.020918448441991096,0.03677403630283126,0.00793561709713173,0.013916987359586934,0.02707544502602968,0.007418452567132839,0.015780618882988432,0.043594673336838245,0.04027820204670761,0.037845423831299206,0.07376641980866686,0.03795052404322462,0.05263659569253548,0.031815791501502565,0.01922998675988691,0.0013593792797939133,0.027251705703275803,0.021543172949835813,0.02606836168448758,0.03877857073056855,0.07393935174711885,0.07345931361699692,0.03703673328912198,0.02129774596174488,0.017585914704997117,0.019331557449883033,0.036959428429737685,0.02709731590552623,0.025105178476302947,0.03806962882182168,0.04429636924320807,0.017271328172128005,0.022694708028178953,0.028248844904394565,0.08818441312791786,0.025634701897004807,0.012938848896900224,0.030829153766881213,0.052673942221177654
55,0.0,0.0,0.07024558777840774,0.0603510226334007,0.03618045305401121,2.720198495906043e-08,0.007648703512580539,0.004510992115184651,0.018015954001246913,0.004409360177153202,0.013602281099828493,0.038068910957799934,0.0076160532486281894,0.01938750593314535,0.018161063102814304,0.011393371239929753,0.006277764439938996,0.03010145422532342,0.03444693067317589,0.020662469118934792,0.034236933444000264,0.011738887683356273,0.005925429024763882,0.010317273451528804,0.020441793084185724,0.008492688369157092,0.044847833617471126,0.006474658098476353,0.012480206207735703,0.0390003319973156,0.020350050981135383,0.00485020939868385,0.0,0.011100949047721995,0.011157743392135003,0.0020943049050316984,0.0,0.02592743943382893,0.011962724496351527,0.012181194965250806,0.005334398020941028,0.004962448538633592,0.006289056319149139,0.006506953969193954,0.02830534405839343,0.005371653540737491,0.006257587941171888,4.1154066323452934e-05,0.05931682876394514,0.03457016584051587,0.013839947635738198,0.007157947319828911,0.013280236119203516,3.592898134563427e-08,0.018744317331719152,0.035936716568296834,0.016575949120230235,0.030443733480735598,0.009391749448089013,0.017977018955322555,0.00562434756436376,0.014027910139469548,0.019768052272822273,0.012034235390503661,0.07379809782702257,0.012748600188639292,0.0,0.0,0.0,3.454583491559657e-08,0.0
561,0.00175988238164993,0.0003316454303197012,0.0014056496356915393,0.004690788917180236,0.011785297091180553,0.016079324171120325,0.005397171328695152,0.005316419751974449,0.00943532998039574,0.013517834375160805,0.023334583099551675,0.007090505821541808,0.002411903370217141,0.00400620525678937,0.004153534609177652,0.019985629902709627,0.004617446242452449,0.010925137542747133,0.0034931484868308176,0.003767697450100172,0.015200916018281385,0.00730575621731386,0.033317436982884134,0.004156515507421448,0.0042386917995773,0.0071956011798665715,0.029676793754028975,0.020482848989780623,0.01190422767221361,0.017679833500917574,0.020875969427817574,0.007427215426804224,0.009424910133206016,0.06964564358997229,0.023505338786417494,0.07359039628046585,0.049921024157682424,0.03754165512764744,0.03848479871819776,0.044849231788093316,0.013387293596490237,0.04366169527241246,0.05202139904753582,0.022328718228107197,0.02357060551073045,0.010906128686511259,0.0012883743411422697,0.0016002821763330451,0.10673897151530193,0.056323291629770365,0.02773422760779991,0.0485920097358846,0.03439530357233157,0.028048024572411227,0.0837624139024552,0.04308459040521581,0.016822840894489623,0.025674629374555398,0.04059864889220473,0.036226921490516886,0.015241426489333746,0.021731646805349336,0.02028118597993877,0.015530340893155756,0.013374444251259741,0.018930651015168366,0.013158895207915309,0.029357384422239924,0.004868504795099312,0.021304161658940647,0.021929220779612315
562,0.00043203811388906055,0.0002302095087940368,0.001087738033592135,0.0006503419001446577,0.001886503413100523,0.0016687200320488892,0.0010349916941403015,0.0008573614552422539,0.0015006648890985384,0.010437518839400984,0.000998393224349941,0.000622709209419771,0.00023484255077097275,0.00042945884194982563,0.0002451990711982256,0.0005085376074178531,0.0010298618729786457,0.0006418708158039883,0.0010787244481300186,0.0009499587884063813,6.516198721876181e-05,0.0014079421714154065,0.0010749644319124944,0.0013527655660359435,0.0017233000119391056,0.0009512699177153046,0.0006841242206518202,0.0016827093811581254,0.000950102389258298,0.0005226284193074784,0.0007126558947299867,8.016779102102611e-05,0.0012022509819339426,0.0,0.0015946039832428008,0.0004459188580434486,0.002790567505778603,0.002616139489685916,0.0012693413506475774,0.00010966279185447222,0.0002798175748881671,8.72032219515739e-05,0.00014563515934888502,0.0003756540349312347,0.00018595567401112652,0.0009994981966118255,0.001733662216221045,1.7601707421168483e-06,0.02648499348286504,0.0013358267701801486,0.0006879729518935911,0.0004242145699981459,0.0007660326530181262,0.0007804207435591399,0.001991306991727487,0.07335533238827052,0.0011443761085020204,0.0013605331846136982,0.0017944978460218523,0.0024795438672680454,0.0016629469005912773,0.0005329194532971837,0.0030014195350975825,0.002571710378417155,0.0016482930131416543,0.0061361008541552095,0.0001713908328030084,0.0015742996594026522,0.0020562776645369897,0.008510195732245948,0.008220897472035655
61,3.985644951036488e-06,1.520014154108348e-06,0.0,2.1514241331635677e-08,3.501981519696308e-08,0.00012744383787280668,1.7613791356581558e-06,2.425401602158588e-08,4.3737488498187755e-08,3.777486409974574e-08,0.0,2.469312379871098e-08,0.0,0.0,0.0,2.7051305973050667e-08,0.0,0.0,0.0,1.0543535586166929e-08,5.1253862291006917e-08,4.675500189577975e-09,0.00017278800109575334,7.801615874090047e-06,0.0,1.175023603485586e-06,0.00048303234004324654,0.000157199659902991,0.001229165493609207,7.4471618434976514e-09,0.0020585790178677993,0.000201940668032585,8.679472332608095e-05,0.0,0.0,0.0,0.0001259639459450377,0.00010578345207601401,2.8785584585085898e-08,1.6834216329203176e-08,0.0,1.3836939255103716e-05,0.00017354660168241806,2.2514923598082683e-05,1.0642083663336019e-05,0.0,3.163082523166866e-08,0.0,1.353913675534001e-08,0.0,4.1108211758356755e-08,0.00012041903400094091,1.5473542880203562e-05,1.7510745493364682e-08,0.0002146802221550405,0.0,0.004597276654839111,1.8151863581722202e-08,3.452573576331556e-06,4.792761686334825e-08,7.067812682066759e-09,0.012685581558819803,0.0018888847321690313,2.3201244767906215e-08,0.0,0.001491257564314575,0.0,5.599575447284523e-05,0.0007559899195028534,0.0036204640587301847,1.8451663285145263e-05
621,0.0,1.5808125958463505e-08,0.0,1.19618320015443e-08,0.0,3.0184389706057226e-08,0.0,0.0,0.0,2.1054853827519712e-08,0.0,0.0,1.9463359496476287e-08,0.0,0.0,7.351279464186122e-09,0.0,3.047677824292251e-08,0.0,6.4594943808246305e-09,0.0,0.0,3.383177338091379e-08,0.0,4.144473288796295e-09,0.0,3.3833900616984945e-08,0.0,0.0,2.2323968604852127e-08,1.8627055009316856e-08,2.992987239974151e-09,2.9699438249371192e-08,0.0,0.0,3.9430785137840185e-08,0.0,4.015249417191141e-08,0.0,6.004856838644436e-09,2.916187224767293e-08,2.366978659803113e-08,0.0,0.0,0.0,2.429950110483601e-08,2.924797219032417e-08,2.0647098681541726e-08,0.0,0.0,0.0,0.0,7.004377637448561e-05,3.215527040654579e-08,6.850637323440188e-05,2.7648084339364376e-08,4.404492186849144e-08,0.014456952096476128,0.014845753381333034,0.00036499053163517836,6.651405365685036e-09,0.0004935696076089885,1.9256618818848235e-05,1.8373652959556216e-08,3.3629050338761476e-08,4.18923776477201e-05,0.0,0.002047882677319636,0.0,0.004223558487548727,2.847537516395072e-08
622,6.8369187101458425e-09,4.120639028069543e-08,1.7999690292579073e-08,0.0,0.0,2.3380130105621862e-08,3.684316420482933e-08,0.0,3.564127916603786e-08,0.0,1.8083474823230672e-08,0.0,3.424609522749247e-08,0.0,0.0,2.697598830404638e-08,9.241403502724102e-09,2.391727273875002e-08,1.4816673127425871e-08,4.063439241480595e-08,0.0,7.55613266459105e-09,3.551369652842679e-08,0.0,0.0,3.5674672910199226e-08,4.02474124045363e-08,0.0,0.0,0.0,3.6516811331187075e-08,0.0,3.531982924094527e-08,0.0,3.223278149973049e-08,4.4951537485931e-08,4.5161379868152776e-08,0.0,0.0,0.0,2.4532680745956138e-08,0.0,3.6353669709154426e-08,3.592745465828514e-08,0.0,0.0,0.0,0.0,0.0,3.451508794839566e-08,0.0,4.4325570788825516e-08,1.4191978391323712e-07,2.9280991032315187e-08,1.2941182634273343e-07,0.0,3.1248198899509087e-08,2.871017956748109e-05,0.0009085830952960672,7.491329882311469e-07,0.0,9.536898943677275e-07,2.520970559211517e-08,0.0,3.156287825690789e-08,6.150473898568252e-08,0.0,4.018705520004219e-06,0.0,8.403966683526296e-06,2.2553120686779656e-08
623,0.0,3.6556540022325347e-08,1.563022751935577e-08,1.5495821766598223e-08,0.0,4.282336466115618e-08,9.127369830529168e-09,1.2578803136465183e-09,3.6522359062204376e-09,0.0,2.888876929734727e-08,3.583242810482865e-08,0.0,3.424713019172072e-08,6.336628202019178e-09,3.22603082360776e-08,0.0,0.0,0.0,4.069958412249401e-08,3.5522417271286544e-08,4.182971564217975e-09,2.86473802065366e-08,0.0,0.0,0.0,3.606292234494934e-08,5.2276363794602545e-08,4.7443219642622566e-08,0.0,0.0,0.0,0.0,0.0,3.279464681301025e-08,0.0,2.8334339057921165e-08,4.142948050182999e-08,4.3661685282506835e-08,0.0,0.0,0.0,0.0,3.1935287169517964e-08,1.3024494762845668e-09,0.0,0.0,0.0,0.0,5.089718139356397e-09,0.0,0.0,1.0592797758775175e-08,0.0,0.0,4.538317825808894e-08,0.0,0.0,0.0,0.0,3.224036208727285e-08,3.5621938303581795e-09,4.970134014371047e-08,2.2398753500604957e-08,1.3740107107242231e-08,0.0,0.0,0.0055466997476590054,0.0,0.00045165509097423945,0.0
624,0.0,3.161013195820521e-08,2.9989317475481e-08,1.5685831384873254e-08,0.0,2.180358959225452e-08,4.2202322581221276e-08,0.0,0.0,0.0,1.0417235954062329e-08,0.0,8.998611469731478e-09,2.193462326169705e-08,1.2522411615211845e-08,1.2063087758222307e-08,0.0,0.0,2.5397307732302484e-08,0.0,0.0,6.047176733536196e-09,0.0,0.0,3.5640063943775046e-08,1.0193593982218565e-08,5.270164318541772e-09,2.993158579249552e-08,0.0,1.6527341683153965e-08,0.0,0.0,0.0,0.0,0.0,3.5598737783967876e-08,0.0,0.0,0.0,0.0,3.51649690057163e-08,0.0,4.459907682592383e-08,0.0,2.4010816361812913e-08,0.0,0.0,0.0,3.274146507683826e-08,3.838102527185831e-08,3.568275185249173e-08,0.0,0.0,0.0,3.0565306713912615e-08,2.4818804130665664e-08,0.0,1.776389214921505e-08,0.0,0.0,0.0,0.0,1.1060279230326326e-08,1.835124466835162e-08,0.0,0.0,3.3388267181206245e-08,4.193429618987542e-05,0.0,3.379292517378861e-06,2.472321659518784e-08
711AS,0.00035545847252050245,0.0,1.1191171296867214e-06,0.0,0.00020636723228645385,0.00011324455762663306,0.0001458905430096308,0.00021957461416194672,0.00028794530593761986,0.00019590930746732785,0.00021572861921044504,0.00015165770174455095,1.7209660667250024e-05,3.631334468023526e-05,6.037049594663732e-05,4.5222767620340164e-05,0.00020188189250686036,0.00018481418754704126,0.00011912609662750347,7.285888007545721e-05,2.6832641577580935e-05,0.00023213471162162328,0.000439183816267836,8.513281193177047e-05,5.450395094569064e-05,0.00035864040397675745,0.001391825498221493,0.001018995213233374,0.0011905327229165613,0.00023271568192579807,0.0005598564986926974,1.5579545651534277e-08,0.0009349864855574343,0.0,9.99978025978917e-05,0.00016340054882644188,4.535995056941308e-08,0.0006537767637979854,3.948075062246367e-05,0.0004222095506431874,0.07058950206007383,0.027233901190243128,0.0011780413164659464,0.0023625143626214836,0.0014627835869915396,0.00024070524524051628,0.0018061338289934363,3.574692511544247e-07,0.0032910229836730634,0.0007058042809081064,0.0016030346975031092,0.0020512547991918036,0.0021527238222983037,0.0044497654918539175,0.0023110809925972332,0.0010635068628214,0.0010802538711064502,0.0012148723032109985,0.0013526387042667436,0.0009023256672363113,0.003495137824729708,0.12588126930235344,0.004187569442601296,0.0005729333716492246,0.0028756578404459405,0.001352758890365635,4.621135622671047e-08,5.21790420718448e-05,0.00035117310773613775,0.00064587129672726,0.0001091220405960165
713,0.00020675429302044322,7.845942793691471e-06,0.0,1.0804548254039398e-05,0.00027619838957992064,0.0002532364583643729,0.00020778636312264825,0.0001794907741428526,0.00034758767813200623,0.00011145911519983542,0.0001721331457952879,0.00011333377948373223,1.7755849051499286e-05,2.3267173700413214e-05,4.900614207824027e-05,3.682957649611158e-05,0.00020941246892865377,0.00015141376898303996,7.441760043513898e-05,2.7655790574998216e-05,6.103437550231018e-06,0.00013884052014354718,0.0003168779693403857,3.6987505830831014e-05,4.569952482050942e-05,0.00020436270882914038,0.0006444634416655459,7.085586749033346e-05,0.00039264933508399236,1.8910537511937483e-05,0.0007714080381054958,7.551637831988983e-07,1.0371377539937836e-05,2.1081589865237225e-08,3.6407139603193884e-08,1.4013203865664495e-08,0.0,8.069588180689896e-05,1.845926097274279e-05,0.00021735718758829028,0.00038088493251078713,0.00014858493314006096,0.0009489634463165453,0.0012896557088230346,0.0010340479985016461,0.00014188385870965038,0.0005175095697848821,6.751193502937126e-07,4.483134353067936e-09,0.000585776048597708,0.0008422632289825758,0.0016625144968386689,0.0007516054914116804,0.0026195494862888353,0.0014846919453343768,0.0007873348591693933,0.0003928609837185561,0.001138119268033784,5.971252186929568e-05,0.00046090875101644196,0.0009479336195835908,0.0004791209039059559,0.0011756751461230452,0.0008186494148054803,0.0010299859652501307,0.00013479450727103145,6.42767939807999e-05,2.7207626310804088e-05,1.8791063946132135e-05,0.0011631101164845492,0.00019288542808446648
721,2.0975467498362154e-06,0.0,2.3274004707510914e-06,5.147213742914854e-05,0.0008281347773732434,0.0011396844155163591,0.0001567637095840395,0.0005224339140516554,0.0009456285470829384,0.0003696572195532207,0.000558676981491795,0.00039666941916061187,6.0682986676225857e-05,0.00012281671764987555,0.00021476489664859068,0.0001190727657071675,0.0006440169671818968,0.0005293472064954891,0.00024346312829122543,0.0001776184692436652,6.314161081513038e-05,0.0004516211008732099,0.0013717649810661712,0.00012101521668319039,0.00016306711709875417,0.0007075912897544362,0.0008950265188113512,7.9223342685367e-05,0.00013334832170325397,0.0001111630996774328,0.00017592553085197377,0.0,0.00011021882679455146,1.4925077573180983e-08,0.0,0.0,0.00014121811892495463,0.0009138715071508759,6.465455755045824e-05,0.0007804314414918533,0.001612875319425539,0.0005405457135947181,0.004864321458339908,0.00465313755163759,0.0037782730446342923,0.0005073926969091067,0.0019126761366725495,2.9328699338330493e-06,0.0061784620501656685,0.0023388120700668564,0.002365834758877433,0.006126158167284645,0.0021710157114791335,0.0010219820689869987,0.004301204586691995,0.003360709382342223,0.001483589265081993,0.0026871400651252843,0.00022623229588909354,0.0009679012498619003,0.00130353507638058,0.00045582886840176833,0.0014681483091324424,0.0005934127954924096,0.0024130432250881774,0.0003948079509130969,0.0036113380506665083,0.0020115613088159943,0.00027480419964648144,0.0010626932612983356,0.0003545627500639486
722,0.0008820954354296493,5.721651339063889e-05,1.2915703280650873e-05,0.00016187017147465595,0.0017640558046395868,0.0020602508202645048,0.00019672372998027907,0.0007910175750359819,0.0012307632674240924,0.000636038834722199,0.000681216278545429,0.0005397058076914256,6.756447265065529e-05,0.00024328743591276817,0.0002547840373644682,0.00015168042164851218,0.0007521179715883532,0.0006259126463728695,0.0003752939147904435,0.00047892356090367525,0.0002956010788489887,0.0007225178805054237,0.001292063802724748,0.00026914721504151185,0.0002002318025958079,0.0009081704433504217,0.0021609724108555754,0.0017653589114706117,0.0020212341163877105,0.0022756051011533717,0.0021633694279705215,0.0080256816667339,2.038711070171921e-05,4.4628474638565335e-05,0.000994303763796097,0.0009507642176217715,0.0008254986466524084,0.004407487334620621,0.0012175414224937225,0.0007423603657042678,0.0022670917237407506,0.000542395631143021,0.004441899300084815,0.007168101534651093,0.0040201961736951305,0.003210144463977189,0.0047699125794108815,2.3758843058489342e-06,0.017766329737378416,0.005164293741740171,0.004343002543852753,0.008311665379876213,0.00594643681444946,0.004315250798283535,0.007892031506960696,0.0033483741415453938,0.0020983546885201473,0.01884250616261053,0.015881279028855933,0.023784663411310396,0.012352500681107723,0.0018789775110077786,0.007604945547868215,0.022386361457892308,0.0055195170819568595,0.0011668225921233819,0.001437092411657887,0.0006815192563462547,0.001655902049604502,0.0046994174434757535,0.0009191849345125975
81,0.0011839914880886887,0.0005737032343376317,0.00023611878280173492,0.001006746929552707,0.0028902803700657795,0.001194096982275321,0.0037483850649708103,0.002962927583908837,0.00595060678224387,0.0037039852038266716,0.003546553656704293,0.0021044816864082506,0.0012985000293736844,0.0011693303257160168,0.0011884671884586505,0.001575918623686553,0.0017878248759760436,0.002222935076801366,0.001904654051812818,0.0019740499293069576,0.0004935926642943227,0.004924748746391042,0.0033342221095270064,0.001982667283515653,0.002485866009047069,0.0031830866550637458,0.007128814421777727,0.0064350487365331804,0.008105639609743106,0.006942802883083241,0.005651591833995851,0.0012700568817197832,0.0011449638486097633,0.010426696276370589,0.0174256103448788,0.0218372329484255,0.00981036993582315,0.007713316139779442,0.0050500240913656244,0.002654919032239095,0.0020246537841567313,0.004846228868593008,0.003458747526713576,0.00501589043645988,0.006748466509518909,0.005040567607005373,0.00101964036364193,0.007696142999029432,0.003477639337837122,0.01393483044526254,0.0027384955805717206,0.0040584075721434585,0.004439419199407374,0.010387222877545099,0.015183236351205618,0.03483684187793775,0.008083796209490707,0.0046283883682230065,0.01094851662753706,0.00602901869560065,0.0032501390803630495,0.003922761820663062,0.00954561175933485,0.004470685812256188,0.01014283435961902,0.006351992242794036,0.00726010087826277,0.03175779075166873,0.005385646543723677,0.014705897031709228,0.007722515588882575
GFGD,0.0,0.0,0.0,0.0,0.0,0.0,0.0,0.0,0.0,0.0,0.0,0.0,0.0,0.0,0.0,0.0,0.0,0.0,0.0,0.0,0.0,0.0,0.0,0.0,0.0,0.0,0.0,0.0,0.0,0.0,0.0,0.0,0.0,0.0,0.0,0.0,0.0,0.0,0.0,0.0,0.0,0.0,0.0,0.0,0.0,0.0,0.0,0.0,0.0,0.0,0.0,0.0,0.0,0.0,0.0,0.0,0.0,0.0,0.0,0.0,0.0,0.0,0.0,0.0,0.0,0.0,0.0,0.0,0.0,0.0,0.0
GFGN,0.002608926064309954,0.000320339685613284,0.0018047156183837354,4.680461060934679e-05,0.0018308939323594003,0.0018819742355260251,0.0008705776042685542,0.001674732199726786,0.0019348813872957342,0.0021642368022974177,0.0016356082632599553,0.0030427008902462367,0.006992934698350562,0.0020918210379838238,0.0028744795191998915,0.0012044930413877338,0.0012893852349565625,0.002015048083924781,0.0017480234934418876,0.0016916099039866494,0.00047449106832797035,0.0026418606260123602,0.0024158074866404726,0.010515627135569371,0.002589764913361662,0.002339654351562131,0.0023910220158349068,0.00019251617120456685,0.0014702452668231233,0.0024416516677950926,0.0029827304345149976,0.08497780181208742,0.00236831169051979,0.08263599735710962,0.0014525593622931564,8.197374510454846e-05,0.0010772265724619788,0.0015659287555164147,0.0005063235681487982,0.0015389286352897203,0.0027735536350244417,0.0070322922531394095,0.001255659528343264,0.002575290793961654,0.06256367440171547,0.0012039789027323605,0.0003525196452061857,1.550112417644587e-05,0.00018704809685444386,0.0034124675263227074,0.00019672396787202346,0.003282140927603249,0.001481616654386164,0.0025802005862369803,0.001354266856231303,0.0002976424356604093,0.001231909998761065,1.3085166283245657e-07,2.4380919650802533e-07,0.0015192830592204599,1.6875703964817962e-07,0.0020252827726533105,0.001984485508128285,0.0023685840312656996,0.0022573104011822777,0.001883983704600992,0.012339703172786836,0.0039733353814603856,3.506565487614095e-05,3.8903004557099903e-07,3.632110067066354e-07
GFE,0.0008172057897926141,6.243270891161175e-05,0.0005666594555179616,0.001061192578013664,0.00018252248332065358,0.0020283355609863824,0.00017385996197787955,0.0004336623044114518,0.000793919590076412,0.0007264038872682967,0.00075930874899132,0.0009566122815358908,0.00034483453701627956,0.0014065955344997774,0.00015236923487948442,0.0003366778492920953,0.00026027245991536266,0.0003211689549686917,0.0002679586715482022,0.0005109552076879555,6.475216308114641e-05,0.0007478819116587707,0.0010984363378220981,0.000425522846800139,0.000567405648560342,0.0005516716804013005,0.009278340075875293,0.0034518335958291127,0.003833436723762396,0.002172878967677024,0.005604175739681361,0.0001867830751940324,2.1974264839192775e-05,0.043070064997891636,0.006720528484340166,0.004119131044608638,0.0033179727892871536,0.005187372066255091,0.00546807846064649,0.0010390774800836725,0.003071695979233372,0.00047838365593419095,0.003225584023459261,0.0018078442820758395,0.0055900240790230935,0.0008876603394614586,0.0005372234214040105,1.3388533685357855e-05,0.0009755395310383959,0.004203958834650881,0.0011345972056122115,0.0010661954665294288,0.0015018014477005835,0.0006660009713111913,0.0015526866922899955,0.00169461777990618,0.0009052237578110793,0.0014406758195095787,0.0046804339430770465,0.0017888956808152013,0.003162245601790796,0.0014175736700421898,0.0014938153240325127,0.005643693660335038,0.010085185446134008,0.0008507818020405801,0.0001551632273300045,0.0004352781338008597,0.0014027282349384773,0.0014924414652793725,0.0006045328933308564
GSLG,0.0020364767861021428,0.004353135149921694,0.00016266262007969914,0.00018164021446196585,0.005339586633431743,0.0039159064019606464,0.0007853723696855213,0.003425824197937068,0.0003519692047701231,0.040421943360904426,0.001072513474802032,0.00013337714599940246,4.47059352133009e-05,8.421338299719188e-05,5.31642471185e-05,0.00013996061589331498,0.00021731856173262828,0.0001849259974225083,0.0004682247675541758,0.0002321191069033084,0.00032680879792571204,0.0015796315720963032,0.00032233168393386595,0.0001345676303081571,0.0002674971538340022,0.0003563022521096965,0.00037323624743980046,0.00045710097867010253,0.0007435557823746492,0.00017330534265025703,0.0010271031690049072,0.0,0.00020782012626544339,0.0,0.0006215459716390238,0.00022312831327598974,0.0010056850313315796,0.008477262640394915,0.0002647725700993854,0.00016556824516614877,0.0009948271895483397,0.0004953955399088649,0.00038274219353993705,0.0002451816756740856,0.00018152099303819408,0.00016299099936798735,0.0003341544528543,4.0515108357304385e-06,0.003386524558334527,0.0003188084665194242,0.00023929004231963046,0.0003217869889504689,0.0002781025041173644,0.0003630961157824376,0.0006932309932242127,0.008694545050049775,0.0035488452684285425,0.0007521855751493003,0.001055395588816564,0.0004322760261042613,0.00032273955216424597,0.005785833531060741,0.001399342152673931,0.00044570303421710494,0.000522713387448752,0.02236605889219231,8.050584381312047e-05,0.00041099092853188866,0.0005852067326670668,0.0025924490683876256,0.0010644853967120484
GSLE,0.006650262161648658,0.00021779946654506134,0.004801344254406731,0.009153277947165448,0.001212131514148513,0.015127278340683177,0.0016415596183205468,0.004693105791471966,0.008622215333433771,0.00576802904284184,0.004105046024852018,0.002482791209693047,0.0014026502289792792,0.001983577311924354,0.001496568267430983,0.0034146653971319817,0.003171176243845262,0.0022636116655764395,0.003490040924110695,0.005397014747408855,0.0006600670273230999,0.00798268560995196,0.005329989311961065,0.003728908149761286,0.006070408238414767,0.005887716962956822,0.0036310729357076775,0.005889788663047233,0.011758626083125168,0.008324530608569521,0.006351226291493738,0.005446685743805955,0.0010009305614740646,0.0026205187458658626,0.007900951184171064,0.0017894780989789368,0.007523057612993825,0.0052046942457015305,0.007784241195713249,0.001087430039814936,0.001922383861416482,0.0026707662751753935,0.003595847873701454,0.0021928941716493344,0.002096843906569888,0.0007693404890535899,0.003089971547891012,9.353703514682864e-05,0.0076885382242058535,0.003926224313637293,0.002832879463581242,0.0017402672872854073,0.002394418219978284,0.0044834300702513335,0.0031277573200058986,0.010748791525915161,0.004963839607609469,0.002539472463356513,0.004287462380380481,0.006748899167681736,0.003540053204504705,0.004904180756484534,0.008615355184592709,0.00804360113025118,0.007999695045438869,0.004138298185154302,0.0031890934077554597,0.0038240428718234053,0.009333789025932406,0.0069288494973089995,0.008676611579998661
