bea_code,111CA,113FF,211,212,213,22,23,321,327,331,332,333,334,335,3361MV,3364OT,337,339,311FT,313TT,315AL,322,323,324,325,326,42,441,445,452,4A0,481,482,483,484,485,486,487OS,493,511,512,513,514,521CI,523,524,525,HS,ORE,532RL,5411,5415,5412OP,55,561,562,61,621,622,623,624,711AS,713,721,722,81,GFGD,GFGN,GFE,GSLG,GSLE
111CA,0.19017284570768467,0.015010010459741359,0.0,0.0003860068281702981,0.00018279593577323966,2.670455834709817e-06,0.0010766182832488446,0.007119445697556065,3.944281921255277e-06,1.2713337832838999e-06,1.831868690299027e-06,1.3343433244234664e-06,2.1796894026990594e-07,7.023116879014128e-07,9.59053187540791e-07,3.9463870698611894e-07,0.00011135046802804187,0.001658540792324298,0.22828868125641244,0.04276545979178139,0.0008038472494622309,0.001419720134996765,3.0270846381834718e-05,2.9775678253808346e-07,0.015126623306418095,0.0005236652835869457,2.8084993968429717e-05,0.00119002714610273,0.0010886730812636942,2.2631695872295578e-05,0.00023301418788018442,0.0,3.5070483663052664e-06,8.391949426698578e-09,5.9356387631199244e-08,0.0,7.96352604907597e-09,8.215562201523203e-05,2.609000664442635e-07,1.8424507542816522e-06,3.406656681942228e-06,1.7035333992071478e-06,1.0335491149797096e-05,1.1497287166971206e-05,1.0460815909479724e-05,1.3352117416845996e-06,4.002891151689112e-06,1.8668293579437215e-07,1.6584562444512932e-06,7.219839772800641e-06,9.650754538019053e-06,1.8470840403725358e-05,0.00035741522637787443,8.173296756896037e-05,0.0014345080989425984,7.188081394524407e-06,0.00046869969360760884,1.177578507018629e-05,6.952371871827013e-07,4.447902845820222e-06,1.0923835606188185e-05,6.770913465441775e-06,0.002347704950475519,0.00026827185575321356,0.005071555773568511,1.66469901265044e-05,2.3009327520137265e-05,0.0,1.1631747901348458e-05,0.0016061707112329901,2.238558227085803e-06
113FF,0.04825372990957888,0.1284092210623795,0.0,0.0008544980292185077,5.092505867653966e-08,1.36868463349279e-08,5.1423176003337204e-08,0.08170332317009435,3.040886032882103e-06,1.3468547798298547e-08,0.0,0.0,3.9119867711759525e-08,4.34056627844386e-10,4.5167720504079664e-09,3.1599299286362275e-08,0.001170794331200863,0.0017551909623293607,0.0071303964967214355,2.465174084629608e-06,0.009246041972283592,0.016290148988639296,0.00030874864661534945,6.589999220764593e-08,0.0003600733769100289,0.005990616252559567,0.0,2.1410705307715986e-08,0.0024660122192393195,0.0,0.0,2.327507340530692e-08,6.915696117122346e-09,1.5540327160904914e-08,1.3912133612057953e-08,1.8700795187035943e-08,0.0,3.029232179529292e-06,2.4998203305195012e-08,0.0,3.205276065965303e-08,1.8594096549970752e-08,1.7001528642911865e-08,1.645023334225408e-08,5.829801795511049e-09,8.814415673903539e-09,7.98271801521406e-09,0.0,0.0,0.0,0.0,0.0,7.916331648971082e-05,3.251704447269304e-05,3.0593228291072502e-06,1.1745964464336258e-08,0.00011640104450297848,3.1373850173393724e-08,0.0,0.0,2.0796777160200813e-08,5.214750231279548e-09,0.0016741889520164093,0.001305578975493886,0.005815738180826983,7.481385376100152e-05,7.872845024973267e-09,0.0,0.00013162110613151523,0.0015889753939975267,4.339718479419176e-08
211,0.0013337838081394532,0.0003814901506376923,0.10014874376559901,0.0017946533531861318,0.0010652679303706938,0.05012000534997,0.0016162073050517073,0.00048182613573732836,0.0003723476487430293,0.0004625598891007317,0.00028405938709960294,0.0002529262634147591,3.658028400215802e-05,0.0003985306979120445,7.722663034002995e-05,3.428348768687041e-05,0.00021908781603841756,0.00045881396551951777,0.00019473373964803354,0.0001613270560186794,2.871125788546843e-05,0.0006316100617213636,0.0006579551941636623,0.5312296092821794,0.010941455185709544,0.0003238150432403245,0.00014900860581048506,0.0002328594614152806,0.00011113538006090809,9.657125236570081e-05,0.00014399870864291374,0.007394977243268181,0.0033049996574479983,0.0033473079095588244,0.0036305671757087352,0.0015736315705517157,0.0004604046710253194,0.002642284381497705,0.0045982474488965395,0.0006780638290336835,9.727983579780721e-05,8.21161040871607e-05,0.00032832696719003286,0.0002538599924494699,0.0003531365848113031,5.962777206485247e-06,0.0001970616575949485,2.2100435360556293e-06,0.00032924152418840793,0.0002889454750385572,1.0060362270331175e-05,0.00015231421392511457,9.258789900525815e-05,0.00011167348923719247,0.00040482528602487283,0.0013422391829863132,0.003085781221872982,7.592508106750129e-05,0.00011171161560017336,0.00022562849276001426,0.00034776246130230034,9.774099532650312e-05,0.0012563190429073607,0.0001837019281815404,0.0002545100328434646,0.00022547069674049383,0.0010051201643806935,0.0001463571812619412,0.013892653001393642,0.002810643984263749,0.05680814908342046
212,0.0027320252225290736,5.918960482656972e-05,0.0003173637128589786,0.07917530724586319,0.001219975205710487,0.007419444901584204,0.00858515425498081,0.00014135342181805345,0.06899938083756192,0.04341829173414725,0.001660121328747321,0.0003756545043442394,2.780174492394759e-05,0.0006634334255574284,0.00018684417095950076,0.00015589163836642872,0.00017841840004233992,0.0007285953966608413,0.000947243850392318,0.0010557068867374682,1.8069701696498144e-05,0.005075555610443294,0.00013456812559525837,0.004350394007007472,0.006352917040711667,0.0010719465976522832,1.5281515129681002e-05,2.332606560266086e-06,1.3364151295141579e-06,6.171930290878782e-07,7.391109802091495e-06,2.006019502537497e-05,0.0011060857653801936,9.119556174809893e-06,2.5568584081543e-05,9.405317920854746e-06,7.021665224344336e-07,1.03138824976585e-05,1.5483929721025563e-05,4.848926860730832e-05,0.00011042575176855114,0.00033981671861046085,0.0023254210768452444,8.282646830302016e-07,1.2334189114993316e-06,1.9900749385417655e-07,5.062990166214537e-07,5.920416366949543e-06,1.5999908399295947e-05,4.177692083141043e-06,4.779605367564824e-07,2.03774763410418e-06,0.0006999800424261677,5.327496874405816e-05,0.001161360361097359,0.0004894385472471015,0.0015247974199541115,9.388540955430662e-05,7.797247152213392e-05,0.00018810177395630533,0.0005467567902163576,0.0022037505043880196,0.005061601991725327,0.0005402792114825682,0.0005656219966751108,0.0020984378293962096,2.301831489709674e-05,0.0060397706437538175,5.049940301529573e-06,0.0007793071095090067,0.007974904990017363
213,1.1679373607378293e-05,3.528692110824984e-06,0.040782261214847904,0.01897627326256256,0.023997221030080396,1.3157283491793469e-05,5.7806486393538586e-05,2.0736768343044698e-05,1.7174289936861343e-05,1.7863941221057323e-05,0.00010132849011422875,6.053161388070059e-05,1.7002611621708193e-05,7.151784432326148e-05,3.6759565856667056e-05,3.3128660075160314e-05,5.0924191839377014e-05,2.9867385038996828e-05,1.674949499934169e-05,1.0693745210829455e-05,2.9613732286522726e-06,3.244721445029277e-05,1.4792484205422043e-05,1.6161308772263607e-05,1.3980054572927037e-05,2.830761784724418e-05,2.0700030748488126e-06,1.949239358141168e-06,1.5648332238592444e-06,9.489186776899523e-07,2.1303894256568555e-06,4.848639994567829e-05,2.52358589191418e-05,3.5310494278751466e-05,2.7462389962538412e-05,1.3723387710146278e-05,2.1141232990362195e-05,1.7725598635771512e-05,1.3603051787040361e-05,1.5263868994120543e-06,5.591297164027312e-07,1.1634777744459212e-05,4.123080734998631e-06,1.90694126613266e-06,2.592214710429996e-06,2.9772303375577186e-08,1.4301605818330066e-06,1.6697697980923135e-08,2.1331599604077026e-06,6.085484438989443e-06,9.000338839863436e-08,5.193289960317391e-06,1.5278134948271723e-05,8.643945447317225e-06,4.712835233857501e-06,2.8319971069206343e-05,3.2468540738193633e-06,6.054252313923175e-07,2.4522576327524484e-06,1.4634258741457355e-06,1.1857979981091136e-05,7.220363187146582e-07,5.577736544349242e-06,6.101641815323919e-06,4.837771127555952e-06,4.801385044182736e-06,1.7347377232171087e-05,4.257333170675259e-06,8.49377820552198e-06,1.9703203800397667e-05,3.7481836685512176e-05
22,0.01656262900680718,0.0011844679383925796,0.019265301989343314,0.035746263024359425,0.0034294698942307386,0.05504447176769678,0.005037033744661469,0.010419774734362836,0.023756939277983963,0.01680000673379653,0.010613528466716388,0.005488593171746514,0.00402283387575897,0.0050688442038986335,0.003993158358251496,0.010227093198682988,0.006864343617636978,0.00468296256277628,0.007550243684076619,0.014107883688853054,0.001391223175513164,0.025130084508759334,0.012128007813355112,0.009738068699909886,0.013451542161303816,0.016224637897363302,0.007146547460989372,0.011959160716434991,0.03733046219453016,0.03162594846584086,0.016225758616929275,0.005355127360516972,0.0006428412850409477,0.001614923156500691,0.010596368417664467,0.003548226020736516,0.01854542797949325,0.00367914816706204,0.012892855213233632,0.001473583462913582,0.002651520253032754,0.007355224334326256,0.008375883285804313,0.002531445582976029,0.0016175521628727717,0.0006125521597232393,0.006497868287245384,0.00012792869378890534,0.013421272708504338,0.002996320581966662,0.0017294234639897872,0.0013986493111449432,0.0022319160123679613,0.008210942505604253,0.00269729943140295,0.01296541435135242,0.01019357243795736,0.0030634306857819284,0.006673901054374354,0.011173775737345175,0.005342273888748805,0.005190374052761012,0.015509850041830702,0.01630946923527215,0.01643171144312395,0.0073564443890177895,0.004651422151273808,0.002775592909454082,0.022201327373509373,0.009877576424171187,0.008342827381740808
23,0.003839085369518121,0.0006108437633861518,0.0006828158781316253,0.038427995972022136,0.02001703533393476,0.00850654574457168,0.0002359957154615122,0.0038598875531412197,0.008812624679179345,0.005510262048382715,0.004834868922739009,0.0030281859423825592,0.001980703080350356,0.002026174413489645,0.001756796643851797,0.0024477266487024432,0.0026432164277647337,0.0028572864944548405,0.0031012189312273233,0.0032611412304877664,0.00043862121559231547,0.00808726396050873,0.004904111222958861,0.011771583549104181,0.003687080880192727,0.004788961156087879,0.002762782323817832,0.005560807770711288,0.00597464575077044,0.012034925240980323,0.005249261163831302,0.001130321968517562,0.03134875337591602,0.0004785778241026383,0.0017900768106723535,0.005941980806515726,0.013481086530691352,0.004518807466405715,0.005016820360762883,0.0004314278837317756,0.0006592496634874821,0.003090119960971075,0.0031092122118120927,0.005816304257426434,0.002798184555695185,0.0010471254154557582,0.0005317678238093472,0.02997437141053033,0.021759637486266404,0.003247239383389719,0.0006907898605385733,0.00016730088173645645,0.0015912641822681875,0.0019653016272260264,0.0010656318334219574,0.001996305367701777,0.0017627925186959076,0.0009048348473884427,0.0019078562483344258,0.0032884459090246018,0.004395844055484203,0.0013922074620524826,0.005149287371796688,0.013529493581790987,0.0037669672428810265,0.0051895940082454075,0.015643710019543604,0.002846532191967095,0.006423983618614934,0.01537165765405425,0.16802642057527048
321,0.0013943834500033047,0.0017168206005866598,4.0389542741158496e-05,0.004540018092270082,0.0032048034619750793,0.00036894218674945773,0.03379546287939299,0.22082573916976334,0.0015072807944138723,0.0051801848732266655,0.0009077184092561173,0.0025032059118992836,0.001169885089796059,0.006864724460310224,0.006037921609548862,0.0009412590851304694,0.10760531051851145,0.011401185075521606,0.0003479123474222274,0.001193990967153227,3.141906741493921e-05,0.028294203897745233,7.080727133308431e-05,5.840203001415852e-06,0.0003368323349794138,0.008564496072870392,0.0035678792671783102,0.0004779059734751691,0.0027679123097445434,0.0006309895300209616,0.0011507839929305532,0.0,0.050074282287970506,0.0,0.0005607459856962226,1.0020006978610571e-05,0.00014382530216403296,0.0006691139387666957,0.0008367507813236121,0.00010944638744762139,0.0006870841276076568,0.0011943962513909093,0.002641168431266069,0.00018198618234918876,1.2498982641956846e-05,8.605158101878414e-07,2.70194404670211e-07,4.8618350367219064e-05,0.004320212659674681,0.0016785848896199763,3.3264226936281675e-05,6.961098522182992e-05,0.00043102573740089797,2.375659718991457e-05,0.0009547912830577436,0.00025332893184272303,0.0002697582659429555,0.0005202879303769947,0.0007034202423475349,2.5582379399653757e-05,0.003750705537358686,6.664248545896246e-05,0.001747766496151474,0.0034087421845630846,0.001203646840775803,0.002130751336974795,5.3045844382287836e-05,0.00021563289363841614,3.2665826360479414e-05,0.0018041617862295807,0.0010482669301817794
327,9.131015119775183e-05,6.052967010913238e-05,0.00321470430139495,0.004809108421550741,0.006218329111440721,0.00011171092479187108,0.03976805242483575,0.00472430981407477,0.10789186605513312,0.006899406285641873,0.003308040975114755,0.0035355806478915373,0.0007695972581853654,0.010754251499496562,0.01035753441441675,0.0007206751905507758,0.003239848362539518,0.004252066603045016,0.0024770787930625156,0.0005861849129040594,0.00025500063202569466,0.0020641360927453403,7.519162380308288e-05,0.002751225556733383,0.0014901018636429555,0.006498223770636571,3.5105451804661334e-05,0.0006325542474379179,0.00017545922041461615,1.3811031545026833e-05,0.0005290035083803604,2.0624945906810715e-05,0.00017819117013990253,8.517960387131873e-06,0.000262736524286844,8.1823484960174e-06,4.067527074702378e-06,4.4445441748944416e-05,0.0003885801675833226,3.741078153597252e-06,1.2007318864422165e-05,0.0029068489657481933,0.0012132109938023327,1.8129843393398037e-05,3.1897037179227446e-05,3.401316625381365e-05,5.239001083378237e-07,0.00010100326787416654,3.42543104747631e-05,0.0016814475541594546,4.89715508815622e-07,0.00029520559225820726,0.002012184291384569,5.9161471287273996e-05,0.0006715826853238723,0.0019954616653925757,0.00022929951525557912,0.0017168705989300424,0.002454758449951792,0.0004845818087233186,0.002428000304085273,8.814291457260211e-05,0.0008462922866678755,0.00033562255483598,0.002200410365997659,0.0015320568412639354,7.988099400050967e-05,0.0016649244733101148,1.3447178098321435e-05,0.0005896782936518132,0.00822447562939721
331,0.00034358426368100137,0.00011713686923170113,0.019712118659427753,0.006653359172529588,0.004217628560881163,0.0005615403834807646,0.003865488974984194,0.0020408394313085397,0.01365591580538929,0.3085207975508263,0.237654414157504,0.11764965529484146,0.016430360864277353,0.13988816642143562,0.08227256360854819,0.01919479412241186,0.04754364356202915,0.045572130451148024,0.0019536309315682705,0.00216610557641592,1.755210211851185e-05,0.007067222621976611,0.00039708259909939655,9.368451229038696e-05,0.0001787769245530678,0.007668470112945193,0.0004057759432160992,1.9033770921877705e-05,7.182644387959202e-06,1.3700838245292984e-05,4.8121246719353195e-05,6.500442179496552e-05,0.009404988304861497,0.0,0.00012554135772534783,5.033860300051724e-05,0.00014248652930593864,0.0011950114010961968,5.505671012765063e-05,3.237931375424446e-05,4.565860308293482e-05,0.0005530615253332528,0.0014998770688583647,6.168729737647476e-06,8.290751355830643e-06,5.193393668303647e-07,4.265700106120024e-06,1.662674600812333e-06,0.0011010767183650455,0.00026618329373521234,5.443738170547446e-07,3.404188250787001e-05,0.0008690214694115201,0.00011306883421395017,0.0006357568556756259,0.002125953260089375,0.0007367365466042562,0.00015763878699517444,6.024922505547348e-05,7.638757441129995e-05,0.0015317703753108753,0.00010901780911952763,0.002325932879355284,0.00013523198440209018,0.0001983741683240466,0.003454457893859449,0.0007836594561897314,0.003189915226854267,2.98030254110694e-05,8.912228070937299e-05,0.002237867144472294
332,0.0035974213794721594,0.0018000731244066472,0.02344423026877716,0.01084230616201088,0.010071232571728816,0.003964921852867474,0.05280934700293751,0.020793718616667966,0.016939641874815902,0.04768141053630553,0.11272504718959142,0.06728637594120304,0.018739906453735845,0.07772509463102031,0.04199621581933349,0.03658383272673622,0.05524073432756607,0.0304672213645775,0.017136698456112258,0.011574426505397755,0.0032736472475031536,0.03191489695469337,0.012010579829027646,0.0017967555725255213,0.010010118876477868,0.029898101330276507,0.0014487708706967149,0.0011541351015097563,0.0009616789933453221,0.0006158071839183489,0.0016984926716409206,0.000745083930457917,0.004645875918349967,0.013860022340319716,0.004860164427507228,0.003964001663017161,0.021875321410370407,0.005033300371505126,0.006338999203780192,0.0014543196538937407,0.0003536983614864842,0.012466499117479662,0.004063101678754852,0.00030148737274018374,0.0003651469679543549,1.2317471181862256e-05,0.00016928039720863922,3.0794391457178965e-05,0.0006864579728461648,0.00470301306909078,7.540067067239077e-05,0.004660840800287641,0.002784006890684537,0.0012249202809187162,0.0024228127116048383,0.023762178474966457,0.002566716250727642,0.0003863901115960442,0.002116643662003002,0.00016655486943495675,0.010966815289304587,0.0,0.003762915368810027,0.005441610657132125,0.0035536923426184646,0.017376811845834884,0.012065621486592156,0.003781647578033984,0.003080588080368082,0.0018713487417120229,0.015550644446152534
333,0.004831838299119896,0.0009404186032539887,0.023149591697418044,0.0325909194450699,0.034096004099837124,0.0018562470252883598,0.018608822139605845,0.002309711630063227,0.0008581455044694373,0.00750221161110223,0.012656612150051363,0.0899566119256533,0.0012401657622063543,0.01454307135600102,0.04700101227135487,0.009661156306759889,0.0015929150083511328,0.005597600004449693,0.004372122419430558,0.0006351142868882033,0.00010814853565241104,0.0055763055814085916,0.015173906652263841,0.00010213213304489357,0.005093166269861915,0.008836324039573325,0.0008570691071529225,0.0005665964791186234,0.0005689038190027278,0.0005197677155246199,0.0006657163356813307,0.0,0.0007831463559209562,0.00012118811728391016,0.0010931838647843162,0.0006083200486808505,0.000764707317604541,0.014646675807728732,0.009364291907030507,0.00013065680002074555,0.00016173438543987004,0.0014561608752853754,0.0018259119638301775,7.846403648891043e-06,6.743024323679157e-05,0.00045605069265593657,1.1087986772721544e-05,3.321298987159643e-05,0.00010164129098359282,0.0019132621096759875,5.1295566877613545e-05,0.0034339877573021298,0.0011657190100929752,0.0006996586314943427,0.0035796864767894464,0.029503131621250143,0.006596186291881253,0.0008870680801321743,0.0009080616936960762,0.0006104050835232762,0.0010476466643546342,0.0001499270716302223,0.001447737973550286,0.0002067368704847186,0.0007999492007225575,0.007702041920001267,0.002976349484770619,0.0011839334768785563,0.0005431662725555081,0.0017990614642001516,0.006474484996313997
334,0.00011394186362849588,2.278228862566978e-05,0.0002134041230160382,0.000275957061803466,0.0007233214270422995,9.745976681337478e-05,0.0035547170497165145,0.006132927008433329,0.0043135664955827055,0.004613839591906938,0.012914546620740161,0.01693221112353946,0.0998882570300369,0.025674384825017663,0.0301371949338344,0.05274325876713437,0.009683447812604206,0.012526545068219803,0.0023169057021418943,0.006626389672537335,0.0019100911065780138,0.004488171418961202,0.013044925125079517,0.000568742956774353,0.003974604280107189,0.007883263751986516,0.01627005339567401,0.0030132495402114606,0.001965095644805209,0.002352850774000537,0.001410877125186334,3.553994631640311e-05,0.0005605540965733668,4.4578345640658346e-05,0.000682700233002741,4.452735896225699e-05,8.796527157704486e-05,0.0002718854329593836,0.0011174445889592392,0.00485144265681243,0.004491621767351838,0.01909793742489248,0.016414846085849744,0.0005251534952049756,0.0017547431801463987,4.215876934452378e-05,0.006182730873889522,8.569362932454043e-07,0.00029663150639021665,0.0005026366794073178,0.002867464933495019,0.009140248495363119,0.0047535935429296496,0.011795138091922884,0.0059451627400222236,0.005725467300973556,0.0036314695888444667,0.0067216126470241375,0.001154556069961594,0.0006724987811336002,0.002881331126139813,0.00018523870873948076,0.0012903512904085842,0.0013041067927286425,0.00023662219576932187,0.005691847862675895,0.023691001467559737,0.01179288496234885,5.399245800254207e-06,0.0010559677867111694,0.003978669853989363
335,0.005698080509848556,0.0009166911549748207,0.000582199970042971,0.0004890121329022759,0.003200924395002762,1.984050168369973e-05,0.022616148551928488,0.0029081726767589506,0.0008817912237256976,0.005325616780352004,0.008036695435539655,0.03911507490011219,0.006432063880731741,0.07778840084842187,0.01052542794788218,0.003632055453958853,0.001390257237922927,0.0051512247814001185,0.0014461741466139922,0.0009547204091604551,5.402672659278459e-05,0.0026809286188085313,0.0010687342982850852,0.00018847980556828457,0.0012369453467916448,0.0038628109567546785,0.0006300958226414319,0.0009419484018477843,0.0004497386236288101,0.004033236918144044,0.0003624796570434239,7.196044790738726e-06,0.002035534271060443,0.000779802654941288,0.00025184623261992746,0.0017014601452432783,3.7106824280201576e-05,0.0001535810349804691,0.0009472475642333035,1.5650752247550235e-05,3.1341253844478568e-06,0.004960833224335289,0.0005847851810202745,0.00011696456780251208,0.00011359802931698446,4.162872760176258e-05,3.360993127980004e-06,8.196944112091583e-06,0.0005914371558052105,0.0009821098862466834,2.2381069076451032e-06,0.00485959460302196,0.002481072409128315,0.0001289673715861568,0.0016858297285833703,0.007198560506145708,0.0010394535374211131,2.2093692427050698e-05,0.001048187903011569,0.003590327172924641,0.002277193268842063,0.000252840915322843,0.00280915371800756,0.0021653638272659697,0.0005925637158732506,0.0043794742185356075,0.003410519997766686,0.01051178247077901,0.0006122471264013117,0.0005415532648120163,0.009219609557576183
3361MV,0.0023115892644261435,0.0014707462652626846,0.0027283254281878595,0.006850921229009456,0.0036375541816864457,0.0003113386511628562,0.0012920329436597996,0.0114208039252991,0.0035987268476316385,0.004763451087017388,0.0036896935052120527,0.02676473694792209,0.0022713435810013945,0.005050673906807035,0.2861482416137301,0.011339106989023524,0.00554023825022311,0.00461615035247081,0.00407562966422506,0.0028713288719149316,0.0008636664909084427,0.00670407150521658,0.001735383589202975,0.0003173123420108475,0.0013261134491820343,0.002374467507384567,0.0040573348430476,0.0061166217622389205,0.007105106014905543,0.0013055616723863946,0.004435866072297979,7.136077921733136e-05,0.0009324468714875162,0.00018577422136188392,0.015218850031445018,0.004970675964405363,9.33588140989061e-05,0.0008947089071931922,0.009386028480114255,0.00034961297735841773,0.0006491138160023744,0.0017003232733169952,0.0008728352419651029,9.424498034940455e-05,3.564408726212228e-05,2.0351558260612105e-06,1.4906212581116572e-06,2.1568799642180124e-07,2.9754819745303605e-06,0.005173433937307265,8.404103715672542e-07,0.00018042737628750152,0.001302679272824007,0.0010209857501358476,0.011748714741192854,0.0098601582501096,0.0014029514186694103,0.0005889572573197465,0.0022746951188832494,0.0006906987843511563,0.010620922238567648,0.00042077979516245165,0.0009108769544616984,0.0006789846865951241,0.0014223316665261689,0.010106340486904708,0.01540279232437408,0.0006290778688376635,0.038465225009166826,0.0035294609611140463,0.0037460421705087414
3364OT,4.18939179803035e-05,0.00026401472506286757,5.442111541691633e-05,0.00014778235305249704,0.00011989877197273243,3.346220421442022e-05,0.00014028110666491146,0.0001712294094567324,3.7092048813989976e-05,0.00032998405644207065,0.00029534961076897146,0.0013696531636334455,0.0001561396826055649,0.00032524382456388984,0.0033121005523081564,0.1919974934829396,7.90014782897556e-05,8.820114521893649e-05,5.4011136388450726e-05,3.009257812426361e-05,1.1921077133302351e-05,7.605211993910347e-05,8.15322436699975e-05,5.0672652756534945e-06,3.911233618179594e-05,0.00011650595073925156,5.3030653356124525e-05,4.3828904753151685e-05,4.952626412862523e-05,2.349766414442407e-05,3.2518898630361756e-05,0.006402119445846505,0.013610050979842424,0.015712662397010753,9.239912200034817e-05,0.001018011819950676,7.437974139850956e-06,0.007318546706953199,7.283893601301107e-05,8.333216184415707e-06,9.743194627189461e-06,6.532829231712905e-05,3.000557303064204e-05,1.5521303805011953e-06,2.88169087526617e-06,2.0089045293976644e-06,7.203479095973562e-06,8.207612758855237e-08,2.550445873097398e-06,3.989459999999452e-05,3.5065147996427593e-06,3.379421852320672e-05,0.0008184403572235656,2.5247534843636733e-05,0.00015574409292098303,0.0007831503797384539,3.8095363542914326e-05,1.9626200070648665e-05,2.4218468130296728e-05,2.1776269008614083e-05,7.886384720431174e-05,1.6948174072519885e-06,2.116464543395667e-05,1.2595052354286752e-05,1.7764280120751398e-05,0.00025490907454097067,0.059252317798802044,0.002001281553649247,0.0002426428034244755,3.031305744708243e-05,0.00044021849380021494
337,9.39407845864607e-06,7.37390993699518e-06,1.8236754911010663e-05,2.712290659782631e-05,1.9695343438227398e-05,1.1461800627615013e-06,0.009241405372439802,0.0024146434279247934,4.759088957592572e-05,4.1523575707754854e-05,8.571438414108538e-05,0.0006333062498724854,0.00030937402714601483,0.00010644040605118706,0.0001017909861577061,7.2741652144571e-05,0.03941828062789787,0.0014634231802781847,1.33044852987397e-05,0.0002821358237158314,0.00013457049234312247,0.00014507251388576312,1.746188990676967e-05,2.4766494591650783e-06,1.1445228724427684e-05,0.0010845121949307822,0.00035328806366637143,0.0002844199434338744,1.171410425608798e-05,2.4824713725832804e-05,0.0013530175683893642,7.32448751381232e-07,0.00017086306473937992,9.128279712885122e-06,4.8385762833539126e-06,3.0943801099072885e-06,1.2809316325134772e-05,3.3975725948578858e-06,8.556936259741577e-06,3.6948528105658744e-06,5.904447343747554e-06,0.00013672182465816076,0.0005398840916321185,1.402894922370245e-06,1.2768775907379853e-06,8.09202570801191e-07,4.5622292317845635e-07,0.0009883342148241576,4.5881461320639997e-05,1.0264204832004016e-05,1.775209397369425e-05,9.707323516917835e-06,0.00021053471740383855,1.05230973238327e-05,1.0159194417711538e-05,2.349267155671207e-05,3.4851740800850892e-06,0.0001641972275579141,0.00015367035805495364,2.037774174858057e-05,0.0009710600688884495,0.0018232742859940697,0.0015462313315485448,3.1827060014645704e-05,0.00028794545678636314,0.0002802603579361051,1.5062977628823589e-05,1.1003155971907183e-05,0.0007306259959813771,1.2418573183499176e-05,0.002350700043687358
339,0.00023603953056111317,3.0251277978256775e-05,0.0001916962993417489,0.0003351253315866552,0.00020037622357393337,2.801112123449519e-05,0.000915205202348926,0.00040554138047019976,0.0008539770576011963,0.00019617668417888493,0.0005397905888164238,0.005166868750306159,0.00035096384524032183,0.003411622128814528,0.0037362036905076853,0.0003360512374285423,0.0006781746975596469,0.039877653026144655,0.00018565983652969888,0.0010342474678469848,0.008867392393922856,0.0003003433222041009,0.0005653064807901381,2.3034635306771122e-05,0.000507362710064385,0.0010720466514245895,0.0005787578195644649,0.0026850245340458686,0.000514953594663075,0.0001479654783888759,0.0010293418705498518,1.4779456386551344e-05,8.401913586769699e-05,5.955439463887125e-05,5.525508262543035e-05,0.00023684160876902654,0.00010099762423876347,0.00032522956183223336,0.0007391301427547406,0.00010968935107831353,9.757768686278895e-05,0.0002936656337764744,0.00032201221973221365,9.90081184027668e-05,0.00011123530444110496,6.893904565136271e-05,3.039031217960251e-05,5.147847647420765e-06,0.00020740439782016972,0.00019811882153575544,7.061770380860346e-05,0.0001284243630392069,0.001032868773994829,0.00012935275859776683,0.002145883967877639,0.0024509230020707726,0.0008140592026988057,0.015034428425562612,0.02428340843609932,0.0022693268238118103,0.0062001985545379465,0.00030685519092856146,0.0014099709750146358,0.00017700214764484622,0.0006678979700761631,0.0016191450666123769,0.003325285122245143,0.00297300567838201,0.00020742255915256197,0.0035267861784307325,0.0003233384318999811
311FT,0.06861251492075475,0.0028044743480698047,6.111120494450007e-05,5.234946445156466e-05,3.8672025697294687e-05,7.69671145109198e-06,2.577085751270935e-05,0.00021685366472320208,0.0038665630678506664,3.682752283629118e-05,5.259679303585732e-05,1.9762286989575277e-05,1.7989981005846977e-05,5.148292269711646e-05,0.00011514341040911735,1.1316487194107097e-05,6.555957537883052e-05,0.00031783129919105515,0.1735824932749762,0.0007633153950885361,0.0081015071947422,0.0013996446859739916,0.005573845663913606,0.0007756261077250338,0.007398350338176181,0.00144502760972265,0.001188746152659948,2.5721049301420845e-06,0.0021300614564312413,0.0007100805508569427,7.022593099363288e-06,0.0006292321563200208,1.7191595587609168e-05,0.002606969757361884,4.147353385773549e-05,4.326623375909213e-06,4.1330724599272664e-07,2.2496719703038992e-05,6.553283943471276e-06,4.747607837887719e-05,2.167973753686757e-05,1.0919893056811907e-05,0.0003687210020167304,4.7373599207783833e-07,7.804612858566026e-07,4.567230392838095e-07,1.6880187763079966e-07,8.157560005606162e-07,1.762612083659958e-05,1.8163690347218828e-06,7.442850664355644e-07,1.7342901727032017e-06,0.0018821448632302638,0.000135851974853344,3.03819139593259e-05,5.456983702203572e-05,0.01255735979323576,0.00010569871299287986,0.005210603878087554,0.015080243957628102,0.06593170588540115,0.005641122263317956,0.02327558444823725,0.01246042683362776,0.06507868917677809,0.0009144744617329992,0.006252627135292526,0.0002651655773034182,0.005430576972404494,0.027231063941854403,3.764539372214697e-05
313TT,0.00031379087627974743,0.0004482572221943458,9.205691592304958e-05,0.00011605992427572251,7.216454510395877e-05,7.594042746573291e-06,0.0010101907508282696,0.003003505413789106,0.0018101285388932365,3.420317538421781e-05,0.00012349854750363066,0.002000025924250344,6.129416539099091e-05,0.00013467507813791035,0.004686858949925157,0.002077690322817769,0.037775418527269455,0.009795218452134762,0.00018670530414449047,0.17093327246487555,0.07879536673405252,0.018126457516478497,0.0034128878888375048,0.0002519024574536673,0.0009819644560047473,0.009750495161212416,0.0010989149092738857,0.00011565668633826296,0.00040059146407402395,0.013341996160587625,0.0011650655990070417,4.424181572049249e-06,1.0011807357039763e-05,0.00023806897323958327,7.620613531540762e-05,1.3090092212667259e-05,1.129460847329774e-05,0.00011179948990456734,5.142496021651156e-05,3.192917547742576e-05,0.0015649975042208483,3.992108141909407e-05,4.295695807688542e-05,3.004515759912361e-06,7.0493802952524285e-06,1.4696931729225836e-05,8.117175892699198e-07,2.2448767257770384e-06,5.702235138802779e-05,0.0003606628120438235,5.863124658500675e-06,1.3963192345063144e-05,0.00024024288824740322,5.901327261937532e-05,0.0001950352054427614,0.0012349966533095147,6.509191511251316e-05,0.00024133738192601284,0.0005218011937560259,0.008452974953306398,0.006452939999171947,2.570299957882392e-05,0.0018298061694178053,0.004905784887185331,0.0004216315862159869,0.0006701331834753059,0.001670462204618587,0.0012068128673101656,0.00010415553220058575,0.0008395192362586759,0.00013533797555209394
315AL,0.00012268060458269444,7.995524981037843e-06,5.272337038068641e-06,5.096882573602754e-06,4.83526904009204e-06,4.1597221400046176e-07,2.0828541909987883e-05,2.360289462360763e-05,5.580222745258295e-05,3.466600154235482e-06,4.757438000696025e-06,1.2934711513489404e-05,1.5021358635489842e-06,7.71595315056603e-06,0.001505167296918419,1.155696058271264e-05,0.00020067695478368395,0.0012434557016076208,0.00013562724057077292,0.0017000814566653683,0.04970332217629614,0.00010316801048658843,0.001974375159223646,1.1540343328045272e-05,5.2709669304158584e-05,0.00010144829871651074,0.00014672781233927146,3.100430821391591e-05,5.884544226562092e-06,0.000649029313445915,9.256432485317832e-05,4.3047172090190793e-07,4.666633415408083e-07,3.083847033229616e-06,5.813095960563406e-07,2.076533524428025e-07,8.102931634279873e-08,7.518405056868671e-07,6.983636760212167e-07,1.1340951123200562e-06,1.025491775270213e-05,0.00021017643615471655,1.928175969248949e-06,1.0240450929694199e-07,2.5550309897657774e-07,4.4636547866923427e-07,0.0,7.820178552600349e-08,1.4075091053999395e-06,9.130325575504525e-06,2.0808802901976332e-07,2.9059320938173986e-07,9.48191588454735e-06,1.8096098611702205e-06,6.218221324780053e-05,0.0004164318771836953,1.6475667318675948e-05,1.3428497326789672e-05,3.060578712117396e-05,5.7247278543791604e-05,0.00010635444210889411,0.00014525733578843076,0.00022321607882939233,7.461785707847345e-05,0.0001694014479634453,0.0010568135821232495,0.0003198522733028959,9.179863210399948e-05,0.0017424838149649531,0.0005890932258300287,6.040604860923583e-05
322,0.0010011579159486484,9.587333228518013e-05,0.00025263706766940936,0.0013990736659238443,0.0009631210549885288,0.0004936654095090939,0.0019750293898233126,0.007285048274582242,0.013093773802592083,0.00947273563113319,0.005457298224626133,0.004759730701421011,0.0015659688629486178,0.00857554041480714,0.00851482850061238,0.0013227948483395442,0.01775940302175255,0.014366373844876695,0.02454791577038721,0.008774569875720695,0.0025608826972259974,0.2280396432753854,0.10006944781703134,0.0005254021256904664,0.006157742091366999,0.017236276224774017,0.0034341415743387193,0.0004874045567943609,0.0032632758841727562,0.0013376846367276261,0.0014525222042476847,6.69498268813961e-05,0.0007582430757274628,0.0,0.0006080715389049958,0.01254121673364427,0.00043750808668367925,0.0044932154098435645,0.0014093421919927904,0.001301918814035212,0.0005348864291379524,0.0004536163040000755,0.0004332323268772574,0.0006070056487161078,0.0005429553093503429,0.0011964871100628386,1.1294561116512301e-05,7.692583591597505e-07,0.000372212978970847,0.0019171707652531757,0.0008218548091208553,0.0008856327245227917,0.0013455804351506734,0.001097593391921606,0.00474016711691637,0.0024892789057780937,0.001037787808276741,0.0009602131520237999,0.0012406491979315094,0.0024460921677542584,0.004873358948716905,0.00023290732934947515,0.0010175169836883506,0.00861203668053415,0.005038268027320624,0.0032972830813470127,0.0007613591170599403,0.006666183137895384,0.0021110170546205457,0.005028587919129889,0.00015411879720919925
323,5.420902068529368e-05,7.331903377012615e-05,8.54830535125205e-05,0.0001073181628228957,0.00026301275610879447,0.00029976863336659453,0.00025741273641202126,0.0001815442649003228,0.0001781617478467053,0.0015344730020479082,0.00019133125390887807,0.00018673945160132063,3.347214806762926e-05,0.00015892124581043198,0.00018137379081570171,9.253723313204866e-05,0.0007222177217888312,0.0004928646113182828,0.0002120867951929899,0.00223006756595477,0.0010724578107003829,0.0010658197531700862,0.01307789783021529,2.5884262056021904e-05,0.00013750292413709453,0.00032987962095803027,0.004202235290299633,0.000822471734247391,0.0007689839286512558,0.0008260666963293859,0.0051730553074124126,2.2808624571415995e-05,0.0002085313212562043,5.122844830548281e-05,0.000400072087733602,0.0009277861070612648,0.000271518544039951,0.0010017740954721065,0.00020625276173155013,0.007049882898568275,0.003571445971587118,0.0007449466602611779,0.00560172902390998,0.000901332264726611,0.001883635281276188,0.0030950695589507995,7.677714203490418e-05,1.0467786384893059e-05,0.0002699070897497406,0.0010733983709513796,0.0013900523080624142,0.0007475699125025129,0.0023776972107141755,0.0017151444029764751,0.002549464671274948,0.00028259976263276556,0.0014227510871820304,0.0013653967015285534,0.003475808281249366,0.0007076509852735109,0.0065709850658039245,0.0032829489206295174,0.001608436748883142,0.0020855285729282163,0.00106921659936085,0.0018728720410931387,0.0016257690047269651,0.0041395189333728955,0.0005382101597071965,0.003282006426434445,0.0012588934902392753
324,0.018972566635496978,0.005672608350678754,0.012784104237350003,0.02280095043250799,0.013831990575731349,0.02437461924928678,0.020830369712617355,0.005704171842408499,0.005545735564710522,0.005781256701417598,0.004303764429072729,0.0028629137035579453,0.0006981643914201791,0.005709712247101297,0.0014174046710924862,0.0005208963491901918,0.0036144710056417615,0.007429455978977459,0.0027211273866305633,0.009485876870444774,0.000630152050685183,0.009396078809264364,0.010238959819983897,0.03104084688393871,0.020003124777616652,0.014388356394232088,0.001757933706634641,0.0019750276577650667,0.0014235605554314482,0.0007962433347229504,0.0013785727081685288,0.09453448547757935,0.04231350172761382,0.04279145835761097,0.04643206265420837,0.020119378925280693,0.0029737901374415096,0.03367660074006247,0.015817365708075213,0.0004671648490384379,0.0006250990758982115,0.000736878873649249,0.0010765905407382971,0.0032469138919862424,0.0045172525502980435,7.537984956937494e-05,0.002519585612443935,3.853307810986815e-05,0.0032291271374577887,0.003692974580058806,0.00013541444446064997,0.0019403316133467117,0.001604005942300614,0.0011654647088640935,0.005476980623802264,0.014312745646838626,0.0039858475863287805,0.0022356762419029593,0.0022593541435693898,0.003403406855201059,0.004015717494580231,0.001316623113903037,0.005042794154035931,0.002315053995322594,0.0032997519565452797,0.0022470681713497843,0.013123712851151376,0.002182517777009127,0.011368376517112831,0.03651143851200761,0.04715521709510073
325,0.05402229529347013,0.021620118329487306,0.021069287824765602,0.017993719552570113,0.013064534495848752,0.0022334732083590814,0.008843121794996384,0.03675219524549301,0.03024739005135388,0.005686265277325232,0.017939541350599598,0.006909987879789689,0.006603969388707517,0.017567563992887066,0.020023161054106398,0.004115904194228655,0.021849000511223977,0.04326563106664444,0.00934775947199549,0.19917647183359108,0.0076475545077090345,0.04390958337507679,0.05267870100742317,0.05059660509079208,0.24263969459950108,0.2770343531978506,0.0013943809809560048,0.00047118749505358593,0.0004180958944083863,0.00022151171573241176,0.0011088622469376966,0.001591890615303544,0.0026191534918365293,0.0007682493137116344,0.001522976343441203,0.0005244690791953641,8.441809559261324e-05,0.0007413675325516795,0.0020970173433050242,0.0005393441189247095,0.0019900504629873144,0.0010860344400387943,0.0020014345125138897,9.727425399659964e-05,0.00018049437899744618,7.821721301352004e-05,6.616340311341358e-05,0.00028133639620478814,0.006046181480461613,0.000437596954929938,0.00019339576303575946,0.0005755896033161882,0.01835512947756244,0.004660981008123516,0.009416705517185939,0.01324023818455965,0.0023152868575909077,0.03593406568480607,0.022775817396245592,0.014384716183792032,0.0034242479234144418,0.002510645701844339,0.005704420012683937,0.00047123281122230285,0.0023285258639036046,0.004748609218416882,0.008399788610612163,0.009707652717892612,0.0013092576627755203,0.017040930196265416,0.012053680896292912
326,0.004219703057935159,0.0009756207137934621,0.00035409099792122346,0.009929721094423647,0.006669173526195893,0.0002811661222199117,0.016523725253569526,0.0085228197914201,0.008137537191709317,0.004376154379219086,0.006366162381081677,0.023831968960026484,0.0068291437513893945,0.015091248663069361,0.03410456553509514,0.006924102452550222,0.03600163802440352,0.026731910098797614,0.020285062304649954,0.011972152852876073,0.011089065217191474,0.015936065463547727,0.036078951156021256,0.000708147917341236,0.0111240328192174,0.07565148595101523,0.010291462470129482,0.002779982425568956,0.006610113766025295,0.0023248289202705574,0.004371487616150817,0.001546968941324343,0.0001345955004119254,0.0,0.0020638446268851705,0.001024416817220754,0.0009812240888264125,0.004776449012696202,0.002146368653576864,0.0005231239726825378,0.0008705334653966756,0.0070729133396211724,0.0016116358819807323,4.639383736969338e-05,0.00019127011199059318,0.0014144591251546855,4.493416421510511e-06,1.623098104701153e-05,0.00015597884692984259,0.005401635434299246,6.505665150106345e-05,0.003085714426616171,0.0034963381544920098,0.00021896252483693637,0.0024727723936775526,0.0034625290509654448,0.002298826062611611,0.007587751560071416,0.00590999337000996,0.007398117113861457,0.00853231194959001,0.00027903890341136656,0.0019199284948521848,0.000769164212658309,0.007859264400798097,0.004089528546637174,0.006409490045639791,0.003789592627118558,0.0005646552981389348,0.005646460024038989,0.010372071820110938
42,0.09920678646129623,0.042462665504506704,0.027841713802540122,0.04169011066400371,0.02883148723773697,0.012594326998316181,0.059212812755766335,0.09229666846945822,0.0511406890458103,0.09545090067897025,0.05831666568318802,0.08008703948723851,0.03958215760852803,0.0810773248692635,0.11396074204423903,0.0436424195581622,0.07961141877290291,0.06499088217347634,0.09069810609913727,0.06455584011207495,0.05450369190978628,0.07225981015244602,0.046647267611089394,0.04516372997964542,0.07039634583083657,0.08252457184868998,0.027259506050843263,0.011680099115032636,0.009129395892315513,0.011676712450496939,0.016918587079862525,0.0143916877901804,0.0363464796335196,0.0225656984019336,0.027906287936388684,0.013812923374923961,0.006762968806849632,0.019423218522668054,0.01692058885729763,0.02230034682019239,0.002168954818722733,0.01782751032256921,0.009732442483624166,0.0018456755788798197,0.002960952897062835,0.0011817497797315544,0.003754762995643856,0.000334197776933839,0.0037500244747359205,0.03961702868774928,0.0017638423066648184,0.008139262966834053,0.01247955339306896,0.01058986569454628,0.01409075526649524,0.027802426595649913,0.008837412871766998,0.025784864354387486,0.022358975678609356,0.015758247365004564,0.02614598794315344,0.004240721460544413,0.018157551548576286,0.010775258477925103,0.027141554241098053,0.013165904771241422,0.03143868255775817,0.016539137514653232,0.018006211727666747,0.02115758601497133,0.040065373901827905
441,2.3477920733014936e-05,3.8988571716522153e-05,0.0005870218704156734,0.0017713755329099648,0.0010733880057738666,1.6809035199435046e-05,0.0013010150756611139,0.002090170774926761,0.0012476891503090753,0.00034466567606382837,0.0010024186598035615,0.004958348348269961,0.00036334257803836414,1.1809831137818178e-05,0.005424595864502441,0.0016919222241146366,0.001311783712890415,0.0016644919903799806,0.001342233318346872,0.00038297951356323126,1.7955492902386905e-05,0.00196214076138623,0.0005559798162210364,2.4014068968418e-06,0.0004916048437204612,0.0005891196736446609,1.413372600890504e-05,0.0015292463348098861,0.0025804239355271285,0.0004264101847868086,0.0016069120075216244,3.254190024039203e-07,9.209404000800582e-05,0.0,0.0038595325924157065,6.619828655483468e-05,2.9567378620650393e-06,3.0423464922684085e-05,0.0003314715925275883,0.00011312472555832284,0.0002195087465502386,8.695661177585511e-05,2.687736540497537e-05,3.3716152359578106e-05,1.2576472950250218e-05,1.375944994400754e-05,0.0,3.968825928199444e-05,0.00010973792313533554,0.0017741793127866944,0.0,5.0707814053929864e-05,0.0002394662819961624,2.3654185018621716e-08,0.0030017298024163992,0.000482209480338595,1.4053263264143378e-08,0.0,2.134296415479658e-08,2.718834365018873e-08,4.334938828744046e-09,3.543383038557164e-05,0.00017769811257466636,0.00013625428516814145,0.00016410022388104855,0.0029912133308799306,4.3558392934951914e-08,0.0,5.504752687822155e-08,0.0,1.0046761956692331e-05
445,0.00010739220358692647,4.763478726787729e-07,2.382599045391412e-06,1.1111819898408645e-06,0.0,0.00011416792565196196,0.00012134264036416801,1.1731178217861556e-06,1.8100551837105847e-05,2.759706827808824e-07,2.928701945118758e-06,2.078380064395209e-05,4.194387646422104e-06,9.145729766590759e-06,8.312506268833048e-06,2.9783814633027553e-08,4.246424075720089e-05,4.474995850517976e-05,7.696986518009976e-06,1.990342106209116e-07,2.5314062820597236e-06,4.301808483648572e-06,0.0002199262040612348,6.775540788507933e-06,4.9057390101950513e-05,3.80349555552916e-06,4.532110803086593e-06,1.7284571760538376e-05,1.102745875070088e-05,2.0771606964479224e-06,9.011066499044263e-06,2.2769557063312518e-07,4.307077900790211e-05,0.0,0.0005883769405978029,0.0002268937159834196,1.5873998242340257e-06,0.00011572156165283489,1.4744560388956628e-07,1.8064496058496884e-07,1.0244152256147229e-06,8.818772831416716e-08,2.6124446980503492e-06,3.3808287339225737e-06,4.306576608299734e-06,1.0607709080078543e-06,0.0,3.0611637537880556e-05,9.406792260609162e-06,7.173184544220565e-06,7.830106251677631e-07,1.581725010732831e-06,2.5105846394800233e-06,0.0,7.585142964034453e-05,1.7163029029607494e-06,1.4882808268798522e-05,1.8875218961461692e-06,2.640356903010653e-06,9.450879436206992e-07,4.171310750714999e-06,8.354417481798039e-07,2.11256156899591e-06,7.364407396780248e-05,0.0015539388035966958,1.5032198019564121e-05,2.014610636641202e-08,1.14360289846432e-06,3.9538130654566223e-07,2.0167938676416937e-06,0.0
452,0.00029394574768038716,1.1699637314827701e-05,3.562219157353499e-05,7.448879664983896e-05,4.1395256944936627e-05,0.0002924420011130516,0.0009363609652936414,0.00010785939005907931,9.980188333331021e-05,1.4858651568450909e-05,5.4401844136147934e-05,0.0003029061376565938,3.664920994868927e-05,4.938768625738595e-05,0.000259396817656361,6.543180432581808e-05,0.00027853198873130657,0.0003046645863540101,9.320963452862378e-05,5.801517258080926e-05,1.3910469435264655e-05,9.888908862754196e-05,0.0007846685510916221,4.800657291776485e-06,0.00010034838046246342,4.21646947607695e-05,1.5796892836786545e-05,0.0001243509114609541,0.00017734576000495698,3.639443861613856e-05,0.00011815973400373921,1.418930111628082e-06,0.0001215865370943132,0.0,0.0017331790050274928,0.0006132886702640834,5.321072487359954e-06,0.00031310892245076886,1.3576610014913408e-05,5.362039552809595e-06,1.1909167268272864e-05,3.926192936507727e-06,9.794828119448335e-06,1.2888240982322834e-05,1.4927542121675917e-05,4.036924586093154e-06,5.09328992601494e-08,0.0001656951522347529,7.10931908466201e-05,0.00014273602604414202,3.498833791601754e-06,7.309569034252166e-06,1.9150042120507384e-05,0.0,0.00034072050009816685,2.4492158617093034e-05,0.00013007816025494082,8.082630622825115e-06,8.958171644759413e-06,5.099293649135351e-06,1.5308198555686907e-05,1.4625252946321788e-05,2.190106747507386e-05,0.00025411828642058257,0.00034198980817423756,0.00020504407518648262,2.9678545266711676e-07,1.3053371028729762e-05,1.188017525988861e-06,6.902898368908622e-06,3.770726024793886e-07
4A0,0.0035444629042674716,7.319128707168383e-06,0.0002585754146390418,0.0010833672094154939,0.0001567376389310822,0.004013864884101421,0.05011293201656527,0.0032603616985357894,0.0001983899630788599,7.157550634282687e-05,0.00035612215555900356,0.002217840591521988,0.00035473511655202173,0.0006559015571714662,0.0013623437212707556,0.00024929549815936724,0.003236615296758925,0.0034546213144885105,0.0007488918480143795,0.00104120746279942,0.0001787522856480583,0.0005963827459695402,0.015801626252156663,0.0004872127855756501,0.003447333999961991,0.0003599150210211812,0.00032009728042779213,0.003198235510388503,0.0010521416350276482,0.0025056479272625412,0.0011912257840768214,1.9188758657176943e-05,0.0014659286134662828,0.006468201051696459,0.022300153414260504,0.007504353067983834,0.00010931939299196136,0.005203383907415556,5.8410871899169845e-05,3.328034506048088e-05,0.00010315505240237962,2.098186606435654e-05,0.0001861234112243828,0.0002450837641037518,0.00030114842554147033,7.475573318941197e-05,0.0,0.002203405783679413,0.0006015625073845634,0.0005981975065269785,6.245946093960519e-05,0.00011919537746370678,0.00022005177909525182,1.3764175407412784e-08,0.0017515762840165483,0.00019347732422753957,0.00037805134956276867,0.00025379095602922903,0.00018922717595933145,0.00031021486039481264,0.00030270870376061104,0.001811480410341421,0.00139281248232174,0.005227585453339421,0.007789132679013849,0.0016964156714528037,3.4855863104925207e-06,0.0001550440332949932,1.4374898371255325e-05,0.0001064954933368629,1.4526310522625926e-06
481,0.0016384623878099155,0.0015370358851969003,9.645876753773701e-05,0.00021335289847644628,0.0010400817882382073,0.0007790839022257809,0.0002838188322829157,0.0017358469852492067,0.0018229022840017665,0.0005747319923690183,0.0007926466141997158,0.000679008104716986,0.0001978231278092245,0.00039597406465496134,0.0006307302674994003,0.0004767746347660885,0.0009557126427901787,0.0007785526475268264,0.0009454639426444099,0.0008243684882648392,0.00039136957058478556,0.0010024219729329298,0.0012317451738144299,0.00017919812090682233,0.0004592180896991809,0.0013613678914900977,0.0024314381877673283,0.0003824183201049229,0.0002397497651895689,0.00022313395781613758,0.0003628047882128719,0.0012969056950959956,0.00019442465795022214,0.0015995981264705886,0.005802771875712227,0.00038253238798468555,0.0001499295936020921,0.0049517800432759855,0.0019174883452988674,0.0005928031904154171,0.0011118342153856049,0.00044216511080910056,0.0021503107896332003,0.0023214066423716652,0.002863870026893573,0.00010073947645031102,0.00114507523904796,7.802591118972e-06,0.004536411507046581,0.002328946619520781,0.0012593644473295471,0.003657127848599325,0.0014152510684273087,0.0004505122851119377,0.002750004174751848,0.002141791970616126,0.0014470856980216358,0.001814354315395162,0.0004077743880636453,0.0008295299381810505,0.00204675253980858,0.000527521596608682,0.0011724558415107476,0.0004631755067290733,0.0014658470604670994,0.00037697425909990757,0.009924050874736424,0.006071286606710875,0.004849432696175581,0.0011954403120385958,0.00022924150688700807
482,0.0060390359340821275,0.0007054993575315577,0.0015615506734755272,0.005055448567267274,0.0014048482407699092,0.0031317312512281702,0.0014823882003583925,0.006007257410865263,0.014415929890342682,0.009859840689067275,0.002895817802739111,0.0015342628181686615,0.00024257064295013647,0.0020627280223263827,0.0019784362467869694,0.0008565520466581838,0.003550169306643134,0.0017810358682021747,0.006557496473506037,0.001663377490986451,0.00018996028921930297,0.01290393567277195,0.0015626479130410864,0.004125374251299858,0.005522484523063948,0.00788299468536193,0.0001228570141115396,6.672487800191139e-05,0.0001716749291131161,8.527385978646447e-05,9.134332799732057e-05,0.0005572777653083462,0.0033287088747608884,0.0002578396307176993,0.009265073591918216,0.0002327777913376126,0.00010070054186186558,0.0009336623176144365,0.00017695628841783644,4.2191078766506734e-05,4.699956511747172e-05,0.0001962179137661822,9.748482853134214e-05,4.424464591851122e-05,6.047186064681092e-05,6.753089930128794e-05,1.8299596534301376e-05,6.033489575702467e-05,0.00015043872801227354,0.00018061161096836467,5.17935033116439e-05,5.663297455604798e-05,0.00026613514270668596,4.094777059180983e-05,0.0005576760715649224,0.000421102969339562,0.0001722669826895318,0.00043614123712010916,0.0002212557077671073,0.00030510606156515003,0.0008078339782735366,0.00011583416729376521,0.00041227554357718265,0.00027862756371673853,0.0009316794678217334,0.0001567294383051684,0.0003848554075906484,0.0027971880809029245,0.008727420449038702,0.001024891362369789,0.0035929275432300895
483,0.0010868470825399483,0.00018257420154875405,0.0010311704537575655,0.0014094819113037844,0.0004464366417700636,0.0003839268177920008,0.0005352802305399503,4.838128535246689e-05,0.002072656876872426,0.001463660381620222,0.00030500066232393386,0.0001383239913137242,4.3291806240029216e-05,0.00038136751486287957,0.00010294595785182315,4.711532709207344e-05,0.0001287905871606855,0.00030224950789468967,0.0007255879485494189,0.0005404430383576707,1.1135160059063938e-05,0.0005378795664935999,1.1541307048106415e-05,0.00020876224374193655,0.0006835730922310737,0.0005087729400942736,1.4166015870089493e-05,3.0089095504486202e-05,2.1280145592342686e-05,8.86894714022783e-06,1.938458369293818e-05,7.712519613178427e-05,9.281662961909219e-05,3.497136257091249e-05,5.144589803361997e-05,1.553492154684311e-05,6.570984157084692e-05,3.595190092880212e-05,0.00010723134374559731,1.897308561278538e-05,3.876767209302338e-06,2.1825134456411447e-05,2.6954219055626075e-05,3.125567371900895e-06,3.760613864509404e-06,3.881802747617301e-07,1.7684237689216857e-06,9.644146293751657e-06,2.001882791248919e-05,2.5510895767121795e-05,3.3739152943733637e-07,1.1491486348077443e-05,0.00018583272729298157,2.6117415421140203e-05,0.00012001840551887326,0.00012855862325249903,0.00010662259996571071,0.00014523453329948102,9.853099787867278e-05,3.413292574503403e-05,7.273641631124678e-05,1.6636192897988423e-05,8.497980976127256e-05,2.613779188296756e-05,5.864640546848455e-05,3.7640096052300423e-05,0.002099168882819375,0.0005385234009898862,0.008604558970594188,0.0002809205487385848,0.00048738662058837764
484,0.021469682926510556,0.011397779825555399,0.004247481734649416,0.015013664047219261,0.004429703049819164,0.004022602551305529,0.015213582011886436,0.02019717594659513,0.03040288512444404,0.03392296057241607,0.013447861436177279,0.011852219389638216,0.0038087035887307483,0.012563352101625113,0.01342209241077589,0.005587972119093221,0.018403684348169146,0.010259138796008593,0.03492120116391777,0.01934886296149551,0.009794338780339754,0.019056703776634473,0.009651333760824147,0.014686768432112092,0.009973645637448483,0.013409400922696973,0.005656392829994979,0.006771897244320195,0.006342613577306779,0.004560882893374075,0.007172932194535098,0.014636581144781087,0.006651261851525301,0.004688745429066892,0.036900415636220485,0.003226200878745179,0.0027875397924973,0.02478474418793986,0.009810409432831726,0.0019234562117980186,0.0011869015049940132,0.0017816039914268652,0.002696469460324701,0.0002582736104872153,0.0007202965736411685,0.00031616875302159796,0.0002004629258321234,7.742903969758079e-05,0.00177832877094516,0.002702061844706309,0.0005062622627649636,0.0010952172990906965,0.002396626463865027,0.0007845662207270673,0.0024376834322486197,0.007454721264533325,0.001667845206336037,0.001996375401926722,0.0027008140980498774,0.002362268455935986,0.005159081312814895,0.0014951891364063843,0.004071719504055134,0.002274358068398092,0.003988416482906086,0.0027132139053620188,0.010990114419880905,0.0025131583077650614,0.014305024108686693,0.0037582986301742285,0.005741035888549778
485,0.0,1.1757118156327495e-05,1.790214198158809e-06,2.4068605486127095e-05,0.0004930604551559449,0.0011033234641136555,0.00024140736196684055,0.00038437637770588444,0.0005150029259563214,0.00020612167226676903,0.0003108772777292177,0.00021283504620559846,2.768970067415217e-05,6.843307614035582e-05,0.00011681818944587077,5.5401646097076976e-05,0.0003925608140972433,0.0003209006777934243,0.00013918759133190465,7.811691170876134e-05,2.870196718944452e-05,0.0003034792741254638,0.0005609667861153767,5.492304101250151e-05,7.049916473542138e-05,0.00039556122505732825,0.0005130810353195385,0.0002195840199738522,1.6252322779000894e-05,7.537088225810108e-05,0.00010007222565418307,1.5705865438814858e-06,0.002421488939374004,0.0,0.0,1.0815620066217946e-08,4.005681628732529e-05,0.0006090544872406532,2.505866014958046e-05,0.00029721304204271724,0.0005570093030757914,0.000497328756111748,0.0016786458331911121,0.0018350591575767895,0.0017278827152153958,0.0010393138104051434,0.000661318591522378,3.938683993136322e-06,0.0033175554121103335,0.001721138010414276,0.0010986356408971487,0.0028286418504967913,0.0014136440278093815,0.00027752523947244544,0.0019917694718089504,0.0011278299488631412,0.0012930720444210323,0.0016824265418305439,0.0027001636933844247,0.0020472647466687477,0.001029128210244047,0.010197380393112885,0.0004986943798957599,0.00032177940032479074,0.000991889667039688,0.0002071579648962091,8.181348971382671e-05,1.4588576055494868e-05,0.00014000884298583473,0.005830538253785095,0.0021005022827590846
486,0.0006124919503877858,0.000156949597150957,0.025673272031416908,0.0005486681065509631,0.00025125963910260476,0.018135226581548352,0.0002638377651730196,8.731352834842314e-05,9.032220571585535e-05,5.9761382333991906e-05,6.988614982177715e-05,5.442741890658441e-05,8.07268758577e-06,4.128147104959691e-05,9.146150924611687e-06,7.561553126558862e-06,5.078758420613921e-05,9.402742834774157e-05,4.549180983596884e-05,0.00013530901258585541,6.579366225172214e-06,0.0001726561992007534,0.00018289022945816558,0.025935726499840127,0.0006427367474551587,7.308734075609561e-05,4.458037537517291e-05,4.17860211521399e-05,2.980991598728273e-05,1.6762012109513956e-05,2.883538541247611e-05,0.0021456925893198445,0.0009565122521159871,0.0009715312432506683,0.0010516149476170766,0.0004563181161038193,7.435812479539283e-05,0.0007636627399410242,0.0004102293655407893,2.0197080606391485e-05,1.3078760885916813e-05,1.2177609444366205e-05,2.6218339887551628e-05,7.354849340237924e-05,0.00010243535747605743,1.6114073305523394e-06,5.7190037832802246e-05,3.8238746394091634e-06,6.535672071263256e-05,7.946324274089562e-05,2.8796225448507798e-06,4.339097618445047e-05,1.5452948894916377e-05,2.2203145586489042e-05,0.00013753912129800034,0.0002893686814637058,0.00013428069541147146,1.7399112881325913e-05,3.2055741608609996e-05,5.703591950289961e-05,8.090507135135789e-05,2.7473780221165842e-05,0.00011984134043453761,4.823292094278192e-05,6.799546401070815e-05,4.535916990338414e-05,0.0002901452829094797,4.986272372923304e-05,0.004982407881055427,0.0007843998996796945,0.0204037649357989
487OS,3.6294864010115395e-05,0.0012386865432096128,7.419640766425479e-05,0.004151211907548916,3.805014703618493e-05,0.013450878798427577,2.617012122411092e-05,0.005551614335949092,0.006638181127746469,0.0005484269753753014,0.00021450781074491384,6.75565155886971e-05,6.366162670968707e-06,4.087194601924794e-05,4.1293868413746904e-05,9.44291448871822e-06,0.0032461000069935048,0.0010720190188068955,0.0004897312219261185,0.0012350629407069786,1.6381324152628565e-05,0.0036398827702754156,0.003977336747798632,0.0015350766136989296,0.0001971426146645065,0.0025319328274377067,0.0325725817579949,0.006680179350396608,0.007085292206815342,0.002426013489131525,0.015061020749045492,0.11853949080889913,0.01132598004320936,0.041786996667676234,0.11796946763993514,0.01089501996899419,0.016581777796688794,0.11725415097589365,0.03592401305045732,0.002238798312791727,0.005979499545660127,0.0001250295884691297,0.009130214565739623,0.00072048791959926,0.006987205460089492,8.354249473341802e-05,2.237607611736965e-06,1.4644052702989787e-07,1.088092220683521e-05,0.012924712366975614,0.001777680785362778,0.0018976698541168264,0.0036118017027545967,0.001853470648723733,0.0026503724100464155,0.011032925128833658,0.0009172511979841075,0.0021964221793076798,0.0057084829937948285,0.0015071272710810123,0.006033027498319815,0.0034170987422652453,0.0034002149130143156,0.00040532925633124395,0.0012209604578214115,0.0011497056034117104,2.0992748807613156e-05,0.0004029312797050242,0.0106518069774859,0.00041998874026392236,0.00921797472416514
493,0.001452442581254749,2.285650906891856e-09,1.8626094126515265e-05,0.0011408049116192424,3.0985880423321595e-08,0.0010836960196663593,0.0,0.007117612008344757,0.011384818633470573,0.0002630341833627211,0.0015105335611176028,0.0010048546328682724,0.0005958446040020185,0.0006613585920340958,0.00019903930737733878,0.00018711083128154535,0.0010691154343787617,0.0024205169002585146,0.003186182085973349,0.01765769846651959,0.009636023018044395,0.012483161065988554,0.008604506281115214,0.00099539168035111,0.001819335833054825,0.011706796534067107,0.014712806626881852,0.021409134680716767,0.02648085031210417,0.017692593294481775,0.025273548333286842,0.00025909068130053564,1.4377321774737436e-05,0.007899850568329966,0.011715527752534158,0.002497177843037946,0.01168193723238333,0.0038969962261867154,0.04295514147211221,0.0008315114383450638,0.001642765484768215,0.0005312139371868538,0.0025831518374117967,2.427425503433372e-08,0.0,2.322840160710083e-05,0.0,9.097781509656105e-07,0.0011289671854435416,0.0027436352493344428,0.000478367180207962,0.0004782161963578686,0.0005736752092637233,1.8958360882519195e-05,0.010709616596888329,0.002595033443795142,0.00018423988435353582,0.0006088180150775252,0.0016796201817526578,0.0006194282941145096,0.0010610419405947611,0.0014946800819081914,0.0007396075724876657,0.00022453458115940565,0.0017474875092326875,0.0007330613473433804,0.0006904591337174286,0.002402871316646521,0.0,0.0031160446893613854,0.00034311805981003264
511,0.00018986726442038576,8.038719789301107e-05,0.00031971162919420604,0.000190492233764708,0.00019096294326725457,0.0014204390689030433,0.0008938526225308271,0.0009369325436306862,0.0010064456132196527,0.0004348790406647071,0.0008643918386979997,0.0007263771436371581,0.00018224515852374433,0.00045248257423007883,0.0001885335498298502,0.0011117850649124566,0.0010164557810135014,0.000899640216315921,0.0003130954484438925,0.00034939390547344436,0.00017272052082236363,0.000728208978334346,0.0010304765337355048,9.516749816875723e-05,0.0001386838108017171,0.00041889778247855585,0.0026255178359607815,0.0032795842018457553,0.0013584573536895128,0.0017713550078738748,0.002605627084447991,0.0003404856028565128,0.0009951384817694672,0.0001865522154748416,0.00022838300872738757,0.0004339511166415372,0.0004992738359696203,0.0023371372209490216,0.0009936348047511123,0.07686296763587919,0.000931232357405737,0.0016873235706344266,0.009731928809460926,0.0023893102443805114,0.0037240181655298532,0.0012119814931141012,0.0018002007374387373,2.1801005992539066e-05,0.001165800405352619,0.0020615171097972526,0.004463088872010123,0.004031830746210181,0.004076331924231843,0.0017045847618499057,0.006332742802036413,0.0021519094826205967,0.0030091405916853426,0.0015478070353690096,0.003000085483632977,0.0009674099373516749,0.004276163165899912,0.001351031017156073,0.0015720982909694045,0.0010517065640491194,0.0017967702697702704,0.0017406780456287309,0.0013271272134327016,0.007464398542884625,0.000977082780108751,0.005901257101380803,0.0026635820298858215
512,2.1193078537810932e-07,3.4424652027441544e-07,5.260832475959633e-07,6.560720799703745e-07,6.7138686254103e-07,1.2873889255000905e-06,1.4242648245935445e-06,7.074700328753484e-07,9.337730056778286e-07,5.379926461672666e-07,7.618607176177161e-07,5.453991412346586e-07,1.2441923418126518e-07,5.423048632396531e-07,2.8177568697359025e-07,3.69922962018168e-07,1.200443900880338e-06,1.084384705706729e-06,6.014904234507427e-07,6.048751317760792e-07,3.1826783082302827e-07,7.168117005440277e-07,8.738125226653897e-07,1.9458326643948291e-07,2.947208208864321e-07,8.968447887478769e-07,3.832892055757492e-05,0.0015329469490678567,0.0011111585585396656,1.0464124891660927e-06,6.3904208084932645e-06,2.3253597119832935e-05,1.1448785864338675e-06,8.582257320527858e-07,7.523520598189368e-06,9.385629852625666e-07,0.0007477130010509992,6.575031884320717e-05,1.0184265602236182e-06,0.00035706632648849695,0.20824386589823318,0.05852198084628709,3.957399737289058e-05,3.247201454055005e-05,5.727499385451558e-05,1.8909783750810011e-06,7.566611952604778e-07,9.408349309888053e-08,6.153907113847691e-05,0.0004003478395371633,2.5025968437862423e-05,9.346895516279667e-05,0.0012975922942416902,0.0005673934238868109,7.483926594434584e-05,1.3257260097214343e-06,0.0012905229439942256,6.002295875155391e-05,2.457074338628118e-05,0.0034928293306697206,0.006401092336402652,0.0028200056840411375,0.0002941966093146376,0.002503950261549781,0.004275145112592158,0.00034037350213929183,5.8379212277414435e-05,0.0037657949559246773,0.0004854123344871822,0.00021621735625860673,2.964087744191918e-06
513,0.001262076068159892,0.00047236998276272156,0.0016367758863842711,0.0014838182653882793,0.0028422738700771173,0.0029680226480394457,0.0038810232739317544,0.0027737235274916533,0.0053182437793829074,0.0013965053616295947,0.0034740676519734144,0.002740174210239729,0.0007979843108121442,0.0015655945752821028,0.0009028049445424525,0.0024569879885067937,0.0031669465625526016,0.0038256034708787174,0.0016364303260562175,0.002127933147963583,0.001140074273142261,0.0023800765865708527,0.005200779337459838,0.0003177542092672074,0.0008989249075892875,0.002525235928298272,0.007435261199243182,0.007519229080328339,0.004305121172711146,0.0023701006320730584,0.007843736058253096,0.005288014898224015,0.0017746708926434985,0.0024192392947010844,0.0037901565530970827,0.007537586138496499,0.023978099485041704,0.007701376928817199,0.0010858062861173073,0.008962291167488886,0.009833039917563258,0.11169547863925633,0.03461771280151101,0.008753572288288816,0.011678471985721391,0.005053602099298218,0.004837187950008183,8.571646856698856e-05,0.011979173429555935,0.006528999970112421,0.010790179707365224,0.006873606890119023,0.00930092574788744,0.005705375707097685,0.013617942849699685,0.014025863264280809,0.006689911627950308,0.005120914450042826,0.004512634751781105,0.0060354634399008,0.00443666885552113,0.005416355113723927,0.007921289304124782,0.014199370807858607,0.006845583955992183,0.005671244947173697,0.012485846079448474,0.018817405995856903,0.015342052096798271,0.03177359982313545,0.006089316855402073
514,0.0003382048271554446,0.0005502702004185813,0.000982556654307477,0.0011461879240649295,0.001123375507455132,0.008658619020185155,0.0033720243364296016,0.006534827278014334,0.008884967405469641,0.0033094976004685393,0.005722937027020115,0.005193269397453223,0.0006417018353796792,0.003921083255096705,0.0012887519245922679,0.00486346640891661,0.007989822578474954,0.0060026753588758724,0.0025991825806614675,0.0029901663415309566,0.0014570113307671724,0.00611947111007401,0.004872947223330609,0.0006662573555942848,0.0009228638686916643,0.003242923256491328,0.007223244894351263,0.018263478420537164,0.009581926758593413,0.007176176332721963,0.015794916060519634,0.0025554776151530787,0.001796291077249779,0.0014185213470984076,0.0012899202481704392,0.0027260240335341564,0.0041690774656816965,0.0054439543906573025,0.0023495509626022277,0.01619978941154766,0.004712276542109905,0.008333059146223454,0.04135923044102996,0.017206360384323768,0.01483793178178674,0.005277108205723853,0.013303020435910971,0.00014104467016919547,0.004073629737514191,0.005626261301858772,0.013905688296332788,0.013563814992079846,0.015689390840093756,0.008445596335878058,0.03578684991949995,0.015635539704026518,0.014955393492114194,0.0035704162167759725,0.0076199612104597345,0.0038620786163913973,0.006619378931815724,0.00928669649649021,0.009852901462796519,0.005292000643457285,0.014793780647905819,0.01079225840270663,0.009773861171631261,0.025534863643302246,0.006897477496390526,0.019587065718741584,0.013365503082534426
521CI,0.00810369344509774,0.007636561452196982,0.00677703549790839,0.01024088104713237,0.012971239721604053,0.011052876517879543,0.006176571025631562,0.0059277333926367436,0.006988293238696488,0.005534141406221043,0.006792377333379911,0.005479240291243314,0.00733827084518179,0.007578402993269462,0.006670555029108441,0.0032311284923710257,0.007545907609867257,0.011451692539524683,0.005285369110065589,0.0054398098856221905,0.027430760311884142,0.005864473572118458,0.00851043248761485,0.002242380345074872,0.005091397743362061,0.0071233122523579745,0.019429106513462142,0.01066658397172049,0.009278439725112426,0.012195360813095968,0.0103859810632112,0.015599063514895158,0.0859061285823439,0.02565624931496148,0.01156198724596146,0.053085971733966675,0.08373269317731588,0.009931015147145306,0.0032490765320213797,0.012214658254918003,0.008688435228725325,0.022298932153761216,0.011418760878794431,0.07873062732289748,0.07940475668909217,0.0009293626984529598,0.036077367187606214,0.06415586845530281,0.04522555644783216,0.0454644861805289,0.006342285950088894,0.00749552436961434,0.009000442289076078,0.045092531558946825,0.00811773359461665,0.0092894942894029,0.0033689578268618608,0.006429538601930733,0.009252392594979819,0.005224150313330023,0.00684996793989143,0.00786623335714588,0.015816019307457352,0.015571055765209204,0.01636630266997345,0.011319295503366628,6.096678327438337e-05,0.015357462547289102,0.01609539470201003,0.006652603381575487,0.011861592242505931
523,0.0007998692275957104,0.0004150175275053172,0.00036137655075002556,0.013245621588018116,0.07114949584677667,0.0013299932253548418,0.0010484242102578008,0.0003485879120366524,0.0006370494967145386,0.006218597816385795,0.005609502287109659,0.00465135204984774,0.00046244133090447235,0.0029661155946125294,0.002967425539840185,0.0013242591124396088,0.007032091040647617,0.0054331274053005234,0.00024666150627786876,0.00022772314201371133,0.0004632042115937578,0.00024238325528155334,0.0005089966592887404,0.00010616895287496035,0.00014393659291765288,0.0004816385384307768,0.002071545162744063,0.0006972876142018486,0.0008539509757324938,0.0007786346342488848,0.0009415409715965621,0.004006226907163608,0.007501121719234047,0.0073380604889989876,0.0010065876515790028,0.022569408826308326,0.005566564881853927,0.007634924545136875,0.00041911999713988685,0.0008400965358002384,0.004937957646445616,0.0007133338147444707,0.00046289026221692784,0.04264186357575255,0.06712496911168131,0.00430325704472464,0.5108864840012146,0.0015554370518760952,0.006503771262030869,0.010748648581289535,0.001569473488277889,0.0011753512287329218,0.0013280957051901262,0.015772218325714776,0.001441131937449649,0.0004879716615093542,0.0005136914012819615,0.001630755637034565,0.01629481221068231,0.001764399677325466,0.01544200654751713,0.0063908767092025675,0.001018708583558235,0.0008507585100876215,0.012596557666630615,0.003669464375595018,0.0,0.00038198603947963225,0.0007219984921584087,0.0005290520686690187,0.010496270073071821
524,0.00836717972355772,0.00740583605528662,0.008190643484338449,0.006578536115746053,0.016019039073754283,0.0031775119081013433,0.00025765726139037457,0.0020489347680361647,0.00789302283274454,0.0025626252896258045,0.002735557450329062,0.003984541814223898,0.0006409785860777379,0.006930483224163382,0.005635495960807241,0.0027074142132616852,0.005296874699468529,0.003646989430834525,0.004129349393161971,0.005113256369150567,0.002992794716746893,0.0024131432342891757,0.0009336770398905972,0.0007110592054963944,0.003063416922570934,0.0031880435844474893,0.020623013909181264,0.009648755805871947,0.005898256868724084,0.006402093733093257,0.0084240882788128,0.004257125659487978,0.00042826876511317273,0.011825415296054815,0.03629507263495759,0.10843321217655809,0.007180196989914645,0.015531257292808355,0.015230876083274125,0.0008123355638056926,0.010778607390671737,0.0020775733012729884,0.0018978185498618593,0.003937290817507962,0.017275291461268223,0.34810279427383917,0.06340767302146423,0.0029813373440214074,0.03322262796161002,0.02741571383511798,0.007143002970784801,0.004364828664079004,0.0052973669966683064,0.0005593992698097987,0.007752039359409923,0.00969111076624323,0.0049387548951761754,0.011232022752539752,0.0174080468834791,0.014000139750188207,0.040590922871115986,0.013321479334175167,0.011830940455625688,0.004686310739840023,0.00896727377772475,0.00276309037680168,0.0,0.003383471315857825,0.04730404117628439,0.001766260533129852,0.030727447201778058
525,0.0,1.7272293036693776e-08,1.942507391697367e-08,0.0,0.0,4.4488172856725495e-08,4.671707585671685e-08,0.0,1.8780025213340023e-08,0.0,3.406176645851832e-08,0.0,0.0,0.0,1.310441132899999e-08,2.1712980500861372e-08,0.0,2.8661112146872456e-08,0.0,0.0,7.971599953103736e-09,0.0,2.7137790434957355e-08,1.5309232534966726e-08,2.7067359129714902e-08,0.0,0.0,0.0,0.0,0.0,3.70366494874433e-08,0.0,0.0,0.0,0.0,0.0,2.373704435407249e-08,4.365646994548815e-08,1.749963133836361e-08,1.0658318406442277e-08,1.435319405241309e-10,1.899877503265146e-08,0.0,4.226038495520598e-08,0.0,0.004425329185843174,0.04124989941850543,4.397812031392536e-08,4.300522899060591e-09,2.4293562398692147e-08,0.0,0.0,0.0,0.0001375360561186464,0.0,0.0,0.0,1.5911349652228427e-08,0.0,2.2547722205705113e-08,3.033181827304445e-08,3.434455431859419e-10,0.0,1.613553397065154e-08,0.0,0.0,0.0,7.486249327860275e-09,3.119949451050133e-08,0.0005472883559701022,0.0
HS,0.0,0.0,0.0,0.0,0.0,0.0,0.0,0.0,0.0,0.0,0.0,0.0,0.0,0.0,0.0,0.0,0.0,0.0,0.0,0.0,0.0,0.0,0.0,0.0,0.0,0.0,0.0,0.0,0.0,0.0,0.0,0.0,0.0,0.0,0.0,0.0,0.0,0.0,0.0,0.0,0.0,0.0,0.0,0.0,0.0,0.0,0.0,0.0,0.0,0.0,0.0,0.0,0.0,0.0,0.0,0.0,0.0,0.0,0.0,0.0,0.0,0.0,0.0,0.0,0.0,0.0,0.0,0.0,0.0,0.0,0.0
ORE,0.00519734466082898,0.0005645626758666204,0.005540241209704011,0.0015371060025886026,0.00467884155121867,0.012709635731822369,0.009211096395004467,0.004006587978757783,0.0061512629838225774,0.0016092139425519184,0.014124657752483482,0.004177961264563352,4.576950975588227e-05,0.004434937310275947,0.00038618695664237415,0.0011326304336537868,0.01448341221418957,0.0071610195150078335,0.004337483276481499,0.00922121482255601,0.003189372518016643,0.008506144290097675,0.02407516485766891,0.00011950876085266845,0.001024315758537877,0.010717638267273824,0.041700492270174395,0.052558974169299826,0.10393566718482554,0.07579766908228606,0.10988444712097307,0.0009698211996380815,0.0016816802604135773,0.012931988001441356,0.01980705038930875,0.027520772372793486,0.005820494998563416,0.023628591052283307,0.06068908346315323,0.016514671277736388,0.023448242752270695,0.035261669420586214,0.024909091488058185,0.02180852116131566,0.045346289867654294,0.021592226854743404,0.0037819445590152843,0.002471435866413453,0.13336051712551567,0.033173085252792125,0.04868444021986243,0.013716232875353434,0.053758344231145234,0.05876353575073781,0.026497808883106145,0.03064925768323723,0.08458816841719889,0.040391415649458265,0.08245808260263868,0.10389027150381439,0.057034801948814016,0.08075053466738033,0.11007432658755496,0.016827690057926392,0.05884302125362005,0.08904131381061212,0.00041398342936571484,0.015850789765733793,0.006184599872689091,0.00467935120287654,0.005997611198688522
532RL,0.0033873137651330492,0.0016584413263852345,0.012143239041260639,0.019112484092775148,0.027291437099801287,0.004506165893728367,0.012730527760384526,0.0017981731495724188,0.0056748489197985036,0.002541655437661027,0.005436142661472034,0.00400858462540131,0.001436872218414503,0.0037811156341843026,0.010112875905455754,0.0026277462960465495,0.0031748293141048494,0.005931209921392102,0.0036607026608577653,0.0013855716618874656,0.08369487035708369,0.005693737742802717,0.005207964473346522,0.0024122971435129965,0.004592354649583978,0.004251001400232081,0.014103703312884002,0.002530838935813765,0.005466179305831599,0.016515752905916694,0.008057259954394973,0.06408135467717618,0.07734256817651758,0.13323823614941005,0.05692019082975965,0.009341275791718829,0.0007649043187303425,0.009782829465708612,0.006268152739478991,0.004480249807123571,0.00583514090446075,0.01042601313277775,0.02698925665534986,0.0029281828716147635,0.012456184994927165,0.002965074270079829,0.00015821869852154346,0.0017337352070886844,0.0028629717988291705,0.02920404405886412,0.005085254369828482,0.005177653448674102,0.008339831504018035,0.03859860289526329,0.007998098291894762,0.01801467754111151,0.0030274577357004956,0.004057606099873246,0.0035560502424119337,0.0016274551772180424,0.002339780755915534,0.01287172088592961,0.01290548518559106,0.004684594638394307,0.01862148421258003,0.0021870673928058495,0.0004983013323675016,0.00027045809175777424,0.0017580110641296956,0.0037029946121263837,0.0016534861775179574
5411,0.0005824204797462872,0.0010908858320725248,0.0019689489788761202,0.0037639801441991002,0.0024857485745168125,0.008414232034859007,0.003076025947299518,0.003015382987034025,0.0029688667662406856,0.0017308650465971645,0.004849369412977401,0.002298561377679168,0.0006011834485224794,0.0007583364316465636,0.001740695569137562,0.0009332003625679976,0.003340790012172003,0.006520738412229832,0.0011012583746260868,0.002352945053606923,0.0029860968498288494,0.003740628305143995,0.003746249480069441,0.0007035553960600249,0.0008097372621949981,0.0038991519306695375,0.007745320194584979,0.0017796222743975635,0.0024801419092110037,0.002499015366672382,0.004039491448613864,0.0010853964841047762,0.01014003576856771,0.002655579937816898,0.0006439677909989546,0.0022935753646151106,0.0012812607901387376,0.001886146425199056,0.00222370337031232,0.00732061921516176,0.006123029603360338,0.003173497563492417,0.011724843981094305,0.004574923488810843,0.01573902736434135,0.011859942322265109,0.008202863670831657,0.0012214466197799743,0.006368833223844588,0.0023365114651967608,0.006940521986623427,0.005227224927694221,0.01732230183593429,0.015381905804792897,0.007422349386774233,0.004134431938617081,0.0008464682981554092,0.0034303998518534946,0.01656266442519526,0.005603347851734862,0.003522417021389497,0.01297221664360064,0.014182813067712956,0.0020215404625500387,0.0023440422436395093,0.0052136715779398145,4.998176608904574e-06,0.0005491213308573494,0.0007955622207946498,0.006450996162741465,0.0034443684984095694
5415,0.0008522521945400352,0.0003928867382562218,0.015368005465333161,0.005490047654427746,0.0005569943001529897,0.003207057829736325,0.002597325795406627,0.0021619608657440816,0.0023834478896260234,0.0010436007781172189,0.004238333258543435,0.005613069715048413,0.0011206052998120252,0.000887401373325463,0.0008979862195773447,0.006274319229715128,0.0027596428718553953,0.0028665659863778598,0.0012364518859931159,0.0014542730936481757,0.0005998464558261524,0.0016853473236282553,0.00445644436825747,0.0010187334860039827,0.00045485174784072477,0.001955679447974011,0.008979329770193759,0.009806239343297862,0.0031448746243017437,0.006003307891559421,0.005411305752126467,0.0011341585040976411,0.011670996748994193,0.0007094709704194036,0.0015507026071822669,0.0016016444793977547,0.0002202358091526319,0.0015602862395934691,0.0009318953158418005,0.015921005044557304,0.003736503728277086,0.0042728151558636025,0.025401402140430622,0.005564590530789181,0.016078993231404347,0.006542320032540087,0.004849735651597274,0.000533166919494056,0.003380541011351835,0.0014859000067419916,0.009892273212116295,0.013816199240522575,0.005683946691789729,0.0031240028621766598,0.013998008102357596,0.005391811472390524,0.005202795169189269,0.0032147626526451336,0.005233596685778924,0.003914038233574353,0.007219198552421071,0.00225021231077529,0.005878935874820751,0.003216806072481275,0.004849568801943799,0.0033821934479961314,0.0073843491078539915,0.05102855055429583,0.0013292705247417824,0.012434889614897806,0.01358596691857039
5412OP,0.0035891062583682624,0.005938645941086551,0.008960491634432981,0.011569070496714701,0.010816071676130985,0.020713743254624783,0.023914698152155703,0.011890218942286505,0.015239362017073134,0.008895551062835632,0.011989066168738741,0.00857712178528959,0.001969971083048694,0.009441244742305982,0.0047510073188346495,0.005907036775478122,0.020351397046103937,0.017630425361466206,0.009885925446324727,0.01061179325926503,0.005359572878308762,0.012226381789898922,0.014303675723959448,0.0031855171019411033,0.004615973848632004,0.014794001834034497,0.054639696143395144,0.05668256830227573,0.03439775444688167,0.018501105498410754,0.058798364068021504,0.004578242384056961,0.019115081510849032,0.015305946849801811,0.009173350332512193,0.016149367104040906,0.030344174967682488,0.007606799876469495,0.017398415415513353,0.042269305591456335,0.036477613518523175,0.038702117445171894,0.08484092023760921,0.036241519473514006,0.05293215872234527,0.031731478955290895,0.011896627473654352,0.0015228377527485948,0.030408643219753118,0.027676791842075756,0.02385676202244715,0.04188312709836404,0.07550242082397918,0.06342227535837631,0.037334846330153194,0.02100180311922796,0.01895082783099963,0.01858774096698575,0.036244010330036075,0.025682116229924157,0.026757973681669597,0.036802658596028125,0.043016668841353155,0.01752130226155526,0.02148696361683944,0.028482843869745384,0.07731152560978187,0.030673702872946844,0.0147871769468405,0.029017394552897306,0.04992505766220956
55,4.207123322829752e-08,4.170381420895432e-09,0.07381455514329431,0.04810830922589799,0.026618778795027713,0.0,0.006089472163425507,0.0024296477161266177,0.014084397488197365,0.003088949483024683,0.009884947689340128,0.02647570384405138,0.0036848016840140205,0.014381445144278323,0.014778209098363079,0.006417631224293126,0.004544939913110771,0.019695081034125123,0.0228284632804669,0.015635497632996695,0.020427397262735146,0.00946924267588357,0.004354032719635712,0.003174235714604526,0.010648390392043256,0.006453279106182253,0.04702796903892276,0.004591475235519432,0.011215634905306809,0.0405436702819165,0.025147832031156354,0.01033137154983751,4.504184925311911e-08,0.005752070010558067,0.008844825424679823,0.002473158630180907,4.354697096395432e-09,0.021255217007641037,0.008192541045447574,0.007680830875025967,0.0034099565344698456,0.004325143401468025,0.005977689805782567,0.0039442252458800975,0.02653560146630608,0.005000509496390118,0.00500512735171323,3.163038353080381e-05,0.05230124090206937,0.04825107083449679,0.0098015795284098,0.00554181550348441,0.010480372735607035,4.444849022178232e-08,0.018138487672360003,0.02458313167349544,0.01598390766551474,0.02905515373103147,0.009372623162751082,0.017205714248356124,0.00546426576882438,0.021030637319291303,0.014364486537156392,0.009245053083683154,0.06406916958386606,0.01245982439728616,3.029351243466201e-08,1.3595725508360162e-08,1.2118375824223429e-08,0.0,4.9104461765910966e-08
561,0.0008719959429335233,0.00048747853186080226,0.0013391474300915348,0.003478061783279244,0.010608405925624058,0.015322718135033511,0.004480138468154905,0.004993016861899867,0.008178143440802029,0.012393772898061964,0.020940761466541995,0.00518759493410825,0.0020921489910187773,0.0037911531286809355,0.0035542786224135995,0.017103146488345745,0.004110985483491271,0.009832040988171444,0.002955735057875871,0.0032371826073590605,0.014967132602181528,0.0065965718506337395,0.030180710171760793,0.00260932251046821,0.0032883251684076645,0.006205411632143876,0.03184208192924683,0.016041775861315683,0.010430518226240406,0.01660673941602128,0.01942725737845246,0.008707517956882462,0.00929233262895805,0.05256573418839458,0.022428504690256888,0.0772596014910704,0.04299517950222614,0.03741533594916455,0.03505471305625971,0.03688836916887116,0.011403638928858026,0.039535953367463725,0.055056489226880466,0.018442869280821596,0.021884879165393473,0.011047750031291123,0.000801980509802295,0.0015540261664742654,0.10877893305652224,0.0676720794999574,0.027064633747612806,0.04865046656088485,0.03325240195255893,0.026852430686949497,0.08660602686281849,0.04243686903380256,0.01896960132748939,0.024110718944109873,0.04748114782514582,0.03954022516641885,0.015975058336123435,0.021635510568516734,0.01987778861142144,0.014458897618904627,0.011378558318690005,0.017527586884488137,0.009423635662757088,0.031083070582640537,0.00497368200409405,0.019432782172498265,0.020153470218838204
562,0.00022200595388437784,0.00021755194016172066,0.001165992726034362,0.0005831443396885457,0.0017656678930590421,0.0017982185660383708,0.0009381020011807408,0.0007690078634624316,0.00145419637555772,0.010659189682685295,0.0009561850266616477,0.0005795039463815533,0.0002262968137418053,0.00035803774958715305,0.00023548899732118758,0.0004586807963461531,0.001029063065157601,0.0006482370932797046,0.0010276887738387313,0.0009444482228109039,6.033659669913703e-05,0.0013913820467434822,0.0008884345435557766,0.00105636442334999,0.001555958216880625,0.000942265912720235,0.000775920116029128,0.0014176110059209972,0.0008878112003252503,0.0005515041793023119,0.0006977718109687912,0.00014535636312281824,0.0013570019982975835,0.0,0.001359480234397925,0.0004927514649421019,0.002897657769598958,0.0021021264431295063,0.0011137564037007786,9.338379928756518e-05,0.0003029843467111082,9.821872254102084e-05,0.00014830131391757684,0.0003194336442867559,0.0001734763903054439,0.0010938102277525232,0.0009414932756461752,2.197435950831856e-06,0.027599451998283394,0.0018539046926899373,0.0007030265281198512,0.0004075549515586665,0.0007536649144158157,0.000718619548074477,0.0019990016580038886,0.06407023857782512,0.0010640774352986915,0.0012535351373861414,0.0017743480288813537,0.002402532439070224,0.0017037741559859532,0.0005290999659940914,0.0027599965813533463,0.00242132334599782,0.001515696510008611,0.0056615453992936255,0.0001413291359821197,0.0011943252015575963,0.0019826897349110527,0.008284635362681921,0.00818214529150194
61,2.242059979189174e-06,2.6467193405763787e-06,9.61580582161711e-09,1.2934305018219396e-09,0.0,0.00010744501415655425,1.4684088157791182e-06,1.8718088699608965e-08,1.0026126249336973e-08,0.0,9.590007309757165e-09,0.0,0.0,4.317796102689304e-08,3.089401005752245e-08,0.0,0.0,0.0,2.829079426641855e-08,4.123193597551579e-08,0.0,1.9296465514765443e-08,0.00014066430243578728,4.903623432263178e-06,0.0,1.1017897952442112e-06,0.0005144875870987806,0.00011747503619524012,0.0011365404265546546,0.0,0.0018358769940292788,0.0002774597156972462,7.055938589179748e-05,0.0,2.1831128275144683e-08,1.8483249643453823e-08,0.00010280503773103968,0.00011590658476496355,0.0,3.280908978007739e-08,2.768024319596023e-08,1.1522826104547029e-05,0.00013648251386687697,1.4659327027537545e-05,8.416839505111393e-06,2.710468023333021e-09,0.0,0.0,0.0,2.8581127015263958e-08,0.0,9.684998358593595e-05,1.0683157975425634e-05,1.9807313866879633e-09,0.00013107978082884235,6.420043049997869e-09,0.004641530942666283,5.510390181485049e-08,3.2241451421706604e-06,0.0,0.0,0.012976253534379709,0.0017281683950692622,1.9074330409287597e-10,1.2588274165442973e-08,0.001525518671343006,9.580428045179926e-09,6.798644370359425e-05,0.0005392485452165479,0.003329708078655279,1.443600660539675e-05
621,0.0,1.8582112517293787e-08,4.902691338787779e-09,0.0,0.0,4.010872914596351e-08,3.571989661033583e-08,3.109882405969096e-08,1.8887883198815493e-08,1.0192492991300247e-08,2.2212134098391946e-08,5.544103485820801e-09,0.0,0.0,0.0,0.0,2.3697266807142575e-08,0.0,0.0,2.6530813395543728e-08,8.122588098792294e-09,0.0,3.589150727060077e-08,0.0,1.1476562092634071e-08,0.0,4.032476373110606e-08,2.2543941439530235e-08,4.5184229069165143e-08,0.0,0.0,0.0,0.0,3.72636908454139e-08,1.794955909592432e-08,3.529545331385593e-08,0.0,0.0,3.1990290865697554e-08,1.8260112561668297e-08,1.4546138987167396e-08,0.0,2.4290384908365375e-09,1.5595157556680967e-08,4.09353040449489e-08,0.0,1.0568586476329599e-08,2.439194151832811e-08,1.3923096461817716e-08,3.1655149299530225e-08,0.0,0.0,5.6792906708082355e-05,0.0,6.235134707594727e-05,0.0,2.114076708529635e-08,0.014871279987986985,0.01504143171108791,0.0003521771057188162,3.739564516705949e-08,0.0007107819462846954,2.4092639459453788e-05,0.0,0.0,4.7790169575269315e-05,0.0,0.001556239690863299,0.0,0.0039026301828816003,0.0
622,2.841473148755571e-08,3.781944022819807e-08,4.0982761665076536e-08,0.0,2.1353905984393503e-09,2.565484126227649e-08,3.830667212788875e-08,1.1993599616278586e-08,4.141897341930688e-08,0.0,1.8485667789773947e-08,0.0,0.0,0.0,0.0,0.0,1.3944672394966176e-08,2.8310338754411296e-08,1.7848705826542583e-08,0.0,0.0,1.582241529551548e-08,0.0,4.3867759312357366e-09,0.0,4.225423259935075e-08,3.7626133267656576e-08,0.0,0.0,0.0,3.775827586822346e-08,0.0,0.0,3.5994102345045486e-09,3.748720553988413e-08,4.9766465967407344e-08,0.0,0.0,0.0,0.0,4.933372538484108e-09,0.0,4.033374631920104e-08,0.0,4.442971239649405e-08,0.0,2.5577970184412886e-08,0.0,1.6270359380671485e-09,2.8681265081274402e-08,0.0,0.0,1.4800745059144976e-07,3.6216714963742726e-08,1.3628166846504884e-07,0.0,3.5027609750981494e-08,2.939445069062072e-05,0.0008268065030627714,7.388742043520113e-07,0.0,1.42899677439776e-06,2.6457176961250877e-08,0.0,3.333450000668924e-08,9.099649863666528e-08,1.9348939936682478e-08,3.086607084544047e-06,0.0,7.717227476533343e-06,2.57208206663959e-08
623,0.0,7.852310714952646e-09,0.0,0.0,4.5161726961105676e-08,0.0,4.4813260894508154e-08,1.972608611546465e-08,0.0,0.0,2.374633264043715e-08,1.1092467796943599e-08,0.0,2.9535196532050106e-08,1.3078061262874977e-08,1.750600243084331e-08,1.903179807372732e-08,0.0,5.537286579145013e-09,0.0,0.0,1.9053223314740827e-08,0.0,0.0,3.103396429401317e-08,0.0,0.0,2.6803101697583917e-08,0.0,4.288383242897953e-09,4.52442962465901e-08,3.368189474410157e-08,0.0,0.0,6.6997702224066825e-09,0.0,4.162958479311361e-08,0.0,0.0,2.8284661957193224e-08,9.963930319992153e-10,0.0,0.0,2.172199855692258e-08,1.1379830103437814e-08,1.7156137223151484e-08,3.7427313471980806e-08,0.0,0.0,6.192282244207755e-09,0.0,0.0,3.1852236280649376e-09,0.0,2.9054984187906046e-08,0.0,0.0,4.0407132972924716e-08,0.0,0.0,1.1895026125804437e-08,2.5600461051785145e-08,0.0,8.101005488640895e-09,3.296918421388151e-08,0.0,2.752029805881615e-08,0.006686789005326049,4.199699881998543e-08,0.0003935680592864939,0.0
624,1.0015525716861226e-08,0.0,1.41597569691128e-08,0.0,0.0,0.0,0.0,0.0,2.3516369569330375e-08,1.3990652306494289e-08,1.0576074733053579e-08,0.0,0.0,2.8385461688351784e-08,0.0,0.0,0.0,0.0,0.0,0.0,3.554695163098052e-08,0.0,0.0,9.038217158655764e-09,0.0,2.461983061300723e-08,0.0,1.118649280611953e-08,1.424608082340011e-08,3.4203531319896656e-08,3.2332393230510465e-08,1.118126342337919e-08,0.0,4.500818783399197e-08,1.145656529045693e-08,0.0,1.8507249553594163e-08,0.0,0.0,0.0,1.9812162529900577e-08,8.48385405116915e-09,0.0,3.827863884366002e-08,1.1454829220547313e-08,3.158579727450309e-09,2.1830062368045493e-09,0.0,0.0,0.0,2.778162524802624e-08,2.58036714921939e-08,2.972559587208918e-08,0.0,5.60744461651695e-09,0.0,4.646926532664593e-08,0.0,2.8351252266652584e-08,1.664684037980848e-08,1.3303309343015712e-08,1.1066329836276423e-08,0.0,0.0,0.0,0.0,4.382971825735415e-08,5.4397603405646224e-05,4.5580585977434655e-08,3.1607968405970577e-06,0.0
711AS,0.0002059061964766055,0.0,1.6927126679024279e-06,3.100877046046723e-08,0.00019806243347478397,0.00016169011400952413,0.00013636568411906443,0.0002666246727250673,0.00028476270808394676,0.00020422793397688647,0.00021498176406360397,0.00015042786344552562,1.337966292324262e-05,4.402796608561437e-05,6.334249441106498e-05,3.875108566988298e-05,0.00021602266535852347,0.0002006954900737003,0.00012643317258529871,8.726779077141385e-05,3.493019936921423e-05,0.0002906666582175899,0.0004449540574865148,7.428707103038504e-05,4.1289881807340964e-05,0.0004075940599788785,0.0019382326109500486,0.0016196076523073812,0.0014880373318123343,0.0003442879247894161,0.0006787323263518358,0.0,0.0010572688062825007,0.0,0.000122855111212572,0.00022657317902261882,6.027899154528112e-09,0.0009107183469509439,4.847058088738537e-05,0.0003613869194042923,0.06702211741931696,0.03193344486556416,0.001120676124841727,0.0020552158062115506,0.0013932912546592582,0.0002502865461935108,0.001423277466293412,4.194111855706806e-07,0.004233659592342606,0.000870072643309874,0.0014559167323738695,0.0019906722213674606,0.0022062639105272304,0.005470126543876476,0.002034519116194761,0.0009077130168055064,0.001142503868699011,0.0011716188170110885,0.0016338856722769612,0.0009252726627141377,0.004856154559964681,0.14307028995082804,0.00494133260777201,0.0006119875524438738,0.003073782306236707,0.0014497380938431265,0.0,9.290042082294571e-05,0.00032294106576292894,0.0008107008688699869,0.0001347839055881865
713,0.0001562907425562568,1.4664419604073091e-05,4.785224287099463e-08,1.1791734129737662e-05,0.0003256796096106094,0.00027442128021993895,0.00023992037580529958,0.0002276290103567334,0.00037289473653056784,0.00011902069905084525,0.00018573347903668946,0.00012012192895369024,1.597480566041083e-05,2.7530292929816856e-05,5.4516424804854065e-05,3.352528031304907e-05,0.0002462132623367849,0.0001805429117412552,8.179774420271267e-05,2.8352272052010218e-05,7.843058582886715e-06,0.00018034282721959193,0.0003533505937046354,3.24826420253113e-05,3.8459360367523744e-05,0.0002442981341881861,0.0009003808281797231,6.878633230681294e-05,0.0004887410144202757,2.564473878327914e-05,0.000912971119403617,9.388883190664037e-07,1.152244014840438e-05,3.792853657358374e-08,0.0,4.070454459646404e-08,0.0,0.00012063436017647291,2.0824466344497923e-05,0.00019108546133968213,0.00034864221903949214,0.0001688824922471295,0.0010488628193226878,0.0011541957876326724,0.001076496119970973,0.0001352977480488429,0.0004099168851672595,8.668535461864581e-07,3.232463174347431e-08,0.0007314071690015239,0.0007992073737793624,0.0018390516489965993,0.0007210652457612611,0.003089201213322829,0.0014125561041249245,0.0007414199791332249,0.0004750739710466622,0.0012113132033571062,6.698709238250555e-05,0.0004574296240892464,0.0011035604979528757,0.0006956729793168136,0.0012347190232167016,0.000937995274898948,0.0011688174137985266,0.00014536033824960186,4.9662452634225755e-05,5.289706782651802e-05,2.4380374670684056e-05,0.001375422140232532,0.0002221913008788736
721,1.6954884893515498e-06,1.5794053614135897e-08,3.1204936208001465e-06,5.434709398932341e-05,0.0009909923910539338,0.0012261240493391496,0.00017656893382193367,0.000680614606537,0.0010029024208963989,0.00039908338526183654,0.0006128201981955443,0.0004272294855687482,5.537080688305833e-05,0.00014615543952873814,0.0002455016481957952,0.00011025991588180052,0.0007661231816179696,0.0006389207599249383,0.00027271779448871154,0.00019344401554918366,7.179021051876814e-05,0.0005932853774215467,0.0015393151169886428,0.00010741955533685714,0.00014435769223126145,0.0008588614760492635,0.0012949755271198053,7.67626234498894e-05,0.00016221768328298207,0.00015374180481161944,0.0002100102633528622,0.0,0.00012435734386538573,3.3261408143578424e-08,0.0,0.0,0.00016130542200179835,0.0011612550593422357,7.43391731695589e-05,0.000698132430111729,0.0015267541348136524,0.0006254456347612561,0.005330723273446688,0.004237906278681297,0.004003422790185164,0.0004910643474534037,0.0015417755164268106,3.7529979321246803e-06,0.007471069726899001,0.003033698189324196,0.002279018963881871,0.0069225413796259625,0.002136421303948848,0.0011952208591441728,0.004074610559815502,0.003226161773541239,0.0018713460770229879,0.0028829490120240364,0.000258557230699666,0.000978690398926799,0.001682684792609264,0.0006283820092246904,0.001532700443934971,0.0006197422406073461,0.002648007225639406,0.0004493765571882121,0.004734002621441799,0.0024863951087564077,0.0004327372116923744,0.0013160867842091414,0.00042504293356550766
722,0.0007718297331150788,0.000153425019806262,3.868988572389908e-05,0.000257705686733382,0.0023904938501250936,0.00292309136887135,0.0002585884981604589,0.0011856547869630875,0.0014932574023658863,0.0008007118727549437,0.0008714008698079931,0.0006725940877684676,7.123971114553779e-05,0.0003527234674403404,0.0003340809212069126,0.0001781311300722852,0.0010191624651960112,0.0008743427136698085,0.0004974768435029843,0.0005828566146288198,0.0003311717626514237,0.0010759070056550893,0.0016959975190908051,0.00027329753883067765,0.0002122920070088805,0.0012897413378120037,0.0038527957457748273,0.0023735412785795772,0.003269853718569244,0.004108079200135227,0.0035817014271180875,0.013753941118906791,2.921031170610872e-05,0.00014125347047957198,0.0015078064344264685,0.0014326271420250511,0.0010946822159225058,0.005188172290284989,0.0018553928598209286,0.0007578794372074491,0.002443560039493418,0.000727396651522526,0.005513814660544271,0.007587400267130524,0.004851745966846823,0.003433999006043816,0.004456742358249683,3.4751432330839833e-06,0.025497475538416834,0.009283459247408064,0.005091880249462983,0.010951510251171316,0.007246638314880363,0.0069372775131548575,0.009362796835346163,0.0036488224838088024,0.002866290451338018,0.023475942185273702,0.021061386418114385,0.031651299534023215,0.0180274854722808,0.0031903913341968016,0.01075381114746302,0.03149046464431336,0.007625932174662786,0.0016343120042783227,0.0020827802597666624,0.0009210885639703401,0.002350515033797797,0.006299664452734071,0.0014730216955448317
81,0.0006789125729530741,0.0010557238223123729,0.00027188167706211706,0.0009381860450077405,0.002308426950807806,0.0012587274018258626,0.0032534351950630424,0.0026910391697972185,0.005982313360931266,0.003727222874854575,0.003574015591083436,0.0020426745538980546,0.0012191227325933558,0.001162634071287826,0.0011761612906967568,0.0015342801641577675,0.0017885791166618007,0.002310120117647045,0.0019575477098578353,0.0020339738898924992,0.0004436358911361747,0.005306063043992144,0.003369670060466168,0.001124008518615943,0.002272757425686349,0.003334499389393692,0.008760241651924319,0.005696136777481355,0.008250576083688567,0.007973173993369843,0.005899479322625131,0.0013968306236001038,0.0010551022577331157,0.004293211302440694,0.017050041749626085,0.02435774419528388,0.006901172200457862,0.008046656872513673,0.004734212226349282,0.002767471208461058,0.0017659712945308616,0.004782288349732375,0.0036476758734940544,0.004562830878267838,0.007166938805874638,0.005011712038964637,0.0007127566323156932,0.007455442259887037,0.0031689300686008693,0.015688934230821846,0.002258134233715967,0.0033945589511026526,0.004227722819066999,0.010037546054216149,0.01568645084664932,0.03931797251587826,0.007150421850162408,0.004559094372208471,0.011862259433166955,0.005416375584202978,0.0035568630195244397,0.004425792864978793,0.009501455845059853,0.00432528448726255,0.010051997834142262,0.0068627627757574805,0.005487803432552395,0.03686366269460212,0.0055574853696561234,0.014998381788220088,0.008315000370866882
GFGD,0.0,0.0,0.0,0.0,0.0,0.0,0.0,0.0,0.0,0.0,0.0,0.0,0.0,0.0,0.0,0.0,0.0,0.0,0.0,0.0,0.0,0.0,0.0,0.0,0.0,0.0,0.0,0.0,0.0,0.0,0.0,0.0,0.0,0.0,0.0,0.0,0.0,0.0,0.0,0.0,0.0,0.0,0.0,0.0,0.0,0.0,0.0,0.0,0.0,0.0,0.0,0.0,0.0,0.0,0.0,0.0,0.0,0.0,0.0,0.0,0.0,0.0,0.0,0.0,0.0,0.0,0.0,0.0,0.0,0.0,0.0
GFGN,0.0017007629504297765,0.0005521233606058256,0.0021827431584088793,5.090655352440248e-05,0.0018616122886222705,0.0019793478623816117,0.0008720428539190893,0.0019105381016849006,0.0018608113906341238,0.0022435074706307605,0.001652524239985405,0.002917957851880196,0.005665270952774666,0.0021752939359265797,0.002920880586630441,0.001068832129203316,0.0013316461678602248,0.002188570057822472,0.0017712565266007438,0.001807372788807185,0.0005495356934413212,0.003052877601156625,0.0024661876653648725,0.008265673783246195,0.002508589804838546,0.0025660901921236295,0.0033552395667316385,0.00014362984119335108,0.001696877781767482,0.0031905562589149335,0.0028894785061565086,0.08762656279892242,0.0021649155085679264,0.050498891743894096,0.0014437032571695955,8.270305427559343e-05,0.001037387136132037,0.002018197451791283,0.0005656605067197391,0.0012238314783786332,0.002309633519400471,0.007612341227212303,0.0013036544423261746,0.002079185757230716,0.062288410452851536,0.0012879762440721222,0.00024201706342332684,1.689167327801518e-05,0.00021908400880677704,0.004793162312619384,0.00015999101413982544,0.0033928660075029705,0.0012900672417862022,0.0027318515141931928,0.0011815968084708775,0.00024092886308611455,0.001098076995902339,3.683761830999882e-07,8.945997695294278e-07,0.0013627019817136674,7.64547967317709e-07,0.0022954066600386577,0.002030719973036026,0.002602642016161553,0.002350774658981847,0.002656357752759669,0.012662873830020764,0.004796683682085412,4.4146520231361076e-05,1.3661363362775297e-06,1.0757077232415421e-06
GFE,0.0007181109159037049,0.0001033250177567348,0.0008037146709433795,0.0015044038706779528,0.00017918989843926435,0.0026455263346842656,0.0002143693988994358,0.00043124351603776617,0.000986956898981505,0.0008039685579369481,0.0007495595066915931,0.0007931331110628496,0.00028744601654799253,0.0011989952978940265,0.0001749465228856615,0.00042226113312828894,0.00029776332310818933,0.00031303938886577214,0.00031723644473161903,0.0006058851138070715,6.474734140841348e-05,0.0010317810823917153,0.0010225670824147851,0.00045577516259349634,0.0006019754701347184,0.0006728531662665343,0.009617554875074109,0.0027998448657189775,0.003950703750348184,0.002634668522658591,0.005261744881534095,0.00024895503299152805,2.7920582666883096e-05,0.022702361796320306,0.005747448247288565,0.00382559774937628,0.002886946640631835,0.003006907476830197,0.004461677885568455,0.0006806417554858647,0.0019466748217615531,0.0005005207279211701,0.002716134934409863,0.0012778582639642949,0.004888895402558839,0.0008723480001092335,0.00040832249875553375,1.2771908958298191e-05,0.0010651922431860043,0.004455153082169854,0.0007899439635551898,0.0008682639740255012,0.0010806778508266619,0.0007009428803760368,0.0011293497950374736,0.0014412908811807104,0.0008884329725224801,0.0011279739527440315,0.003724438843409115,0.0015288510837713288,0.0025475090736984205,0.0011069573259802593,0.0013546137457841412,0.004469392278990814,0.00805199507350457,0.0007965564101165926,0.00018971674766755708,0.0004325095416369892,0.0016247464550050994,0.0013865621307229481,0.0006761888758156987
GSLG,0.001523438621084506,0.004530900449588869,0.00015610840414119424,0.00016467612046772227,0.004862081045443151,0.004502150018152737,0.0006697702209310932,0.0025131593577738353,0.00028340838704195607,0.03985839084945715,0.0008814117886715663,0.0001105249036313888,3.776694845292863e-05,6.830463220913398e-05,4.528018509457425e-05,0.00011427367220290004,0.00019846501816443813,0.00017564495844479778,0.0004373686214620868,0.00018547525814806794,0.000308087280884347,0.0011385980746864836,0.0002616705288263744,9.473085628979467e-05,0.00021693739960653046,0.000349229717859467,0.0004015026908390216,0.00034769666377045677,0.0007294323741809223,0.00017516077570787166,0.0009510781904247721,0.0,0.00020236764240669293,0.0,0.0005158889948167122,0.00021354801322911172,0.0009138926616069033,0.00612077801209883,0.00020830876095845728,0.00012462643859457575,0.0008134070824066959,0.0004742130613928326,0.0003659880266084506,0.00019321270412024256,0.0001605678530990918,0.0001579773090272985,0.00018727161663731294,3.484469938307023e-06,0.0031954395991061323,0.00036663132018819683,0.0002080521865741319,0.0002908801809177234,0.0002428503038266484,0.00040788415214716836,0.000596242885187574,0.006903737685962348,0.0035548590708238113,0.000714937840218976,0.0010169396154648563,0.00038485106312700934,0.0003149708862828641,0.006199689036868139,0.0014969391038585098,0.00038945464931542214,0.0004951248298763967,0.02003338459766212,6.580542689871748e-05,0.0003567379950684788,0.0004893534228432677,0.002422466446895255,0.0009587204389150131
GSLE,0.0046362010651873195,0.00040743601071421793,0.005317996173728074,0.009915854857549153,0.0011624423268379695,0.016951644621275186,0.0016220452022254795,0.003738256207370463,0.008354715897312494,0.005473735994372534,0.003937748093463254,0.002249538170794722,0.0012909267460160048,0.0017809989627497202,0.0013670889557090117,0.00326473184496322,0.0030266811239675804,0.002190384876108098,0.0032303534154066124,0.005144847125125067,0.0005596283993711697,0.00844152676757614,0.004796832891813076,0.0033065379359239707,0.005316523019963723,0.005606323289988984,0.004960051557159969,0.00547599875730469,0.013227430337930748,0.010456071513394847,0.00775883350245099,0.006730575936412013,0.0009775124197002674,0.0025141011697279235,0.009165977926555888,0.002090153508811591,0.00717940113290188,0.006959432535292037,0.007138031777691002,0.0009738084897923645,0.0020043602568358783,0.0028211872884891464,0.0037475196027522847,0.0019689839585754635,0.0022643702341806175,0.00089046120363573,0.0020244732155429873,0.00010210524764888757,0.008286576041207225,0.004935932439400972,0.002715829386277286,0.0017919901657705167,0.0024816752506440177,0.004762968007201419,0.0029536694487561545,0.013920994786014817,0.004853644821010711,0.0027018552384882517,0.004694865687481157,0.007099714206011407,0.004193511396727775,0.004949144920870123,0.00800677248330098,0.007461504386688425,0.007459161958635201,0.004508833624867643,0.00274675875767613,0.00270161554271477,0.008799208010437862,0.006633590401281555,0.007397262637016011
