bea_code,111CA,113FF,211,212,213,22,23,321,327,331,332,333,334,335,3361MV,3364OT,337,339,311FT,313TT,315AL,322,323,324,325,326,42,441,445,452,4A0,481,482,483,484,485,486,487OS,493,511,512,513,514,521CI,523,524,525,HS,ORE,532RL,5411,5415,5412OP,55,561,562,61,621,622,623,624,711AS,713,721,722,81,GFGD,GFGN,GFE,GSLG,GSLE
111CA,0.21731430048942946,0.013198288569884137,3.875892692571473e-09,0.0003681117628179535,0.00012870379497705443,2.1292902834680366e-06,0.0009726543834177721,0.007776236787158023,4.5204228473256e-06,1.3798727660053359e-06,1.88490514552333e-06,1.2931699259065834e-06,2.473062742386759e-07,6.019942304709922e-07,8.271088653513055e-07,3.574600819765658e-07,9.654918390724547e-05,0.0008873364588210571,0.23726298711236696,0.03803060108487062,0.0008649185324305411,0.0014909482843169254,2.4145936881899643e-05,2.665065425987284e-07,0.015676742558375898,0.0004281988750169008,1.8551629525676795e-05,0.0008996898052412107,0.0005712792475316555,3.00838850656924e-05,0.0001221432310136018,2.0097233308225412e-08,2.8534226347018284e-06,0.0,2.185723566254302e-08,0.0,1.552133401867313e-08,0.00010942078282185799,2.5281509487579655e-07,1.8435750543579345e-06,2.967856416795923e-06,1.6570477323746388e-06,8.295552642885469e-06,1.3515116121472528e-05,1.0515870287135106e-05,9.669503326132744e-07,4.6032539781655985e-06,4.5116568222324285e-08,1.0842025987706645e-06,7.381901393911527e-06,8.812739716427517e-06,1.8570348486105102e-05,0.00031313638430167126,8.591929917802139e-05,0.0010584560136993968,8.391939556182748e-06,0.000530852180239095,1.194684161761573e-05,6.165671874613147e-07,4.862630508184836e-06,1.0814984753821678e-05,7.37143372084869e-06,0.0017292863910603564,0.0003264277844359891,0.004525401357866175,1.6465414368799553e-05,5.207122573417095e-05,0.0,1.0125888921813318e-05,0.0018065904076551118,3.0303978374398023e-06
113FF,0.048102847078512805,0.10845762364545242,0.0,0.0009046426173462636,1.0646265067572611e-08,1.6937477082492808e-08,6.142603020067054e-08,0.08015521257849055,2.2170671799395463e-06,3.7523588673754355e-09,3.3966770087789833e-10,0.0,2.3032515865933226e-08,0.0,0.0,2.6513416722451207e-08,0.0009064338841587791,0.0012022034356124912,0.004778536869930537,1.9609496288549563e-06,0.008934365523697918,0.015364571147492751,0.00021047877743675026,4.983601811877953e-09,0.00029991833961899225,0.004394177533683725,1.9717432692214303e-08,6.278160541472866e-08,0.0011838552313267533,1.7647850234699455e-08,0.0,0.0,0.0,0.0,0.0,3.4928348655739005e-08,0.0,2.8115313377291338e-06,0.0,3.589989624944424e-08,0.0,4.421975084999323e-08,0.0,2.4531246500764706e-08,0.0,2.011628530483475e-08,0.0,0.0,0.0,4.4549645911208406e-08,0.0,0.0,5.8648536745785294e-05,2.999104377128311e-05,2.4565712789628665e-06,7.733404955060964e-09,7.15953440120383e-05,1.9732535070355522e-08,2.0580291214020523e-08,0.0,0.0,8.859288266901876e-09,0.00105227245391189,0.0008947141319572911,0.003396181122779983,6.0141841713316714e-05,7.99236606423231e-09,0.0,0.00010116881430395312,0.001507348631474795,1.4841267002754557e-08
211,0.0008117336870202084,0.0002002407502513692,0.05327260617545504,0.0013199030110821383,0.0006306237340270247,0.039049267193669676,0.0012810370352279935,0.00043054568666017225,0.0003106203439515528,0.0004890531924566448,0.0002146096454579562,0.00018496101223607094,2.7216084846603594e-05,0.00031623017680456624,6.361277379129258e-05,2.1540749288830686e-05,0.0001789283469006829,0.0003149839556196617,0.00015013606808298553,0.00012178412327816437,1.62796617413921e-05,0.0004163472054180727,0.0005412566076186861,0.5160305006592548,0.011225006637739544,0.00030968870159303537,9.805488495913425e-05,0.0002091586064351854,8.855618928401896e-05,6.966785874139311e-05,0.0001178882101122229,0.005355536208865046,0.002026151395926426,0.003948206972536087,0.003080309243268584,0.0014562219431304942,0.0008590329769802031,0.0017160105871012526,0.003889280207461478,0.0006199492256687792,0.00017236374657003385,7.393895304990151e-05,0.000273432774740699,0.00021251792402156083,0.0003567550443267422,4.3372311839357765e-06,0.00012440606928247638,9.275380034973927e-07,0.00022557362940603973,0.0002226139260190158,5.815138500327766e-06,0.00011146818976130023,8.369121752764512e-05,6.53773145456336e-05,0.00031619177168007076,0.0012546888476864565,0.003307611530545417,0.0003808908236056373,9.068425007354323e-05,0.00022379050797516326,0.000299443291140284,0.00014242381437379133,0.0011013418432667065,0.00026928008411701955,0.00020319687773268205,0.00022819449379147524,0.0005942221571865729,0.0001003542715724221,0.008097803914872801,0.001993955173637602,0.03706759507747891
212,0.002500016529172955,6.109131955669964e-05,0.00027080427726079676,0.08099489353715539,0.0009091116716004329,0.009593835684533904,0.008756505166991533,0.00019587786520749913,0.06911045407105974,0.04399382868860785,0.0010922231481278865,0.00024339018555014633,3.1789330308299874e-05,0.0005137284328751681,0.00017133689798910112,0.0001504040378160473,0.00021469436437019455,0.0009703397713390032,0.0008103138819825675,0.0011082772263595032,2.224792850721874e-05,0.004888053260320101,0.0001763014864751412,0.003803343863652396,0.006249514938093051,0.001133967707909421,1.0608868294887665e-05,2.39264026967887e-06,1.049395489279934e-06,4.790725413842331e-07,4.0219750988941295e-06,1.809009744178812e-05,0.001036824444335399,1.3365535733829494e-05,2.2816402227681558e-05,7.101382716655659e-06,7.868826046088844e-07,7.938227574935583e-06,1.5412204266606692e-05,2.923303656381336e-05,8.851870547152313e-05,0.00021233371368793434,0.0018068098860240963,8.285327965337365e-07,1.6453611971774647e-06,2.711506417702494e-07,3.930836805089808e-07,3.5286449010021e-06,1.7909999594570464e-05,4.146320522804075e-06,5.378650713513337e-07,1.8342344062559613e-06,0.0005185158297218541,5.514073982042471e-05,0.0008339201144866288,0.00037601298556445823,0.0013825751412357376,0.00010758054154460668,8.571731619150639e-05,0.00015308765044362997,0.0006053995277650034,0.0018044923825979227,0.0036435288466142917,0.0004948127648545222,0.000533165236130188,0.001048393763838269,1.579457286112123e-05,0.005330139067089771,5.180002658208504e-06,0.0007620262656042958,0.012628451741413735
213,6.490424773307263e-06,1.887999336636207e-06,0.05495436081248104,0.021596677927666674,0.020074246809939966,7.704988888898967e-06,6.65484286580196e-05,2.765360456901384e-05,1.932275543159531e-05,2.587510055537353e-05,0.00011545571591814943,6.65026504392656e-05,2.191666385782556e-05,9.47321352063398e-05,4.1000168596053324e-05,3.76592204083359e-05,6.563904504859064e-05,3.0344862413997698e-05,1.8205913010574116e-05,1.1557671727169884e-05,2.7643052372307807e-06,3.376784620756644e-05,1.487943440684944e-05,7.376407934952915e-06,1.3682363180577577e-05,3.225170827529277e-05,1.6723451896812567e-06,1.8037285680684475e-06,9.747598876970893e-07,7.100302851317889e-07,1.5109953162431442e-06,2.293702397270255e-05,1.2692504963796141e-05,3.7360169681482835e-05,1.6634066809433068e-05,1.02351990652801e-05,2.9053264487987773e-05,7.881569176957723e-06,9.207106265369456e-06,1.5994294052222002e-06,3.9846281596685733e-07,1.2587472448242285e-05,4.069124466075231e-06,1.149635657325716e-06,1.7115982714353794e-06,3.7550928687748455e-08,6.613253735328078e-07,3.266921308398652e-09,1.103907142899791e-06,5.706631064624879e-06,1.2923058557080728e-07,4.766944857353492e-06,1.0874511907608696e-05,6.707934811570697e-06,3.649774081890426e-06,2.870787406549246e-05,2.1776367553777163e-06,6.695845202676467e-07,2.4243690692610263e-06,7.042344473495297e-07,1.1797813824259118e-05,3.4211579007478795e-07,4.717793886397163e-06,7.384336833883247e-06,4.276660559470058e-06,5.566661165096341e-06,1.3336744947044646e-05,4.090735273036824e-06,5.624108096039606e-06,9.639808059916894e-06,3.3343506171530447e-05
22,0.014494587257286194,0.0009867573469424895,0.0167494000816424,0.029339753102437565,0.0024403740063454115,0.04365139188771017,0.004540588864563472,0.011009706706940061,0.02646507330343247,0.016511289898837878,0.010015038715340752,0.004908018641966162,0.0038384508595127403,0.006567279529649852,0.0037342408437029003,0.006850842896189031,0.0070594850923840265,0.0040636406355757625,0.007619379044243662,0.011659668026777027,0.0010143841619623026,0.025371560363183943,0.01229640318572766,0.007268269243134254,0.013690735355784883,0.015005767445272931,0.004949974210700109,0.010932352061723284,0.023905947522589056,0.020696009023404034,0.009970264215210621,0.005970217094742766,0.0006762221979922685,0.002043009155816432,0.010034156258735619,0.003304283288606345,0.0237592014364214,0.0031144926271813754,0.01310068848016187,0.001418681736137588,0.0025662231025021308,0.007913561406796879,0.007155957461274084,0.002492341892300364,0.0017736446296415735,0.0005013967194037815,0.007500177170637032,8.580283777091733e-05,0.015273947286909676,0.002702144391355313,0.0013441195481722968,0.001306967121701942,0.002127872834122396,0.005438641806361655,0.002690058030588095,0.011887595409934781,0.009737291069102596,0.0032738898077538515,0.006362672821693356,0.010912720551778993,0.0048137499925219335,0.004695176498535531,0.013974230774961096,0.020030479144246556,0.015753143025917977,0.006263891391069743,0.005745374783744923,0.0018428855992051766,0.026699816108494957,0.010024492565966906,0.01047716185364928
23,0.003999247620003902,0.0006020458107286039,0.0005862552326978451,0.03624749729774123,0.014261697588496084,0.006978942068707585,0.00023033997722055055,0.003761588997465782,0.008572753307961003,0.005139460988942322,0.004192797367722401,0.0024800613124106455,0.0017557568905731155,0.0021814579522417845,0.0015282958086511949,0.0018119645041583712,0.0024514690688556013,0.0022299384148383645,0.0027645958269573554,0.002499152833854669,0.000306614372942281,0.007612870547378619,0.004496198479639693,0.010510976482741363,0.0031305702521088026,0.004017759834088003,0.0021061558083900877,0.0053772572101925846,0.0041497578821154905,0.0085316466634137,0.0036991867477788767,0.0010774901173724568,0.0326565447091133,0.0005318402943955198,0.0014156115333660208,0.00432684365097959,0.019262597150764893,0.003509394557940254,0.005293024497829128,0.0011301564340147944,0.000739036891600348,0.0037237410843210003,0.002942967856204172,0.00571032987785577,0.002822297137818338,0.0009093370291042249,0.0005373889504103686,0.029635823714172848,0.025659068926611902,0.0027287479869728525,0.0005838161759226489,0.00017671642571112566,0.001365305732480094,0.0013945071095302318,0.0010267296432121939,0.0017836462756312017,0.0018787929273082827,0.0009423370013772782,0.0031957497459709806,0.003067085155578461,0.00374067605713682,0.0013406493975373114,0.004178443909137756,0.016403446038752323,0.003992083041678243,0.004889291815748421,0.01621245358927057,0.0015273625889121554,0.0075322896126919555,0.01578595242110213,0.16192597663663105
321,0.0014749701908686424,0.0011455381942532495,4.086950979475487e-05,0.0029372090548381636,0.001854686231625698,0.00035214003664423346,0.0287290268537976,0.20215149492464846,0.0017573303970154278,0.004784219083710282,0.0006757197437832953,0.002322492919674138,0.0011682022646509404,0.004813570551617387,0.004684598608800362,0.0006708598113402696,0.090336834048188,0.008276194257415192,0.0003676566523452936,0.0011643031079150788,2.4628560069495405e-05,0.02274523402937716,6.410759386807336e-05,3.9915513214170536e-06,0.0003245522621122013,0.007412715892667758,0.0034592057141174565,0.0005992621685761498,0.0025520767602498573,0.0005656654665965124,0.0010775246749015852,0.0,0.039607334751887234,0.0,0.0005342969433470579,8.881191963059997e-06,0.00011888945460809037,0.0006488849672861593,0.0006021390347628656,7.786014984241982e-05,0.0004904481646876497,0.0009126473024079095,0.0020641525038333384,0.00013230953453737107,7.882679999232544e-06,7.237146756636719e-07,1.6029221403337675e-07,2.6906868057537522e-05,0.00407809261584603,0.0014020984633568022,2.4285074413159972e-05,3.992715874725606e-05,0.0003155061210984803,1.229557356636584e-05,0.0008750143247390256,0.00024058812767674032,0.00020937245285655107,0.0003838326660656289,0.0005642263193098865,1.9878605166168213e-05,0.002995887167402355,4.067901584618903e-05,0.0013747326661782884,0.003423011525498637,0.001022587846672083,0.00210632922515585,4.818023407428849e-05,0.00018483191705018188,2.9899494515419387e-05,0.0013810140002925313,0.0011212831268164031
327,7.96412717182263e-05,5.5777611062713136e-05,0.004256834799109798,0.0052677340012382955,0.005741245364716036,0.00011783175801117552,0.03930312834124278,0.005363114767858926,0.11603279180677806,0.009494292558685915,0.003051271579041305,0.0032930151210800594,0.0006949679579895962,0.0091505766986101,0.00947214564116706,0.0007207681816244502,0.003254152543281016,0.004268230954213617,0.0027334805057518292,0.0006960510670983007,0.00025958751425425884,0.0020245554899178285,6.626944351064885e-05,0.001841987834572268,0.0017852298049537193,0.0063314087284267635,2.7810049113543175e-05,0.000611773926133532,0.0001223299883807066,9.700221742682715e-06,0.00036788192117014995,1.7361693484926492e-05,0.00018941431367214246,1.2812813213395173e-05,0.00023960998328678853,7.957535622181406e-06,3.983447729228506e-06,5.09613462741981e-05,0.0002563694156703856,3.902194601224272e-06,1.078867106539784e-05,0.002198493887281558,0.0008775469689405918,1.738342976518459e-05,4.0349452255372315e-05,3.638066543318979e-05,3.972991387482596e-07,4.937841774960753e-05,2.649136251685054e-05,0.0016085601598646074,4.397468379047936e-07,0.00025095294976895324,0.0017038287180247969,4.0503872007898034e-05,0.0007180641234149346,0.0017461419661568155,0.00021693313318380547,0.0017357558154950674,0.0023283354143367276,0.0005088188577029676,0.0022676935647428266,6.10228159393281e-05,0.0007833245808005359,0.0003523997850023699,0.001916833175989068,0.001540111017995258,7.643281463118543e-05,0.0012664937795967466,1.3394789637811456e-05,0.0005921365748688495,0.008902697538620916
331,0.00022540335324787442,0.00011226545261790737,0.02201953587552639,0.00612488943035182,0.0026562017273591963,0.0005455370520264648,0.0035338161712984424,0.001860997791120418,0.01428470099704989,0.2883765011291002,0.21346322577327662,0.0992768556103652,0.011624665895942092,0.14581838509668943,0.07044009185541318,0.01664674186038645,0.04568795729071812,0.0386847163274563,0.0016747657301371746,0.0026229774313782424,1.5794986821788467e-05,0.006373034363710823,0.0003020879370527329,5.986184489314709e-05,0.0001403479499034153,0.006785761914021071,0.00027226804104958966,1.8250008839500227e-05,4.982316950148606e-06,5.406599455616728e-06,2.5452695396673445e-05,6.056093068618968e-05,0.007745050519867456,8.274552021393348e-06,9.958182265118431e-05,4.857750808189423e-05,0.00015076309893337033,0.0009773170447531993,4.3904765210226514e-05,2.600331569819063e-05,4.8842694886826036e-05,0.00047305395147420923,0.0014801706489059746,5.553329018334902e-06,8.668633756246781e-06,4.491076435279802e-07,2.9541866610550913e-06,8.055189307133466e-07,0.0017215735329345545,0.00029289684597608395,3.8250838629741156e-07,2.6117247646060736e-05,0.0005626460334460151,6.453994009623961e-05,0.0006699807930176369,0.0020363229987252185,0.0009488566420164841,0.00016853567142491988,4.967602799200938e-05,8.304452570444394e-05,0.0014436441771431491,0.00012069394339429185,0.002455239897013479,0.00017212081847416114,0.00017589941418612228,0.003322980346494122,0.000591303148684717,0.0021229711940963245,2.5868301444868802e-05,8.293802648742114e-05,0.0021794574952117224
332,0.002927542302058685,0.0014359459906756677,0.025751354483261286,0.010781092439675777,0.007257792506093177,0.003487370280852793,0.05379822640177006,0.023445438697912553,0.016290937420958797,0.04481245454840393,0.10233541604568419,0.059183437946341816,0.019209957762307064,0.08303711478215232,0.037154849711108086,0.03299652087698605,0.05713055264012292,0.025916411258800152,0.015403302593504253,0.010451950912632834,0.0026334754979158628,0.02828632543300741,0.01142184107684052,0.0013297836882752237,0.009825204721862683,0.027744690359024802,0.0012678168049941809,0.0011512517948486219,0.0007011736992178026,0.0005133003803437383,0.0011886457357243997,0.0009643510678506486,0.004110756252887466,0.017865808866279392,0.003787632769858476,0.003817577175063531,0.024634073136164815,0.0038597260059096794,0.005222253948743575,0.0013123269417388073,0.0002492268913893826,0.010851254223828367,0.0034652036402897162,0.0002514789025805006,0.00027224953513195477,1.0025313455774828e-05,0.00010807658188951675,1.7719174792567116e-05,0.0004963269611917081,0.004252573730311018,5.867472590045011e-05,0.0038125253988860503,0.00231697862995086,0.0008319479573179878,0.002188617950391603,0.022280895007269323,0.0022005877071311574,0.0003594245967662278,0.0019308236147531437,0.00014329497111026233,0.009578966861047571,0.0,0.0033700403609966934,0.005886925821996107,0.003081181481509483,0.015812417882777412,0.009579355536008896,0.00331047646505569,0.002454416836959753,0.0014921183260774265,0.018784494173814382
333,0.004329654582933864,0.0005010028536063183,0.02591364254327465,0.03662712041884292,0.026737026799828995,0.001063908239838006,0.018790146704111613,0.002862365549000349,0.0010574507783511198,0.008323520417844501,0.012031012708922099,0.084977240233848,0.00122495720154237,0.014830428622787226,0.04866468313044759,0.008887634811694592,0.0018713712191986206,0.004456078215378344,0.004686470272075546,0.0006575269374723285,7.725129601903641e-05,0.004964588846466559,0.016176654756907712,8.251609283320722e-05,0.005973275298591811,0.009267578583304573,0.0007750020532224059,0.0006329384715039088,0.0004598773221214485,0.0003995942894238624,0.0004569989674373154,0.0,0.0006948480124862314,0.0002860588381778307,0.0009780256534443832,0.0004886749532645456,0.0007294467141782808,0.008637486672426836,0.008177187569420567,0.0001215956751173291,0.00015014222029995303,0.00116449607216864,0.0018824007566701692,7.813772947941083e-06,6.069376054070595e-05,0.0003584115895958207,9.601725018364913e-06,1.9834535057438812e-05,9.87828823120988e-05,0.0021238090173012736,4.605561554849935e-05,0.002731810026001839,0.0010099401298302394,0.0006201344424593069,0.0037465992522016664,0.027173163902878432,0.004936197919831317,0.000859357091545267,0.0008204522176760121,0.0005980263080025398,0.0009469686471399197,9.527922131129766e-05,0.0015075944807260836,0.000234180510658794,0.0006768804147271637,0.007926574658345401,0.0027853547609007013,0.0010296332444450413,0.00042310475257983796,0.001967844592240173,0.008250463907049598
334,0.00010121208659981207,1.772345057675651e-05,0.00024962160095622104,0.0002671869599298792,0.0007184531108231193,0.00011403601512734323,0.0034631712878632165,0.008191350631599554,0.0048114712077381395,0.006484250079281643,0.013478539854250314,0.01642200210833464,0.104347875807701,0.025800121146888715,0.02927010755574745,0.046295127185106415,0.01209815328510276,0.01227657827885921,0.002323120599303907,0.007255592876094618,0.001589343480788336,0.005044318470174903,0.01240116337011923,0.0003970786384215049,0.004695191135911142,0.008397070081909694,0.01674306133401709,0.0030035375872712925,0.0012045009310244254,0.001335215799596254,0.0008476456964455722,2.9319486824714006e-05,0.0004696265379653887,3.680732741382589e-05,0.0004386394328175491,1.7576545566230876e-05,6.296058491945075e-05,0.00017985366513300247,0.0007745953830193742,0.004324160204178875,0.0031238411750875933,0.023493301382029354,0.011603747107406916,0.0006623878277639762,0.001775053778077124,2.113976085760277e-05,0.005320201011051116,4.0083751759003873e-07,0.00016147946376369896,0.0004144882519113256,0.0030699118837478763,0.007560279089789323,0.003799386247813096,0.014229273061860535,0.004519863033828254,0.00493314352310813,0.003130040544863992,0.006119525278528884,0.0012124292379310005,0.0005917749310767525,0.0019166496393084088,0.00010440487004415911,0.0008274338529487162,0.0010112792902077317,0.00016128053050107856,0.006124487975434845,0.020197931638974754,0.01172974209871714,4.972756509356649e-06,0.0008286898051756003,0.004712156086849645
335,0.007745845432255529,0.0006389364379892475,0.0005377596366509394,0.00040879595568029607,0.003624388182177976,2.1105453991309053e-05,0.020743840733650053,0.002315636083396592,0.000922176745951528,0.0065198305466507185,0.00842004524069722,0.04127238750637876,0.006348248936418803,0.07173327002161634,0.01669666356581658,0.003479684680376074,0.0015149139734131393,0.004902681255441783,0.0013492356456009573,0.0009497166407154561,7.160495440863642e-05,0.002635040952922671,0.001109464541402847,0.00014769810174352792,0.0013472349674325792,0.002866906116493685,0.0019957984882165696,0.0010460766152296064,0.00033720711669167164,0.0010564475872919391,0.00025432903413051533,9.706075986132723e-06,0.002265619050800922,0.0004511331882496264,0.00028993339394651964,0.001058170964627072,4.8969875918626115e-05,0.0001329750422245942,0.000865776909412732,1.3647821719822125e-05,2.503537813698915e-06,0.00405586424236448,0.0003949582407547763,0.00011745103757698881,0.00011376717763894297,5.013870985919184e-05,3.0064643474486516e-06,3.9004126409504185e-06,0.00039365212348279905,0.0009738491302724388,2.299606128859104e-06,0.0038076122800483037,0.002083201118463044,0.00016071683166390464,0.001463967282810922,0.007755145929550351,0.00036510427367242906,2.6738441131195138e-05,0.0007850174614195373,0.0018595812847332907,0.003513660855373491,0.0001607033385434158,0.0037172777274178943,0.0017033478154341493,0.0005601096094853879,0.0038749300126663167,0.004504128068196975,0.01017772040733838,0.0007947374638150566,0.0005774872458606685,0.00998248622889609
3361MV,0.001994923159911255,0.0011432013192770017,0.003188486769984693,0.007115260853151586,0.0027340630770928496,0.0002771941116456496,0.0013159747803360054,0.01253504281876985,0.0035602141214104046,0.0051203387852632905,0.0035067461567250997,0.025943569850079888,0.0025072990423877905,0.00544821162400843,0.28181820706352234,0.011703000085973376,0.005997511780133058,0.00399381078880858,0.0036652913801004487,0.003168102618741787,0.0009945485475773928,0.006283374589396281,0.0017320226841013016,0.00021176662740724793,0.0013432541559170702,0.0022554973975862365,0.003324078556350986,0.005826773555200641,0.005410731044153078,0.001041249176701109,0.003426633157818493,5.979152895973894e-05,0.0009258821894504245,0.00024595740875285073,0.012243564548262307,0.005418656705320002,9.665878848025778e-05,0.0008253064522225675,0.007446040163427355,0.00031696872607479734,0.0005025410406119843,0.0013262140275262526,0.0009367405437879375,9.36274747376358e-05,3.080359593168043e-05,1.7366868132460099e-06,1.331609765107724e-06,8.569419571097683e-08,2.364893566943896e-06,0.005040092106357023,9.396144272706086e-07,0.0001618898873947749,0.0011589816499975917,0.0008047734308395359,0.012320257177433392,0.010693334148677435,0.0005140393738265297,0.0006123525397892208,0.0021091700507440934,0.0006429992610355343,0.009559654315031724,0.00036873595309183205,0.0008640559950177566,0.0007556434250831277,0.0013174575255676965,0.01455271942981873,0.01425690474242655,0.0005978798977986564,0.03578707969406822,0.003942596231385295,0.0047539468887964785
3364OT,3.7185425057878954e-05,0.0001286532728754592,6.83114551063961e-05,0.0001489273739306743,9.840769438791064e-05,2.8961217611762753e-05,0.00011993188202189683,0.000164110465606867,3.245010330062954e-05,0.0002807178098785363,0.0002675188264433691,0.00147509492728567,0.00019061368068335914,0.00027003516105744886,0.002161738600191509,0.24347404309824594,8.151157101614317e-05,7.590690554050151e-05,4.706988639260324e-05,3.36644335787808e-05,1.0117117847287049e-05,6.101484940555671e-05,9.265181036315396e-05,3.929736594973391e-06,4.537723764562308e-05,0.00012132058916644688,4.9653220568897315e-05,2.9440669764387003e-05,2.5292085154661555e-05,9.442870319894571e-06,1.6981683700605878e-05,0.004941891694333493,0.014409547142337036,0.015926557342022394,8.229044218079742e-05,0.0010848696118508844,8.88321320929618e-06,0.009239786410724253,4.513508870098707e-05,8.376943941665325e-06,7.19633020473838e-06,6.486375906440559e-05,2.6953253616707307e-05,1.648761168353093e-06,3.365079956845655e-06,1.919348610612558e-06,8.053836784711945e-06,8.049208528075691e-08,1.832686417754741e-06,2.772708735222663e-05,4.7554885138201555e-06,2.828999426838598e-05,0.0004642777717055999,2.8520091510651986e-05,0.00012129093777646716,0.000695046697931803,2.850074653043937e-05,2.0444679989581054e-05,1.6948351092888043e-05,1.4116548998487113e-05,5.056772304890233e-05,3.499049485505201e-07,0.000400145314710714,9.437920661720244e-06,1.3543963883924734e-05,0.00020609169346051006,0.05237192242963082,0.002751921580906896,0.0001588148478929397,2.4693781093775033e-05,0.0004724217233810961
337,9.573343874199267e-06,4.973623478626476e-06,2.0734692536914627e-05,2.3279341773998874e-05,1.4024150752166321e-05,1.012021109482994e-06,0.008657559267094045,0.002368529234952382,4.9428481552854384e-05,4.651040248350954e-05,7.908755980431739e-05,0.0006217058744137309,0.00034471470176551753,0.00010041627544598576,9.192472110365305e-05,4.88454649372108e-05,0.039625367313994575,0.0013556797193653401,1.2313089987998773e-05,0.0002631378888765134,0.00013831493588566728,0.0001243037885387842,1.6551350547595683e-05,1.8216720375892052e-06,1.1759290877892863e-05,0.000985627575412782,0.0002551764184471672,0.00032039685600044677,1.079994843177585e-05,1.835413822331674e-05,0.0008181015804028497,7.558611318867842e-07,0.00014274311177688722,1.1071954389933151e-05,4.3595251401162465e-06,2.8617256813076736e-06,1.4288703815682451e-05,2.9497216394374397e-06,7.0571732476755825e-06,3.0865612435107388e-06,4.416686318739563e-06,0.00010928838378286955,0.0004264120026766227,1.2785110978627713e-06,1.2597824346567133e-06,7.080173953374162e-07,4.3690673967797125e-07,0.0007572496372087966,3.897803642919969e-05,9.202868020267834e-06,1.4848606479898289e-05,7.3930083512056635e-06,0.00014664255906099164,7.802224873913963e-06,9.731491838102074e-06,2.222667134656743e-05,2.785154727101702e-06,0.00014402790269930422,0.0001356521631302822,1.3320949082552355e-05,0.0009452265595353279,0.001285044093172589,0.0014078218602535943,3.0411122448612137e-05,0.0002685144333346159,0.00028346444149111703,1.3745338030971813e-05,7.377023097579013e-06,0.0005451749995114899,9.752758017973706e-06,0.004138557704735814
339,0.00025200006043103816,2.3405152776346845e-05,0.00019840209386437399,0.0003245640882698923,0.00014306133999877668,2.3044570611303347e-05,0.0010788753437704695,0.0003668661446521754,0.00038841966254472154,0.00017077732545332599,0.0004200284386669851,0.004461785890650806,0.00033370162864038383,0.0028517459603254907,0.0032234074303040144,0.00027337887467489947,0.0005997597943414587,0.024878310615819355,0.00015125435492251252,0.000586425495366919,0.006867971274195507,0.00025383294655592783,0.0003408278943914009,1.5797934302831646e-05,0.00041073339486586975,0.0008619971147011861,0.0004655090832450865,0.0007343205686757955,0.00040446077552669,8.701147777593894e-05,0.0005072151668935599,1.2923247675932331e-05,7.038798635555759e-05,7.171371876188452e-05,4.204340215179837e-05,0.00015475456702157702,9.874455573710521e-05,0.0002803682798294079,0.0005416845256821882,9.686977889259613e-05,8.15465203400132e-05,0.00021146638211358402,0.0002540256684267853,9.002723031830938e-05,0.0001153259665044955,5.4970113445507014e-05,2.893448658061576e-05,3.30969388823735e-06,0.00015533900999595765,0.00016123176901480443,5.476924641281164e-05,0.00010417196865440963,0.000829083870041803,0.00011420922849775322,0.0014752746618416637,0.0018111222515137199,0.0005650585352271232,0.010993528247034576,0.02090035052990424,0.0010712400687494818,0.003448121906939973,0.0006281283121537596,0.0007905274313029094,0.00016068648512582243,0.0005828390639104516,0.001793070109611551,0.0036513773183333834,0.0008600410102637361,0.00014520962442921486,0.0016923736586038698,0.00035786094903810775
311FT,0.07049606072081767,0.002192285992187762,7.770477079827452e-05,6.160091970604652e-05,3.754890596540592e-05,8.40242993896031e-06,3.141227045043647e-05,0.0002960180627916476,0.005590520274988764,4.618674984190101e-05,6.437191209889649e-05,2.2416054682982335e-05,2.1373093966558093e-05,7.316623505250106e-05,0.00012231646944015081,1.400392716843161e-05,9.063126408157327e-05,0.00031354642309441275,0.17301203742792504,0.0011128455667504997,0.01059288626154226,0.0017645086662212651,0.007506424810934311,0.0008375553510548113,0.009452226564419582,0.0016188997741007475,0.001207960623027363,1.5110499943859344e-06,0.0020604958681736613,0.0007102954304875841,4.65662422856409e-06,0.001036825467721274,1.4173589336486573e-05,0.003963384658700547,3.524352348145306e-05,4.217820679287393e-06,4.495918252947764e-07,2.8145323974754856e-05,6.13740908636735e-06,5.175759744739234e-05,2.4572377520526224e-05,3.310545148447344e-06,0.0004910379659818813,5.272832259128949e-07,1.0397180272317146e-06,4.5320621106469737e-07,1.9404149689121735e-07,5.626728879137733e-07,1.9493303424669733e-05,1.732242948104902e-06,7.950981883320204e-07,1.6194813857290904e-06,0.001789354022499546,0.0001594490074353216,3.3384393430087795e-05,5.336918038562905e-05,0.01245745487102613,0.00011858281638676818,0.005594700666279011,0.01626144117224405,0.05931452552921857,0.005577109037828532,0.02280497588123263,0.014020596062637052,0.0648364726063642,0.001106626405180576,0.00696264881565182,0.000248354206950962,0.005835745354366211,0.03401848783418338,5.4449555986549274e-05
313TT,0.00018972158801787014,0.0001342463416656443,8.412552396409748e-05,9.667432841377109e-05,4.605492580106402e-05,6.05726377941091e-06,0.0007250851918920205,0.002962312946317836,0.0015787081858390868,3.184604425701773e-05,9.965819600716109e-05,0.001726331861054336,5.081230237169556e-05,0.00012456228714556556,0.003012996394926996,0.0015041003780085968,0.03505711800287548,0.007848276597618145,0.00011521178687739243,0.15322469802447902,0.07133824119536417,0.015243400220817438,0.0029610037901791376,0.00018584480502235106,0.0008353096441980625,0.008681325869391883,0.0005136290921779047,7.964917997775253e-05,0.00019724615146681052,0.00942632064318508,0.000757271943441558,2.0713229136128173e-06,7.455186951109014e-06,0.00021814535163018286,4.629481123308152e-05,1.080622954316169e-05,6.042982764972715e-06,4.563190225229152e-05,2.138027759504878e-05,2.1209634692026742e-05,0.001003078111471227,2.3470510447996538e-05,3.230376229500966e-05,2.201275023241581e-06,5.632669907081723e-06,9.634654458772763e-06,6.269917403948786e-07,1.323800576721955e-06,3.988486369226189e-05,0.00026819021246800735,4.5938688824785175e-06,8.619149971913685e-06,0.00019362223265030547,5.429484902167705e-05,0.0001690490085263842,0.001084560044027678,2.71685889001577e-05,0.00018051354319802222,0.00030704793943726893,0.004219372935528261,0.003139951502879877,1.586616553928774e-05,0.000289950055404233,0.002880721092586137,0.00024884436135376914,0.00038961219951965916,0.000920430195002068,0.0005709674280101407,7.355392877068974e-05,0.00048590800448941373,0.0001557852706048416
315AL,9.325251883968777e-05,3.1978801101084227e-06,2.365276814730141e-06,2.1122909465809177e-06,1.6007113605872705e-06,1.7251138538375444e-07,9.301540421461563e-06,1.8081141742405944e-05,2.8789520629293063e-05,1.7031997204277445e-06,1.9408621973258467e-06,9.252382693997037e-06,5.755335656139192e-07,3.0849650530694273e-06,0.0014667359151524393,7.597164142532842e-06,0.00017341344845214093,0.0007188940545229817,0.00012137679025669828,0.0007696137273671805,0.04009364870208798,7.848469108436672e-05,0.00016972081713042219,4.322467287160312e-06,2.4672929132273202e-05,5.9861207545854365e-05,6.862935777268048e-05,2.180274330880768e-06,2.3560075230783326e-06,0.0003235251208232965,6.857562495563176e-05,6.715491852235472e-07,2.0529068515689065e-07,3.5868205614719495e-06,2.756541190139559e-07,7.227801228779351e-08,4.483278220909018e-08,2.907384984065487e-07,2.569321531836042e-07,6.812292064037419e-07,5.293653015376722e-06,2.5317231952491524e-05,1.1360488165262002e-06,1.0547379913648706e-07,1.5996042295754627e-07,3.0091190040736247e-07,8.502067876326424e-09,0.0,5.522373898514829e-07,1.5967489031271038e-06,1.0902795844770375e-07,9.213517791859828e-08,5.201814097313505e-06,1.1471091959103571e-06,3.95283353173609e-05,0.0002837764340687756,9.729438542654129e-06,3.933607968409406e-06,1.0524226388721447e-05,3.1858974567788e-05,5.4759000300575905e-05,5.794103791515506e-05,0.00012847068521849316,4.2878333297303045e-05,5.351902992376479e-05,0.0007247445832527647,0.00030470665848609163,3.454008240208864e-05,0.001519382071044669,0.00032108021810620807,6.013702735242158e-05
322,0.0009050850399361215,0.00010924388892808251,0.00030755389839290354,0.0014838488630959156,0.0008244493261683489,0.0005580495679660096,0.002023973771179422,0.009466128837785345,0.015869081960249675,0.011525822456063109,0.0056633067694272865,0.00452761323546797,0.0017037751365301425,0.012004917806145186,0.008864354947424474,0.0014485901022132331,0.02167392721380827,0.01438038274787102,0.022905273555339695,0.009269790474137196,0.0020084438447463154,0.23167136641718988,0.10412910029891398,0.00036141951582526806,0.00660125181641236,0.018319886685159253,0.003010468055690465,0.0005410455604268012,0.002664803578892023,0.001104003493272466,0.0012202586225617865,0.00010359943703741855,0.000595866556266736,0.0,0.0005294758631283688,0.00964708804690508,0.0004244180048037864,0.004294769696908949,0.001136125811845923,0.0011198575818492959,0.0004397326364836171,0.00041710907871273856,0.00041916805649614536,0.000688860791297214,0.0008247671514745235,0.001147761404977511,8.099860535264774e-06,3.9786502675535276e-07,0.0003827957232965462,0.001970858275078389,0.0008816853667549606,0.0008299391309427689,0.0014174811944798272,0.0007897513201652543,0.00451608556089572,0.002530754952154994,0.000924245330944111,0.0010305610028525424,0.0012335717788427999,0.0023954561894667533,0.004194656355052874,0.0002114551717111696,0.0010016907777350445,0.011225762324503693,0.00447980137175638,0.003704904987167469,0.0007033209403689934,0.005484530127350059,0.0020925638418068174,0.004717256082768447,0.00023223535543602964
323,5.32964521206161e-05,7.090800023496846e-05,9.171330770768257e-05,0.00011897348163189581,0.00021740306272096047,0.00028278721409565635,0.0002665283269180809,0.0002040511850156066,0.00019159061856832246,0.0014928320035135607,0.00017449951705179184,0.00017114362000704368,3.507309067552727e-05,0.00016547704799719801,0.00016312443711539927,8.549329257615398e-05,0.0008006412853367523,0.0004128494366436033,0.0002039229612838193,0.0024395710577551012,0.0011749419416475805,0.0010571215899298665,0.01198993101286272,1.9243461679968858e-05,0.00012852645622515356,0.00033356114161084286,0.003634114063622775,0.0009063047995779625,0.0006125785042928457,0.0006850843128725784,0.004783781774767415,4.771320690383348e-05,0.00020881704870271412,0.00015019577320334084,0.0003546122676424028,0.0010544614601382626,0.00029784856014678765,0.0009863086444554562,0.000183762827106512,0.0057736166211304315,0.0028670638914713165,0.0006252962263195987,0.005788046245830387,0.0008399860342787816,0.0019015817712371597,0.0025816153688211435,8.438871819437313e-05,5.449503069168182e-06,0.00028328381670604806,0.001003629220178687,0.0013370515240405596,0.0007429832452233655,0.002089108301299407,0.0013203136488725443,0.002402512261372737,0.00027074122722771425,0.0013500031760004883,0.0013393784491556623,0.003278393705459021,0.0006554315542326632,0.00580623892148603,0.0033426617428712045,0.0015501483959191136,0.0025975606718726383,0.0010339363972509312,0.002077532563595312,0.001852337015619822,0.003487192923272629,0.0006069410332650741,0.003638810962356444,0.0013425333940269202
324,0.014116855366824105,0.003705347344726192,0.012561407326393331,0.018374048435014226,0.009372394510933107,0.0246306461832292,0.01986995520052224,0.00577559664065527,0.0048447131925613346,0.007105958745892957,0.003744706915288744,0.0023991955146231547,0.0006281263014332814,0.005549238988289679,0.0012396617959763827,0.0004041050204467167,0.003624393550376517,0.0061074920301027414,0.002302799822201079,0.009438266994271902,0.0004940033665088202,0.0069512054695369755,0.009522543159002896,0.024244730408380377,0.01864014614315476,0.012673095956759316,0.0011971010046298003,0.001875468876381279,0.000955602499453027,0.0005082129482694782,0.0008569520701244841,0.08254295927753821,0.03127795372439774,0.06085052087447151,0.04748866633664037,0.022448053793184465,0.003214324750252589,0.026380205861529327,0.012550572276243356,0.0003710844035159822,0.00042699753066232596,0.0005267266099730572,0.0007419868353518317,0.003276404411865709,0.005502882713742299,6.555462117559253e-05,0.001916761634142827,1.984650977678651e-05,0.0024634180525221375,0.0034264269827814077,9.518685090780259e-05,0.001614731943648957,0.0016680876205742942,0.0009016349676956249,0.0049388866836788834,0.012928828882180788,0.0029740230542589863,0.0025903433093674598,0.002000770816713251,0.002770738411401362,0.003131739453929838,0.0009339866659680833,0.00415287346711757,0.002418502599504366,0.002968358259505596,0.0017597611207864992,0.009285943839798414,0.001774431923504015,0.011003124477299855,0.031336673791335506,0.04584180569817576
325,0.04665262796652725,0.017238125809935768,0.021133262315835302,0.0167338572391657,0.010052570574116869,0.0019533774364826227,0.008556602182447987,0.04398726260250752,0.027541905064930317,0.005577273142646255,0.017357218764156187,0.006218526821095873,0.006273380837801523,0.019650179805892676,0.018224565300786706,0.004006348851735081,0.023881545695578148,0.03553323347465394,0.009355912138917089,0.20829780945056492,0.007316837289942052,0.039410586561476606,0.05319035296892427,0.040885661833555076,0.22382499876572826,0.2474514754394423,0.0010063924996978686,0.00038621730739128794,0.0002877276058971355,0.00014118239797576015,0.0004952999806160351,0.001260017732532096,0.0020710351154193066,0.000988888843958163,0.0012881467936124678,0.0005421297701372367,7.65998416484889e-05,0.0005484775872198853,0.0015669769325697541,0.0005621745781119939,0.0016355048067789105,0.0007750163545598223,0.0019801837538974214,9.090762057088121e-05,0.00021245877320833414,6.755376349772761e-05,5.179071562781941e-05,0.00015740871616136474,0.005272635457422867,0.0004024652609154684,0.0001789874351803589,0.0004295663676467684,0.022485475034099547,0.006858942838711272,0.008484424717355587,0.011523002119743572,0.002223757169850819,0.03172454261423284,0.020146169306598107,0.008413579113660453,0.0028033342115537847,0.0011590247342289069,0.004089608961319451,0.0004896101654873951,0.0020210664957692145,0.003153495901850666,0.00452598649020016,0.0075937885440723225,0.001090130361405302,0.01812163350474828,0.014161912469571939
326,0.0035217723582334445,0.000793118551407369,0.0003715963177610603,0.009278686699135334,0.003872161690525719,0.00027573720170694967,0.015372076432669406,0.00842572591700208,0.007735435447531117,0.004803090716267218,0.005760882372622741,0.020345361799335836,0.0066422813345352015,0.01659550886861539,0.030480380044978977,0.0063243047591054835,0.03406481314144213,0.023451812781756044,0.019044674546149498,0.012445716495975315,0.0087604401647652,0.015098377674120271,0.03421812766207212,0.0005457539957726724,0.010764699169522362,0.07164892356024233,0.008658239655334028,0.002728724518824756,0.005001738819180211,0.0018116847569264061,0.0031637101597189175,0.0008651632778391985,0.00011318979810855406,0.0,0.0016164007813394459,0.0012665078643626314,0.0006737508161250188,0.0053330354559699466,0.0013992729871689406,0.0004154197730478039,0.0006474957781811481,0.0054385628456715416,0.0013996331641871562,4.476589474176508e-05,0.0001766884550299533,0.0011622437180378662,4.242604314764582e-06,9.364342896044968e-06,0.00030719869463237854,0.004512341756744821,6.34583934239021e-05,0.0022273231706571232,0.002949065212130884,0.00017418790258082723,0.0025106768117007625,0.003290998077173342,0.0012631027431240828,0.0072177607834675184,0.004936193400993813,0.006623361186876869,0.007237223033286535,0.00017869831178247855,0.0016641904094331125,0.0007770018093068762,0.006728017005796813,0.004168509069890002,0.0055842302867310685,0.003120678785292285,0.0003306726641543619,0.005460860814246812,0.011691523841414255
42,0.09301366715137929,0.03165502050888289,0.032037037325725305,0.041053210822041795,0.022115481467516924,0.01159425107304917,0.05586362782895129,0.08967612084633386,0.05270599077309325,0.0997315780176804,0.0600311934444773,0.0807152662302767,0.04443339032528714,0.08778698424646918,0.12087177093469953,0.04392179933379273,0.07973717938448299,0.05499267393957743,0.09220447282938246,0.06685047916293281,0.052866970652168076,0.07275707329756251,0.0506027658046374,0.03915729468715233,0.06940460374344022,0.08244920090064659,0.027392579777782644,0.012570473414066445,0.007775197997105768,0.008763072680198124,0.015352165384101422,0.012928384671530764,0.027373788274961227,0.0308582526324402,0.024934899592232163,0.012952190200615733,0.006800886841649805,0.01608237484813263,0.01353249125888365,0.02364163657950046,0.0016549541805174527,0.019605660995854465,0.007733951809443628,0.0018766206363584428,0.0033492328572509032,0.0010719483896489603,0.002806845828290813,0.0002158968581054394,0.003123887311661332,0.03519734132903201,0.0021328474479492044,0.00700785735961898,0.014299166849358667,0.013259096523763532,0.013076143630137007,0.02678405967562108,0.007169191921816119,0.024374083188874743,0.020497824326075317,0.0120236036123319,0.023155402602881167,0.0035585943262340953,0.015085818178958465,0.011076330945987131,0.024591639560175085,0.0148422828792373,0.02900477569306356,0.014400996467469139,0.017308924977949454,0.021618350879779775,0.04093863104376248
441,2.2452596083316517e-05,2.9610386428688567e-05,0.0007245030120301055,0.001939254252871457,0.0008618245451637313,1.9152226401320135e-05,0.0013270091112254666,0.0026097987709382256,0.0013160200061474768,0.0005051333025026028,0.0010128725377363608,0.004897967470929529,0.00042324608903164036,2.7287340535611667e-05,0.005440285394048575,0.001632256107307818,0.001470192042138388,0.0015204078888687014,0.0012891564092157885,0.0004175519919970513,1.6220129579640086e-05,0.0019634889910121753,0.0005878395282670889,1.4690005261331644e-06,0.0005252851003189502,0.0005868275276437298,1.4361659636458181e-05,0.0014217841254887675,0.0021001531819039554,0.0003549111736215813,0.0013314403627531514,1.989915667496554e-07,9.509505789280967e-05,0.0,0.003192342791265182,7.980609622851237e-05,2.9883371398981645e-06,2.5978718965190105e-05,0.0002827471152449908,0.00010981773260718936,0.0001815542855590079,8.236125635743801e-05,1.8231088627564305e-05,3.594770482315805e-05,1.1593640979069146e-05,7.229842297469669e-06,0.0,3.658351279250191e-05,0.00014607533071383895,0.001824947738503328,8.412574389502276e-09,4.9389122965119455e-05,0.00023628705448313438,0.0,0.003125673556634733,0.0005267820451780418,0.0,9.516291034958311e-09,5.084798829254291e-08,0.0,0.0,2.4012053991778767e-05,0.00019217194000552797,0.0001678302122674466,0.0001724343134193654,0.004864484327113801,0.0,0.0,3.368285132098323e-08,0.0,1.2640077679929867e-05
445,9.170519627124199e-05,3.815250231326006e-07,1.828781412017712e-06,1.0183598332549738e-06,0.0,8.060434620949205e-05,0.0001015099688467341,8.670279028862681e-07,1.4864970242140892e-05,3.553773766472135e-07,2.064426638723238e-06,1.567856287744441e-05,2.7170696316036874e-06,1.9258523729498464e-05,5.340046129124181e-06,4.9387050234141215e-08,2.978520018505664e-05,2.8174712606699626e-05,6.406582257029933e-06,2.3449009812987637e-07,1.4732386506230878e-06,3.2430500719773496e-06,0.00021683401379110647,4.3039343619909456e-06,4.4360797024454636e-05,3.222124994421296e-06,3.264678867185574e-06,1.6629737889620428e-05,7.397448634316461e-06,1.5120250856225213e-06,6.45611271979791e-06,1.2963714722037274e-07,4.1382788826260366e-05,4.304369234806129e-09,0.000640390898474594,0.0002731799075111073,1.2323731500546743e-06,0.00011232338267634301,2.94262999089771e-08,1.715160676497508e-07,8.236964455603483e-07,1.0754747109696742e-07,2.4368310667919825e-06,3.0103951408085422e-06,3.4735300348933794e-06,8.70011620871129e-07,1.0167132226159506e-08,2.573092608666551e-05,1.6788755710885463e-05,4.78014092192593e-06,6.817576904404105e-07,1.0398289788508976e-06,2.076193207703795e-06,0.0,5.895839142250965e-05,1.403188929879365e-06,2.8796562304973104e-06,1.9067237121117888e-06,2.3868388535304133e-06,8.073661179318228e-07,3.548673389842931e-06,9.32112558390726e-07,1.7316345417459698e-06,8.585664042641035e-05,0.0013182625389811652,1.549955460586517e-05,0.0,1.0504820986523373e-06,5.07424283816968e-07,2.0542340884763694e-06,0.0
452,0.00024640795987768306,7.747856897319037e-06,3.447958251603624e-05,7.169154645027017e-05,2.9585257055695857e-05,0.0001885117052743832,0.0007864971013796968,0.00011175216885823429,8.607095588175586e-05,1.917645853699603e-05,4.571737221969617e-05,0.0002498098313347388,2.885256574266204e-05,0.0001016035188407949,0.00021923786212415142,5.611054280330303e-05,0.00020598062009875013,0.0001991793513625184,7.762791017223862e-05,5.3945266725791714e-05,8.065545912613425e-06,8.441983169340384e-05,0.000741059784751609,2.5687785084252447e-06,7.334927489418247e-05,3.5996205805022776e-05,1.1159445633246463e-05,0.00010840983581565432,0.00012358987277668617,2.620950632192809e-05,8.495698824670163e-05,8.281363755902151e-07,0.00011381403028555986,0.0,0.0018017284833626481,0.0007244457807752529,4.1453432120378585e-06,0.00029787364751114663,1.0087557790169134e-05,4.477106955480127e-06,8.748863477217011e-06,3.2159165809906686e-06,8.494423339360022e-06,1.0940651029718564e-05,1.1797441658421258e-05,3.005819032493226e-06,0.0,0.0001358900824329025,0.00011048376382074849,0.00011883049924439921,2.789145336916018e-06,5.217872671983814e-06,1.6126131919637446e-05,0.0,0.00031257965699078914,2.2705045385092403e-05,2.069185845362164e-05,7.87588038071509e-06,7.728411914165342e-06,4.667785366629201e-06,1.2381896298094924e-05,1.1310454258267546e-05,1.9513915571316605e-05,0.00028251511894487484,0.00029385516803677523,0.0002558747340325811,2.8485434922431165e-07,1.0958824111952109e-05,1.424211244578054e-06,6.799245056331405e-06,4.5402974170884176e-07
4A0,0.0029748201251743648,4.7421329023290935e-06,0.00022418677718053225,0.00092510590868425,0.00011912742593003835,0.0029014469785537556,0.04150738597691511,0.0032096010689430274,0.00019445626791201277,9.387236074543726e-05,0.0002811904400211981,0.0017358591521955593,0.0002434523014787914,0.0013041529576287023,0.001094080170104121,0.00022750721720767728,0.002211390445380872,0.0021089954904735552,0.0006097722231559899,0.0011112792081100298,9.880858615840466e-05,0.0004919184338962824,0.014634671561692514,0.0002631554025861237,0.0027145463081205243,0.00029921296516934596,0.00021923522305346204,0.002993279319117291,0.0007118385145390795,0.0021226909291355723,0.000886166438148206,1.0285973602174915e-05,0.0013735779795222113,0.008140288120159033,0.02288873197603199,0.008879377543630272,8.253628891751834e-05,0.004478447999193278,4.4345642077723505e-05,2.773382595890956e-05,7.694852397537833e-05,1.725937754910109e-05,0.0001628542826217124,0.00020114695911892943,0.00023216251509344967,5.774917462690643e-05,0.0,0.0017450197655887682,0.0010512912493995906,0.0004212042128307319,4.9858179766240606e-05,7.823761655279092e-05,0.00017878237106944923,0.0,0.0014678283979103295,0.0001669722482158468,9.783780019549554e-05,0.0002913103940434257,0.000161441109831028,0.00035958039411638457,0.0002418539001919087,0.0012084078731840527,0.0011612043741636077,0.005698029573673548,0.006570597746184873,0.0019624956467890497,3.638811743660337e-06,0.00013859878256727149,1.7132814057855255e-05,0.00011409278074340865,1.745248731406808e-06
481,0.0010260936830834245,0.0016972153064399936,0.00016140432134941518,0.0004044263729807805,0.0010824163873222594,0.000691331411060239,0.0005540293734244138,0.002402902283689142,0.003951218361317613,0.0010871486316151328,0.0009276454390174389,0.0007960611964202084,0.0002556455192067571,0.0005511288696047489,0.0008660594534712522,0.0005788476994554901,0.001162071343653399,0.000824750847467971,0.0007516926490570711,0.0007012545467073741,0.000377122601459706,0.001304565937428659,0.0014985716384278824,0.00016319776437730466,0.0006088527851905646,0.0016160910608338365,0.002550166923102648,0.0005093517309614708,0.00021972107798833203,0.00020287070636760594,0.0003529933610347755,0.0011866414851384732,0.0002518887911400891,0.002837034824903079,0.005510932231280636,0.0004842778745899864,0.00018959481277804928,0.004262492197750207,0.0019398497734153123,0.0006352453006189279,0.0010367013440396398,0.0005035768908586055,0.001988893913580895,0.00306145805820706,0.0031268041365192277,0.00010306262191735691,0.0014352162920403127,4.32915849518124e-06,0.004833123557359733,0.002579517851322368,0.0013472174156222891,0.004132318799265848,0.0013537515685001786,0.00045192229937585126,0.002953813284904063,0.0026995890036418503,0.001722310770760294,0.002071045062599937,0.0004115000868191109,0.0009689491377384346,0.0021664152199423617,0.0005157474928466338,0.0013304423797007292,0.0006218972047558693,0.0017082812201942863,0.0005221036429649571,0.011660016478043753,0.009911827775046216,0.00415003185583802,0.0014154073040961073,0.0003599001123097281
482,0.00506064911075135,0.0005718981622645848,0.0014533457208790348,0.005854148654679559,0.001074070917036648,0.004144738039098581,0.0013496504513097055,0.0061026441854241,0.01445536818895186,0.011897891987506265,0.0027013821535959923,0.0013357885814355942,0.0001902976630881074,0.0021409001330688687,0.0018535462057225035,0.0007172664860811184,0.003329097902686311,0.0015351466440435507,0.006028963513599404,0.0014467450606629332,0.00015306410487560482,0.0117875925636327,0.0015328794810816827,0.0028102822855988977,0.005566062532339055,0.0071732016505556525,0.00010771702523853599,6.664912622601443e-05,0.00013428632475932567,5.218095202156772e-05,7.071711160114278e-05,0.0004848652650249509,0.0027512043414461562,0.00036160271827401165,0.009314105131936238,0.00021533182393893978,0.000120005754121648,0.0007680558357719866,0.00013583179214069464,3.443706868163277e-05,3.363853681719297e-05,0.00022227595889666465,8.616250269767145e-05,4.566621024304519e-05,7.451381783878316e-05,7.732766696901833e-05,1.1961209474720438e-05,3.0440556740413337e-05,0.00014160967407901004,0.0001710521056064711,6.701793272673303e-05,5.756407664018931e-05,0.0002525555358991649,2.926140350925775e-05,0.0005805768947546336,0.0003784479577765094,0.00015002858675816223,0.0003566369734523452,0.0002173120534380643,0.00022436581987811364,0.0006914638965650913,8.874962932072831e-05,0.00034067831842068703,0.00026723818409107994,0.0009428155463199186,0.00015293736807485758,0.00043548763855508373,0.0025685449008926264,0.010229352316692204,0.0010263956759703084,0.005533751704468387
483,0.0019986641285667595,9.240821565839372e-05,0.00105744512932488,0.0013889045070841189,0.0003587628362639713,0.00035627278957081843,0.0005730065603219221,6.825423171834823e-05,0.0025552818011565373,0.0016363535274924762,0.0003786354306474215,0.0001624749459331679,4.208486446339301e-05,0.0005469393404121988,0.00012571368612396264,4.221317508395413e-05,0.0001854848727157895,0.00033360510373923167,0.0015968586335353935,0.0004989161939565715,1.2579112470502691e-05,0.00044607846818150586,2.0756347206914118e-05,0.00022618847694515811,0.0008925581094231633,0.00042300388635161404,1.3943278288830648e-05,4.1804783083742593e-05,2.3184894751579414e-05,1.0298127573992366e-05,2.1398630737488298e-05,9.741147554653468e-05,9.21658477281419e-05,7.26474249028719e-05,7.560327576676862e-05,2.4304486655728434e-05,0.00012251201423571238,4.503505897499219e-05,0.00013720335291534064,2.44281989269039e-05,8.4910760696369e-06,1.8663772019864043e-05,2.7080212932653038e-05,4.437211503953635e-06,6.5090020902508145e-06,4.6160200327255934e-07,1.8407249507161504e-06,4.351234476852968e-06,3.0515838683750363e-05,3.356175199686123e-05,4.0514014498544356e-07,9.171547916210833e-06,0.0002346792011162936,3.3108437368780904e-05,0.00012182202604513998,0.00013983367532306842,0.00015944343822657062,0.00012125580950123042,8.486396527048545e-05,4.919363120951295e-05,0.00011031575301742229,2.0692388424914284e-05,9.212554063169126e-05,5.207029287855077e-05,7.88038197529452e-05,3.715569624923499e-05,0.002901786906784059,0.0005089729588057809,0.013452181205783054,0.00033265017396106103,0.0005491735121835878
484,0.0221076535734334,0.00828645510534871,0.004137998239173669,0.015079716922260176,0.0035300885291316216,0.003421488137084363,0.01504305764452259,0.019941497624546434,0.03233434628612305,0.03099429919423244,0.011569445372154305,0.010406045784046651,0.0037592715800408762,0.012292020981368909,0.012518620995495989,0.005865945778306224,0.01869831509099454,0.008596057668322523,0.03263123371193606,0.01774824380838539,0.00916517576282866,0.018643434256265124,0.009735963047365851,0.01199352944319761,0.0089872487846501,0.011629342350159437,0.00551418152365284,0.008225307544344232,0.005420222305523187,0.003527617150180521,0.006505260356717575,0.01241357516158376,0.006304853008853869,0.007460135507098228,0.03727757334032333,0.0035662951135125524,0.0029360509534292465,0.022929479483462186,0.010110873535980868,0.0020299334851640823,0.001040025737643338,0.0015058209936211907,0.0023639388611056277,0.000251481902552592,0.0007387344859196176,0.00027668046665653835,0.0001609335880825873,5.328057483586068e-05,0.0017236547032913887,0.0027676831026850774,0.0005235272660595515,0.0009680884983908054,0.00219189955572168,0.0006095812735840805,0.002270285268033435,0.006757451507843671,0.0013901990771859882,0.0018574940525055116,0.0025860773158749156,0.0018218278234864425,0.004323232718202224,0.0014333791310339804,0.0031947275699969703,0.0023399983977389406,0.003325971153520578,0.0026436632576768335,0.01105269607731619,0.002049442988637409,0.01585141805438146,0.003501348274760984,0.006070937035227854
485,0.0,1.3189959857675312e-05,3.233657218094895e-06,5.111450948676501e-05,0.0007316942091339398,0.0009191310273537586,0.0004565076960616341,0.0007454966230608246,0.0009359975593285225,0.0003695839681634823,0.0005124529343876559,0.00033897547706137916,4.817740093872124e-05,9.869375265907535e-05,0.00018759773156685523,9.234436719355416e-05,0.0006894135880077555,0.0004500220858908046,0.00023211110740976553,0.00011046376195425761,4.4281060823262556e-05,0.000560992148673547,0.0010000951990066288,7.486625072107985e-05,0.00011416024516515592,0.0006230554482485122,0.0007697693550887237,0.00040591098334412915,2.3314098550497353e-05,0.00011259592670718312,0.00014698555053770625,5.842764838131335e-06,0.003215506160723556,0.0,2.4844038931089347e-08,3.8732814511277525e-08,7.248861339324898e-05,0.0006129702114375874,4.0494626749312926e-05,0.00046880661036929986,0.0007787284126044575,0.0005997575878543281,0.0021547334770957746,0.0035156474450154613,0.0028105153309756015,0.0009297612681729838,0.0012419035355843247,4.432941869830333e-06,0.004982354180862202,0.0025886336166805308,0.0016703534068852597,0.0046418949230647814,0.0016791449058655733,0.0004041249184536619,0.002940620640044685,0.0021304517263402586,0.002063045473507343,0.002571895421450792,0.003926443478444276,0.0027307900558446777,0.0015885678225388165,0.013067113984280091,0.0008356602672235806,0.0006160671505142713,0.0017071676958040584,0.0003990722469259408,0.00012085334308309403,3.109835039970635e-05,0.00025246893108289427,0.0067397284994459425,0.0025617759815876845
486,0.00047063397584238143,0.00011052032947626244,0.016149888381754192,0.000461308031846094,0.00016246353124738206,0.02128444131704073,0.0002522616712818128,7.793573602543978e-05,7.355258459311529e-05,7.675987421838958e-05,5.663822132226208e-05,4.465563055951728e-05,7.033459705748572e-06,5.2560746566189516e-05,7.2082481377783135e-06,4.917746303691078e-06,4.90620275735358e-05,7.740695313330824e-05,3.785818204564877e-05,9.367058985540962e-05,4.2521001506624656e-06,0.00012090573162215443,0.00016580131850241756,0.020153847357449822,0.0006128637774257588,5.831994757330744e-05,3.060592919646655e-05,3.985677687567656e-05,2.034055374231903e-05,1.0739033979309465e-05,1.8367176240837688e-05,0.0018638414269736689,0.0007029564842458794,0.0013744538348445378,0.0010698952583563578,0.0005062359103401239,8.564292462787115e-05,0.0005950121330193883,0.0003314791306672763,1.7369264428127282e-05,1.042312231101711e-05,9.010650717657467e-06,1.8417010242864415e-05,7.376688496718391e-05,0.00012401411833083757,1.4231276221445286e-06,4.3282964719719274e-05,2.1705167615618348e-06,4.80307461284025e-05,7.340101461340185e-05,1.9579892296646997e-06,3.609716367534403e-05,1.2187874737899031e-05,1.3874662365631305e-05,0.0001291938425884996,0.0002643331353328624,0.00011827542212408527,3.356832978613454e-05,2.787720849382724e-05,4.995294937884885e-05,6.424223998303157e-05,2.133943428409203e-05,0.00010034036266729574,5.136066115912584e-05,6.02435654195259e-05,3.682072231300533e-05,0.00020558128197332493,4.084979496679421e-05,0.004120511935298567,0.0006570384592672727,0.019845349840025513
487OS,3.356266819818349e-05,0.001039307701926783,6.468705560304704e-05,0.003993368040613138,3.697063414721633e-05,0.008706488674586113,2.366785652769882e-05,0.005076366648941509,0.005843576607166794,0.00047382843025424237,0.00015711303708841175,4.4823100976118384e-05,5.680411237692428e-06,3.0981697923230256e-05,3.326806258696162e-05,8.955211201776103e-06,0.002594143226421508,0.000660733323873879,0.0004121602220053485,0.0009051017759588592,1.378078036041563e-05,0.0031645940395562855,0.003444685793438067,0.0010082379776310637,0.0001582718790644843,0.0018205557305525707,0.02806534197487298,0.006815886752630917,0.005767541065438928,0.001917662011824863,0.012748528888083251,0.08821554815675389,0.011976142584497708,0.06469516799530355,0.10413167089661296,0.011496003428296089,0.01581880291440743,0.10261489126948464,0.03325848366584873,0.0017115053350806912,0.004853772611629799,0.00013015802478806985,0.0071697142807133855,0.0007428492110894188,0.006214511179134534,7.391372139192906e-05,3.461635092019067e-06,7.545016889375312e-08,1.3962836990137246e-05,0.012065281712240777,0.0016017119006197212,0.0018171515278255278,0.0028034270146992594,0.0007961065028791754,0.002618287761040372,0.010753490238908014,0.0009515389362027445,0.002170227644870889,0.0054281050387742745,0.001605613926407482,0.005354885629733351,0.0033844197536271707,0.0041940370239096705,0.0004995629307865631,0.0012042655270255724,0.0012375816921008876,1.9229770523358766e-05,0.0003816039791217744,0.011319357076107442,0.0004456135714577758,0.007684641649402622
493,0.0015513565677103738,0.0,1.933635519943785e-05,0.0012982629321665773,4.404032481199525e-08,0.0008072437397159434,0.0,0.009749934792550439,0.012389770388811472,0.00037631646062774235,0.0014067451893781395,0.000923171760073336,0.0009319806341065928,0.0006367237422655408,0.00020046146175455522,0.00020351832443971465,0.0013158438768304571,0.002470736301740299,0.003174823734921339,0.02184770992991435,0.011485608371604387,0.012614937868322218,0.010116649256676541,0.0008129404787826519,0.0020916968074167694,0.012548585509842641,0.014813050721068697,0.028989775577766625,0.025427062482449962,0.016854064107537623,0.024713742384885714,0.00025287815185664466,1.7990760460068098e-05,0.013625008039076732,0.012150805513432613,0.002772680922553918,0.012414943527214164,0.003922261949273628,0.04001315487248058,0.0007710415416681858,0.0014842501393730618,0.0005632349949872735,0.0022273131602331534,6.53341839949404e-09,1.3391328810292935e-08,2.41619005762752e-05,0.0,4.030711916411115e-07,0.0010847367441675722,0.0030036682212654458,0.0004659130792293061,0.0005123142504101584,0.0005260438544899259,1.7329707101383447e-05,0.0079655569872208,0.0025746397744785643,0.00022039722499985485,0.0006894033030392421,0.0017677274725247099,0.0006798986823971061,0.0010298815772278687,0.0011852070700045752,0.0006655158162982266,0.00030573057335858163,0.0018842759254730033,0.0007790687955003123,0.0007276554281392949,0.0024405427086210208,0.0,0.0031832816625936527,0.00044183924127371853
511,0.00019720385828835363,7.755208287234453e-05,0.00034822181684458986,0.00020392761698227743,0.00016055773254037808,0.0011846576706105937,0.0010880007872513813,0.0011762525708965508,0.001182578002683524,0.000549366062637587,0.0009547836982404407,0.0007278142723825431,0.00022796495938897862,0.0005201150492255109,0.00019642289189263597,0.0009548617037800648,0.001173367644863158,0.0008661437426120663,0.0003291624747162211,0.0003756850175791295,0.00020401041810091264,0.0008538178614266972,0.0011686377699463893,8.122991514041415e-05,0.00013073284544604734,0.00045489934206709983,0.0024303410801648573,0.004117499025704328,0.001160400834131761,0.0015859464926308432,0.0023000318054664662,0.0004301374858721613,0.0011175851358091213,0.0002974543020155234,0.00021610905228307064,0.00046523452850548886,0.0005853025616640215,0.002278178898882445,0.0009696143872977977,0.08877609417415866,0.0008150860545146103,0.0016898886560705666,0.008955721362291636,0.0027391500465166058,0.0043212482670355505,0.0010778678778610657,0.0020862668141129843,1.0839317166278115e-05,0.0011639590026409914,0.0018113329006132976,0.004323636775188587,0.005197761095219327,0.0040451470423632915,0.001452469596423374,0.006547276617538185,0.0020991443510253046,0.0030516761484184972,0.0015898201814846828,0.003028924388705131,0.0009915658656714807,0.003920658257452919,0.001230676233808571,0.0016256424675307978,0.0012500540293798206,0.0018912344646513691,0.001961827667748806,0.0014864295466616416,0.0056545750166544645,0.0011379043985857954,0.006514402586076838,0.003021188760886264
512,3.416151339989795e-07,4.4115842917730097e-07,6.518117241418148e-07,9.431159759372017e-07,6.925058307684848e-07,1.2761888532462817e-06,1.9915751786402172e-06,1.0170445587627102e-06,1.2973914593857728e-06,7.535069496999341e-07,9.364594449742926e-07,6.047820180797522e-07,1.892993029906411e-07,7.213400154747808e-07,3.2064107226967265e-07,4.437074996261347e-07,1.5886914365318676e-06,1.186210951114847e-06,6.845860451732941e-07,7.308670641344155e-07,3.663299676897354e-07,9.670951237636375e-07,1.136587831761168e-06,2.2332180100596868e-07,2.9111279880837865e-07,1.0767249996298562e-06,3.832754135529734e-05,0.001719788195848609,0.0011785193847342874,1.1061499425136675e-06,6.9173374551628055e-06,2.8841616636998926e-05,1.4389085375713458e-06,1.8733460510583574e-06,8.798980553112271e-06,1.287147754479888e-06,0.0010062255654361518,7.50694575664995e-05,1.229429965099859e-06,0.0003889649369199324,0.20401235089378567,0.05771087216429888,3.929458401988765e-05,4.92291870939649e-05,7.57230262223441e-05,1.983700605620357e-06,1.013759874907431e-06,2.9960917739719765e-08,8.923859248888535e-05,0.00028401414998777103,3.1755494706263744e-05,0.00012541763053129223,0.0014662607180725275,0.0006144506179502772,0.00011182985853423383,1.5057513366809456e-06,0.0013318752873076318,8.223776388635113e-05,2.7368272322228118e-05,0.003951591846815789,0.007601482359695426,0.002148968333686,0.00038279110586200466,0.0026967981007758415,0.004417906952694186,0.0004525651683456597,6.715824807077885e-05,0.003479164450944404,0.0006632133334487974,0.0002634346268162769,4.568468417577553e-06
513,0.0008929762732639696,0.0003619704333249408,0.0013638878038196019,0.001311285572151925,0.0017771216014534372,0.0020762322078868947,0.0035722757864769966,0.0025912611250188777,0.004430376501645901,0.0013038337976041313,0.003059522089840249,0.0021881754420489292,0.0007649467985338635,0.0014309569383887711,0.0007689830823821456,0.0018123290693864774,0.002902356692147067,0.003110141107933811,0.0013547961346031118,0.0016876822211909649,0.0009577724189670951,0.0021609654082032203,0.004751024130464429,0.0002271194521436295,0.00074665085764812,0.0021907819298397774,0.005474508408971743,0.006974915064149907,0.0029589818995091163,0.0015408905253004729,0.005322878420389702,0.005758337690370021,0.00153435500695666,0.0020969175845990764,0.0033631352697219537,0.006899075139367942,0.026833902692654885,0.005198092783626514,0.0008998805027497509,0.009133237527104985,0.007343100668419176,0.1025287201298185,0.027860042516398256,0.009063175703188625,0.011692171904171498,0.0037479651602604605,0.0042860006267577975,4.002544725752989e-05,0.011159538600820057,0.0055103968974774134,0.008656318313491836,0.007075416066398217,0.008398562164172344,0.004147720965950953,0.012542348671876731,0.008683385320020312,0.005523841925028045,0.005042155337303295,0.003934570760401832,0.005337981284131008,0.0036080215637381173,0.004190753131339781,0.007047640367895125,0.018771762911356783,0.005935332224151399,0.0054549148426123245,0.01230008777630035,0.011288953526443806,0.011369827943513438,0.024787986852644665,0.00577498471347246
514,0.0004072966892913565,0.0005611420075451228,0.0011054082769645862,0.0013965573275822908,0.0009878532310014908,0.007019048413986485,0.004002952724789502,0.008269507097641586,0.010414980913509017,0.00426491596060781,0.006207571987472932,0.0052155263165765756,0.0007954903092683489,0.004553312238179815,0.0013596240651785533,0.004284411637129658,0.00932566109720919,0.005986667684385236,0.00279534125093268,0.0032890313798546933,0.0017792234337685978,0.007203415420680755,0.0056795306698526025,0.0005879908409726366,0.0009258423487983114,0.003660378833985061,0.006855166348218578,0.022623842186548452,0.0083921480940933,0.006127118332349943,0.014259807110282156,0.0031947270365387053,0.0019492525541390622,0.0024918154695346803,0.0012623790179227,0.0029210650929575427,0.005184374095832962,0.004361606550144863,0.0022689497297673036,0.017050921330237247,0.004498122643519537,0.008313405196707025,0.03947227439886347,0.019520262401621056,0.01740197964857071,0.004588017805473299,0.015153762916925334,7.793610383978274e-05,0.0041402540743285645,0.005437485821890276,0.013019289547722319,0.016301012926326554,0.014784567567803511,0.007530474033989223,0.036535745347024494,0.016249128749025166,0.014576242197689389,0.0037768309533359745,0.007642012009350829,0.003978153359565051,0.006590409692302974,0.008422822555015898,0.010304039538127899,0.006336310591418517,0.015479264650163275,0.012194972910675334,0.011629129709662888,0.018221722430293096,0.008246924054767278,0.021000677695365292,0.01573967209287353
521CI,0.010496445926789218,0.015001015642932478,0.006428809936858648,0.011775364868380664,0.01131360353306672,0.011426621196309088,0.0068155760640682675,0.008237707560206833,0.008437626987475855,0.0062066752744663655,0.0065551550430590225,0.005353409893184046,0.008571564635750234,0.009574578141715157,0.0068689356479063705,0.0029937212528545537,0.010281879631120254,0.01414070484190214,0.00517025892104292,0.00678754271090883,0.027936563069303127,0.0073454698565067035,0.009382856806697091,0.0021898444409397195,0.005964932099666549,0.008329239428944871,0.01726071477029645,0.011466357019404556,0.008560451397363115,0.01084810663340323,0.008794470015774714,0.011831696696138507,0.07646893825885279,0.02290451676711058,0.009471754884939275,0.044196626609786425,0.043959173046870643,0.011732174830319807,0.0024086349845742505,0.015456607278199912,0.018866846609961,0.02326185003743573,0.013696600582692044,0.07047333877796702,0.10531964823200379,0.0008785807182008354,0.03669372846812593,0.050641795655959464,0.04823465738144513,0.03485320520640609,0.005858202121965561,0.007009787871656699,0.009899749833596339,0.04177550434849781,0.00847971842810824,0.008752627219281385,0.0026148035953992904,0.005879502225269769,0.006835793800177377,0.004186753868327822,0.004717766172351187,0.006248961313323348,0.012687510589182181,0.018197698339677285,0.014604904429057207,0.011461214442090422,6.744795923262258e-05,0.016465247463344854,0.014417801682932788,0.009246423438476592,0.012038334004770487
523,0.0010951314556021375,0.0006952807800768207,0.0004589631822385707,0.025877674104972524,0.0816646838886848,0.0012407615215108442,0.0011876275011103118,0.0005983555132068126,0.0008414939800636914,0.008102794016712002,0.006715539568807923,0.005229146407960891,0.0006354755717342209,0.0040682374693853905,0.0035229034133119237,0.0016815766460482138,0.00900622403279258,0.005785276526940776,0.0003077924645258083,0.0003266452434059314,0.0006839099630763301,0.00042196313656074695,0.0006650497894425956,0.00012964696354364643,0.0002124189244176597,0.0006094143454581368,0.0021849157417558897,0.0008055772459069534,0.0008252095363850843,0.0008114550349912872,0.0008618281744480438,0.009892018315655596,0.007812137992350125,0.014390050497682518,0.0011173154469749996,0.031241198922082256,0.006027556753641116,0.007673009500374968,0.00042426100925054255,0.0009899001502404793,0.005104848435717706,0.0009271949025287839,0.0005882377104098345,0.0440806694786856,0.07006475151360458,0.0038465236487058947,0.5549343039398026,0.001603912059148074,0.007946986286850144,0.012553364648803423,0.0016083516066271715,0.0014127498846262805,0.00142472862426238,0.01846125899571613,0.0017994983810660677,0.0006356224101659245,0.0005951462598336296,0.0018114179208156488,0.014583982220700028,0.0019179247812672305,0.011364048728514119,0.005807503444346415,0.0011084772174828968,0.001211824102280387,0.018510735924722122,0.00397504079586061,4.3518999183149756e-08,0.0005265452425901394,0.001007908288139044,0.0006332482316411329,0.013886191361645869
524,0.007202848410009169,0.006891140003251551,0.00941747423885656,0.007538580187474074,0.01503314093234415,0.002536706934058448,0.0003028322351868492,0.0024688913762650633,0.009176313374387153,0.002822531206895181,0.0029834813958363056,0.004019092567827974,0.0008076632392077459,0.007462380392640803,0.006335114003834783,0.003093654055708759,0.0059550411267584,0.0035531400337298173,0.0041458421486751445,0.004803360100622267,0.0025591701301795693,0.00267616544497353,0.0009901968185254161,0.0006805674233456111,0.002609916239970074,0.003160008112344874,0.019099034151843768,0.011498038098644567,0.005096741721547758,0.005556814874937459,0.006930231708190525,0.005224772698301466,0.0004971682056250329,0.018100765877910464,0.047174927497399995,0.12643227323588674,0.007996104510868665,0.013571813701295567,0.015630430976030642,0.0007143330756162359,0.008725176639301429,0.0021544629302281686,0.0017516796201868321,0.005453514135373687,0.020062370587936227,0.35293380457029977,0.04577922733503738,0.0036345430313893413,0.037904573485790294,0.027546856249953337,0.006815686277333585,0.00462784632396377,0.004575369513515921,0.00061594587303708,0.008408483628186936,0.011042214989615728,0.006015946589170329,0.013878700296363998,0.022045083347230193,0.017024458841347873,0.03966830864803184,0.014241610706043026,0.013397425909338066,0.005830877674261867,0.009282300424316067,0.003265562911517551,0.0,0.0024392401503869382,0.08228157170568627,0.001694496245009189,0.03591350407867995
525,2.0344325416405617e-08,7.785345672194144e-09,0.0,0.0,4.420745719257475e-08,0.0,3.1419436069097723e-08,2.0833832624781834e-08,3.565844420788046e-09,3.087265194835812e-08,1.442821554201772e-08,2.1063172306449896e-08,0.0,1.265126914402121e-08,2.934402749147042e-08,0.0,0.0,0.0,1.7090700191395758e-08,7.847223705305466e-09,0.0,0.0,4.7858794935925765e-08,0.0,3.152618662164735e-08,0.0,0.0,0.0,1.270310436717865e-08,0.0,7.385923428743765e-09,1.5121934628928e-08,1.6223979865264766e-08,1.0435609071010548e-08,0.0,2.087775350949897e-08,0.0,1.829996407097211e-08,0.0,0.0,0.0,0.0,0.0,0.0,4.278110227353072e-09,0.004048559853961866,0.04609394512966836,3.7021028654322227e-09,1.3597228482396778e-09,0.0,1.309362829683003e-08,0.0,0.0,8.767728889796682e-05,1.9507167225484678e-08,0.0,0.0,0.0,4.7005055765630756e-08,9.396786067445487e-09,3.8865181232437546e-08,0.0,2.498780188794451e-08,3.4654061975097305e-08,0.0,4.4043923606362314e-10,0.0,6.888828176110047e-09,3.725785057001143e-08,0.000577134477503534,0.0
HS,0.0,0.0,0.0,0.0,0.0,0.0,0.0,0.0,0.0,0.0,0.0,0.0,0.0,0.0,0.0,0.0,0.0,0.0,0.0,0.0,0.0,0.0,0.0,0.0,0.0,0.0,0.0,0.0,0.0,0.0,0.0,0.0,0.0,0.0,0.0,0.0,0.0,0.0,0.0,0.0,0.0,0.0,0.0,0.0,0.0,0.0,0.0,0.0,0.0,0.0,0.0,0.0,0.0,0.0,0.0,0.0,0.0,0.0,0.0,0.0,0.0,0.0,0.0,0.0,0.0,0.0,0.0,0.0,0.0,0.0,0.0
ORE,0.004446003382885949,0.0007801885605258076,0.007790393579172225,0.002490474628681662,0.005413375300882475,0.010742508134394303,0.013697538524356963,0.0052077591803064635,0.007647510866790998,0.002046031957968623,0.01599025344760156,0.004202000958851297,6.395005596297036e-05,0.006180373587029913,0.0003930387987083434,0.001345991769886643,0.01739964627210279,0.007447648860401225,0.004704911158167089,0.00887862189719568,0.003572936068590824,0.010330645866766705,0.028355454174109253,0.00011992591867547747,0.001167850674140154,0.011440995019603644,0.04793566878058408,0.07102792573635223,0.11150846020690024,0.08111808111422215,0.10929067438043587,0.001541065036513902,0.0023271712214728963,0.019623111296010343,0.020984570912579985,0.033029363885507104,0.008156098604996317,0.022204627802394333,0.0647357648570682,0.018724929982702233,0.026576609520899734,0.043444055438657626,0.02231038283832076,0.024235766098616187,0.0536239811029359,0.0204295572801162,0.0038999013838885857,0.0014366446761413354,0.1133974483882968,0.03362546375408643,0.04740300202037946,0.01381626457543277,0.05411952306538706,0.06499162757518229,0.02598605364878367,0.029111868849756417,0.09463760639337779,0.04553988680902785,0.08628093529345701,0.1065970161219355,0.05570981237627433,0.06640071751934179,0.11081355613128599,0.028617613185364245,0.06042715632559676,0.10054587960811288,0.0010456283283698088,0.02288798361197282,0.00995183189325822,0.00558868728406606,0.00793682147600866
532RL,0.004020174997204651,0.0016446660964235696,0.011921059187760636,0.023117808821015193,0.02413757276385451,0.0031473601871266762,0.014275000752632199,0.002447353051085131,0.007684225526418425,0.0033913220239885447,0.006820653002918101,0.004690429939641686,0.0019192921627472514,0.005473073770853992,0.011650327954360561,0.0032409503907134744,0.003960768915100741,0.006545089470187911,0.004250426235424733,0.0014561034358522198,0.09290801736501132,0.007707440088826888,0.006731879642051783,0.002210925755753259,0.005585682030201973,0.00497031881623286,0.016000912718866014,0.003460482225014435,0.005866055302826191,0.018655326691322152,0.007746893521220882,0.052894911028986406,0.08755340919527069,0.14900432255062654,0.05737719543047781,0.01177606945792453,0.0009230051597720155,0.007620160661940689,0.006315897304834696,0.005133363144652551,0.006352489412121674,0.013054353788033027,0.025432299149822816,0.0036191569307141617,0.015658551563240756,0.0026121050845229836,0.00019264824101173855,0.001953136489824129,0.0024323395353734226,0.03444903863393878,0.005810600122237007,0.006817564412406474,0.009086830527125193,0.04370985610735299,0.009011929355302132,0.020584617511589957,0.0025280497922583792,0.004933683191151073,0.0038958040207856042,0.0017843626901572491,0.002645495774473046,0.014285924792947323,0.014534656889236016,0.007012059883034714,0.025922088842141852,0.0027569535300617193,0.0007943645547078446,0.000561083042033654,0.002185327473692298,0.0035559394926317676,0.002758394311717066
5411,0.000780721377988495,0.0011982781425961086,0.0022860236860237633,0.0047348713165685456,0.0019418041932886636,0.0070463724276847006,0.0041028164280402755,0.004065686064821747,0.0034174687836746095,0.0027212153317330177,0.0048281630282033736,0.002293335071585645,0.0009164354183895397,0.0009029712800154478,0.0019352439066695091,0.001160742286234007,0.003965027070131419,0.006522523217584455,0.0011645243303668338,0.002588748328831087,0.0039252402718841515,0.0041062387933684065,0.0046435095937762344,0.0005950310605044569,0.000946702223267663,0.004293021584984934,0.0076537791275699246,0.002209740080667311,0.0023710221944533262,0.0023851786981105945,0.003958620161186375,0.0010759681546885199,0.011052662407893588,0.003367263206064379,0.0006430395935253879,0.0027409950848984164,0.0013425515520796877,0.0017455367635383543,0.0022603609789827745,0.008317125652248607,0.006582981148049817,0.003541636354239171,0.011696232323393464,0.005781639362706467,0.01884891228059704,0.01095900873406391,0.01024401382539007,0.0006287872343167006,0.006865147162290002,0.002357272384479938,0.006912861699793549,0.00611846619012892,0.017596686585214155,0.014845217922804304,0.006848793340625114,0.004022317039238294,0.0009289094816633434,0.00406307294045387,0.018082574544427424,0.006077755694172166,0.0034963258658631813,0.010636221761970693,0.014432293795645803,0.0024313153205443145,0.0026159967140932778,0.006571662565316735,4.978614024830049e-06,0.0003951994592264889,0.0008859261706308086,0.007251184159962332,0.004286944505656109
5415,0.0007965647807550067,0.00037555403532104216,0.01696742042256446,0.0048414268584213655,0.0004471482877518722,0.0025726034679401494,0.0031142084753335215,0.002318763083357482,0.0024347030794227118,0.0010443322433286424,0.004432368504286719,0.004941250726860719,0.0011659657901450953,0.0009044349745047679,0.0008216885759012401,0.004925746105190203,0.0027421893206177133,0.002383641176685951,0.0011223605399585189,0.0012077862126515352,0.0004949064838069338,0.0016660555180373609,0.004396774413491306,0.0008759988507374696,0.000413274011918997,0.0016932505388267413,0.007706938451081112,0.011222952045358399,0.00247642990137557,0.005036369404516491,0.004351079569497215,0.0012450806685759372,0.011900853080734025,0.0005718115102507104,0.0014775502859221963,0.0015198619572416741,0.0002472371272174063,0.0011320744277726461,0.0007772147107038863,0.014782623623151605,0.0029285286066410383,0.004009538997796055,0.02112597374262092,0.006073677283139001,0.017176301414430245,0.005735001854823647,0.005079857952703835,0.00023505988191183027,0.0032734927988315806,0.0013218230365632398,0.008927801836484192,0.015950260076590728,0.00549094846927997,0.0025715443662495062,0.013506264566629624,0.003912456212990559,0.005292109312716876,0.0031946448274702663,0.00509018259787529,0.003793153767884491,0.006453483580242064,0.001907394910682683,0.005590204728630264,0.003509562454530788,0.004668295463589977,0.00361448388465022,0.008763309210103687,0.031131373886650854,0.0013541521482044983,0.011994248864929915,0.013224264451531471
5412OP,0.004423561189447359,0.006176505541137195,0.010290982663794315,0.014270284333847152,0.00965791286414195,0.018159610255910154,0.028171494126155543,0.014352026931827262,0.017866656251668344,0.010820432468751,0.012772839584652284,0.008351502576762867,0.0023978187778189736,0.010216426971838435,0.004874031379862132,0.006315724954645344,0.02300895511846924,0.0166280925780569,0.010267037781159295,0.011011345667642808,0.0055904332489681565,0.013273219672494074,0.015890420800907752,0.002573536024509356,0.004453363055524537,0.01523393332932877,0.051689029052320756,0.06846581179235418,0.030102525101059048,0.01606395802757291,0.053662254638717585,0.006052254620329044,0.02109875130479793,0.027478869778753537,0.00886370198719358,0.019283445315393062,0.03771933330228365,0.006796648391127175,0.017449535842675803,0.043517498629556825,0.0376680810092908,0.039438956149942826,0.08386051570655322,0.041015139180468646,0.061292526428427106,0.028765815214080333,0.014281439620123543,0.0008557619570474936,0.034265588465136734,0.027293279708413446,0.023533300618386897,0.04708140159182585,0.072256214671226,0.05893340508362187,0.04190716652703574,0.02059684062054341,0.01974233707335549,0.02144688607281975,0.03795606531287017,0.027455298228637563,0.026010520108150872,0.034628407330749705,0.04468849662300661,0.021994342448381422,0.023048364228109096,0.033607040072944884,0.08707287988026487,0.02551200364360382,0.018675484161390504,0.03137819071119793,0.06592580937086001
55,0.0,2.701987109478117e-09,0.07958184674022571,0.06242532955107709,0.025281339567977595,4.609762116813928e-08,0.007746455023298741,0.003228977991346944,0.014742009474396706,0.004207739417971549,0.00883662474433113,0.023415318020814587,0.007748881437430882,0.01345059851781755,0.014246747268261492,0.00682611876827781,0.0053852031929325205,0.019650347194702517,0.022639505659201274,0.017923865537631863,0.02301132678357759,0.00925393894079401,0.005112323020242096,0.002475032338394618,0.011390345117280971,0.006658175859912041,0.046986226291999736,0.006172697303392351,0.01050157794232209,0.03663400466236396,0.02077436726487097,0.009525054303532158,0.0,0.012392646029370263,0.009128762779411928,0.0028773185570467484,0.0,0.023108767602646206,0.007863010732780909,0.007791586718276279,0.0028418208533053354,0.004586819812614434,0.004036604666413884,0.004364284866488525,0.026595401670204515,0.004236216161056727,0.005876664012464043,1.2978309341620577e-05,0.04819783012639855,0.045793335720962176,0.007202902149308874,0.005930940418757085,0.009081246964302899,0.0,0.017035236060945345,0.030341946108661446,0.017313285282186126,0.026632279654099825,0.008366412003107893,0.016448221474655356,0.004495346840298915,0.010693317975377984,0.011292104955267895,0.012348009026400352,0.060066518743053035,0.01185852644636491,0.0,1.3517179294282836e-08,2.7044351154074843e-08,0.0,0.0
561,0.0007769372136892031,0.0004865558389764163,0.0013532230059753786,0.003781234863981791,0.008309124160677852,0.011270360535443726,0.004918887483210189,0.005732284936307555,0.00890311724314356,0.013033549753755008,0.0219694544856305,0.004774413762681277,0.002366617543187393,0.0037397855023697446,0.003402323026874874,0.014507789470676389,0.0045301943427581435,0.00934913525025657,0.003017435299496953,0.002732537830787857,0.014033464387079874,0.006690988442468198,0.0313855795099361,0.002007868164855719,0.0031391217382249954,0.005839623634038202,0.027987083564669165,0.01840011349760792,0.00833721711348017,0.013238659457417415,0.01590189184043226,0.01846173534745328,0.011294150654481559,0.11268601588112602,0.01929660775909103,0.09202589908879968,0.04752506988294935,0.03241388628257293,0.03308223603706252,0.043606065870408786,0.011546593835126887,0.036394998859521695,0.05003332907017487,0.018786936316963123,0.023508946367196495,0.010650944492527063,0.0007994189778298261,0.0008244034363683382,0.1142071073527816,0.06781736801879068,0.0223851656134874,0.05350890615421669,0.03066767314167769,0.024776414872594067,0.06860098294115924,0.034767294927313494,0.020208297547592142,0.024716367187231258,0.05367617041826385,0.04247234271165053,0.014617086528489512,0.02229879216413909,0.01779499346369573,0.01762846543120648,0.011767267106062587,0.018061016568337664,0.012357105302172648,0.025738349038275266,0.006366605507308265,0.019126653592659543,0.024879372108514236
562,0.00015081974375533193,0.00024698463056893133,0.001118994031597813,0.0006297898400900923,0.0015202002515898561,0.0017530658588433494,0.0009574494396662373,0.000765271590666764,0.0014001849533384226,0.010878625517816227,0.0007963658660871767,0.0004758741002302714,0.00020304992914257827,0.0003972729846915313,0.00020065724761808625,0.0003263879162205928,0.0009638229227902629,0.000508906380984714,0.0009303044431203678,0.0006925135634582759,4.010683189389174e-05,0.001199904369188809,0.0008254545979101206,0.0008194746042804427,0.0013723710146654367,0.0007845024628957717,0.0005608724723704926,0.0013415838099233009,0.0005854400153766195,0.00037934168758220845,0.00045318810940571163,0.00016437917357167136,0.0015416687345533816,0.0,0.001269433063482411,0.00043483849326524283,0.0037475444979553833,0.001953910091036898,0.000982013641538233,7.822107294850914e-05,0.0002495952168081948,8.665753859075738e-05,0.00011638637057590858,0.0002870833334424239,0.00017512094411418913,0.0008996408303208183,0.0007152212829911832,1.2362241610086046e-06,0.029700712858557906,0.0015978480825383353,0.0005886730655218194,0.0003892184449652578,0.0006537088193066732,0.0004938033435937363,0.0020744512369062647,0.06081860716604248,0.001107478941754438,0.0011619247477038508,0.0015500196467843452,0.0021949213313806944,0.0014906889873727719,0.00040871945911683877,0.002360971731360469,0.0026611044971678707,0.0012919203022407502,0.006474347908839353,0.00016661037827086695,0.0009582000271098519,0.0018638792136242408,0.008003682035871353,0.010268918946107522
61,2.351314176329954e-06,2.743461886529303e-06,4.547456138498237e-09,4.7199072720953305e-08,3.775228976405251e-08,2.5281603128976243e-05,4.909059054661027e-07,0.0,0.0,2.5101872686158045e-08,3.835842816587476e-08,0.0,3.5874749532467014e-09,4.082182867253185e-09,0.0,0.0,4.033928217118042e-09,0.0,2.7642504866737153e-08,3.4540269293361106e-08,5.234081053675905e-10,0.0,5.0557448987629753e-05,1.0733628803299333e-06,0.0,2.7714825381382696e-07,0.0005591076146432321,0.0004486555313952321,0.0013926199896183052,5.015334996032631e-09,0.001531139258616741,0.0003101376454148735,2.9405787730274202e-05,0.0,3.99567549062188e-09,0.0,3.196569467870376e-05,3.63148729596085e-05,0.0,4.799582058092217e-08,0.0,5.646078382333467e-06,2.8024098860740284e-05,2.2272916896686407e-05,1.1452948585768682e-05,0.0,5.7186503736971734e-08,1.5642858573123474e-08,0.0,2.1238550025429817e-09,0.0,2.6850181093605113e-05,2.4965592791004506e-06,0.0,0.0001799826776377689,1.1526721753105699e-08,0.004539980979484937,1.3273801862174751e-08,3.5289805529680182e-06,1.8366399658863154e-08,1.954030476218181e-08,0.015472985438093294,0.002407915402194615,3.401502994584292e-08,1.3362798808621769e-08,0.0024914884051741035,0.0,6.0769842791799464e-05,0.0012624139641107784,0.003840592591420135,1.6765512589300703e-05
621,0.0,1.5224375422357188e-08,3.245335039838992e-08,0.0,0.0,0.0,1.5584930196403675e-08,3.271387542197313e-08,1.97906136900864e-08,1.3786578620809582e-09,6.970496015556348e-09,0.0,2.1345527854208084e-09,2.495200767480139e-08,6.1710394930005255e-09,1.6984258525588213e-08,0.0,1.5028091322342732e-08,0.0,2.2078357907329384e-08,0.0,0.0,0.0,0.0,0.0,0.0,5.7452593031694114e-09,2.3546135958617e-09,2.315459237799882e-08,0.0,4.4276206343685655e-08,1.5323365995085252e-08,4.822683985039411e-08,0.0,0.0,5.1504312977002e-10,0.0,7.268086286270599e-09,0.0,3.5824436631293732e-09,0.0,0.0,0.0,0.0,0.0,1.8037002900729342e-08,0.0,0.0,3.601915183906426e-08,0.0,1.8222703975330935e-08,0.0,5.416181513825587e-05,0.0,7.994969263367598e-05,2.6606971134472603e-08,0.0,0.01246033434062166,0.01470890871321747,0.00040077511696481037,5.450871648647328e-09,0.0007161815545343423,2.775166300625838e-05,0.0,2.6864220401469466e-08,7.635009239725274e-05,3.41400437349825e-08,0.003388356025121772,3.9954601413760273e-08,0.006297664068228426,0.0
622,8.332807377158445e-09,2.963858746212386e-08,2.1281621468390175e-08,2.7305140964267095e-08,0.0,1.2614983068057635e-08,2.45689174401855e-08,0.0,9.037671287986628e-09,0.0,0.0,0.0,1.1660383834045392e-08,3.008280275411514e-08,3.047119487596357e-08,2.490593031087005e-08,0.0,1.6537213259233626e-08,5.668121392696345e-09,1.9167409522495996e-08,0.0,0.0,1.9179248904779255e-08,0.0,3.211112164124897e-08,4.8805963318103475e-09,1.9324780522181924e-08,4.453004369288373e-08,4.1226640201289797e-08,4.4628537915334425e-08,3.101953139904645e-08,0.0,3.324623060822414e-08,2.089189883208524e-08,2.5501074542531913e-08,2.1418743500889796e-08,2.585566334825161e-08,0.0,0.0,0.0,7.950892412214167e-09,1.1940772379922994e-08,3.068557248118873e-08,1.994186244242741e-08,0.0,0.0,0.0,0.0,0.0,0.0,0.0,3.032698792084629e-08,1.3822449665096531e-07,1.4228535109227817e-08,1.206144536173501e-07,4.3034672714890437e-08,1.5776566295059077e-08,2.4524715651381584e-05,0.0007229366465676401,8.271133805823421e-07,3.855561269073907e-08,1.407640835418035e-06,4.994664475404956e-09,2.7140019704599235e-08,9.539164654592251e-09,1.9924896712410965e-07,0.0,6.624174979961335e-06,4.659803931658433e-08,1.2347888911614474e-05,0.0
623,3.6812223221247687e-08,0.0,4.553052996450672e-08,4.033629504855466e-08,0.0,6.853473734284255e-09,0.0,0.0,2.3793113882365626e-08,0.0,0.0,0.0,0.0,0.0,2.992890306815623e-08,1.2455074443576616e-08,1.2348586150990884e-08,4.572354744466257e-08,5.284810993005174e-09,0.0,0.0,0.0,2.6935346343835827e-08,0.0,3.830314463744415e-08,3.556329885439758e-08,0.0,0.0,3.817555745674666e-08,0.0,0.0,1.705335334474738e-08,0.0,0.0,2.8621018013160084e-08,4.078780298313335e-08,0.0,2.5138871853452983e-08,3.041982564098241e-08,0.0,3.578752768359508e-08,0.0,1.5840625009213537e-09,0.0,0.0,0.0,3.700778547613853e-08,0.0,4.94156760167344e-09,0.0,3.5316485256890115e-09,0.0,2.6734560385410405e-09,0.0,4.277082714984519e-08,1.9761155097710512e-08,0.0,4.14436162101805e-08,1.9371621527163817e-10,7.511466781906506e-09,4.902022287489881e-10,1.201918789893382e-08,2.3991914568883523e-08,0.0,4.6180059942593e-09,1.3306307556240055e-08,0.0,0.0070433944238365446,0.0,0.0006752639834483983,1.5016665477787877e-08
624,0.0,0.0,0.0,7.0947006101533125e-09,3.6321209521273646e-08,5.926760141746499e-09,0.0,3.9272378634567634e-08,0.0,1.8961743613547067e-08,0.0,0.0,1.5440886390868928e-08,0.0,3.487244313250396e-08,0.0,0.0,1.1854997818577352e-08,3.925865800211344e-08,1.7258403571139812e-09,2.67771527123107e-08,0.0,0.0,4.957196918891839e-09,1.673082670869535e-08,3.4052617633721425e-08,0.0,0.0,2.38039610867679e-08,4.8849040308645474e-08,0.0,1.744701528706532e-08,3.8312978284723144e-08,0.0,9.304635720325928e-09,1.7722142473857538e-08,0.0,0.0,0.0,4.166197130270445e-08,2.4360239100434607e-08,0.0,6.347626584574691e-09,0.0,5.23831905652129e-08,0.0,1.065146346910919e-08,0.0,0.0,3.16301603853563e-08,2.051801558850229e-08,3.1910225975692256e-09,2.806281645368105e-08,0.0,0.0,0.0,4.7510193680591455e-08,0.0,1.9087489602398557e-08,3.1910858291032992e-09,2.2342873995384593e-08,2.7991178760495528e-08,3.987771234710517e-08,0.0,2.7240888254810274e-08,5.3010115434796765e-08,3.196846768510334e-08,5.9361811796362e-05,3.412957727796474e-08,5.646794082623806e-06,3.855709305982343e-08
711AS,0.00020613150587222648,0.0,1.909471990916321e-06,0.0,0.0001781928363621422,0.0001456367162469844,0.00015242282671696166,0.00031926748662780454,0.00031701698213777637,0.0002240419620966844,0.00021793233164928117,0.0001431972470783209,1.4239889053184425e-05,3.9453634421867305e-05,5.950913740770623e-05,3.983101735754356e-05,0.00022943951476145824,0.00016974128556740908,0.0001307055769857843,7.573246458737916e-05,3.088645960058147e-05,0.00032892583535226326,0.00048761249286209386,6.055515208630242e-05,4.1348224068331365e-05,0.00039731918789544674,0.001843130559551144,0.0018340994314878704,0.0015329054622969698,0.0003089930011163659,0.0006579858127988367,3.635983385904119e-08,0.001651066174525335,3.4280546541781505e-08,0.0001282976565379504,0.00027399895177298314,4.3830899341924994e-08,0.0010248896319381173,4.835379812643132e-05,0.00035615355421426747,0.058825209495184626,0.03383188098011171,0.0008893598223929434,0.0024975716856689653,0.0014177889949873368,0.00020520650225487827,0.0017207771543962822,3.739974810028961e-07,0.0040653767407252215,0.000882177256032409,0.0015688378838859963,0.0021334357553640633,0.00218585130582209,0.006336165430591369,0.0023419422927753748,0.0010589542447887734,0.0013202533929904388,0.0012457860552101538,0.0017095783974226788,0.0010516907484710504,0.00464711944453423,0.13512517793981738,0.005743499025528057,0.0009140044070948097,0.004084960267699873,0.0019231853461600117,0.0,6.388275573287833e-05,0.0004507874104649398,0.0008648723329848799,0.00016612660478610553
713,0.00013971144923955375,1.2896807819858783e-05,0.0,1.323344575718806e-05,0.00025166680100690533,0.00018583635792430018,0.00022953854185176007,0.00023032722580438594,0.00036011817563088964,0.00011123515519842846,0.00015936500652692255,9.871134307104264e-05,1.4301492822999322e-05,2.0897205592943565e-05,4.372692244360925e-05,2.908287689048342e-05,0.00022567940277392712,0.0001320767796391432,7.125727020348572e-05,1.9213053199522716e-05,5.766314497919941e-06,0.00017403692766407086,0.00032790677287129495,2.3015591590174288e-05,3.292979122869524e-05,0.00020011387478333445,0.0007146614642637509,7.481295934835251e-05,0.0003659814977163432,1.9992083936964032e-05,0.0006709641166572072,1.8189878295771975e-06,1.1052400344954845e-05,0.0,3.901462985523938e-09,0.0,0.0,0.00010919568078611823,1.7533919650613485e-05,0.00015725095794699427,0.0002541385539760208,0.00014062742891867,0.0007037314986928845,0.0011567699001399832,0.0009142161644648158,8.581140228811518e-05,0.00040103929150542864,6.0688749172004e-07,2.8646209960001584e-08,0.0006326156798676816,0.0006468400447615871,0.0015839788234658476,0.0005307875839746909,0.0025040318899666354,0.0012073451636862853,0.0007302396345752319,0.00044221906535775636,0.0010363814155455856,4.7480222036715165e-05,0.00041895472472556274,0.0009164435666167147,0.0006401572758383307,0.001268536951814836,0.0013722694994239208,0.0011990276773251323,0.00014874199106802946,0.0028093418790913305,4.200803870173353e-05,2.7890296259819064e-05,0.0012848705225604977,0.00025765167101367655
721,2.3813421471986145e-06,2.1007894232432655e-08,4.662607765210813e-06,9.03835129271425e-05,0.0011802412129927567,0.001276813718769043,0.0002781988950375704,0.0010679720804172732,0.0014616122994378067,0.0005739793428707786,0.0008130678834178352,0.0005434544638634744,7.742410901155157e-05,0.00021460100157868128,0.00032086822560699205,0.00014739060216373273,0.0010783008193015176,0.0007228202245153141,0.00036530085916858154,0.000225460500941143,8.327064219580839e-05,0.0008805316692897825,0.002188103240771953,0.00011739116396265982,0.0001874252581755067,0.0010877953979321917,0.001643082153552514,0.00013089613135455218,0.00019023678065888184,0.00018472252517447233,0.00023753975875166628,0.0,0.0001830605641439219,0.0,0.0,0.0,0.00023439973816464244,0.0012810867066181343,9.670178538750164e-05,0.0008852255846102364,0.0017026486438088122,0.0008046188619613053,0.00513945913622111,0.006555158101937449,0.005248750419540628,0.0004790363291451168,0.0023288137359399642,4.106356729120356e-06,0.008980058643179429,0.003960085406435689,0.002864966730441523,0.009166866143138257,0.00241501412605185,0.001422615065377045,0.005045802396994146,0.004823106420252845,0.002636834397070249,0.0038584557091578594,0.0002839799816081071,0.0013867583404422207,0.002035360536445716,0.0007268360435943093,0.0018747615510664598,0.001036447649839345,0.0038802419888325744,0.0007196402380944406,0.007254968958834988,0.004780099247079416,0.0006363664757851645,0.0019181018290007714,0.000638499677036182
722,0.0008989223510027843,0.00019115876907064102,5.319725136884432e-05,0.0003234189453709468,0.0025009048348526644,0.0026552467036371303,0.0003442377569073793,0.0016326654955814608,0.0019168782325052183,0.0010027225722966124,0.001019898503361096,0.0007221911838175917,9.005597408722781e-05,0.00043448574411464563,0.0003785350590581467,0.00022245139458692097,0.001262872898490059,0.000874187351281214,0.0005909717012337985,0.0006023712243726516,0.00031199815902742287,0.0013896131571983065,0.002142317844961428,0.00026599081507351256,0.00023699434286480897,0.0014323139066195866,0.004171519548692374,0.003120173463576967,0.0030444720568842203,0.003902378506600516,0.0033437507725605172,0.03316461180219065,3.8953822119349734e-05,0.00030478753577249613,0.0017431993139666814,0.0019647549062868754,0.001469244000190459,0.005864879580777759,0.0018988195758443535,0.0008371430681549884,0.0023306901429564616,0.0008025210008375335,0.004605793054472693,0.010474377590828445,0.005575423312862351,0.0026819279486759357,0.005895847430511294,3.434350365403138e-06,0.02799808513128445,0.010860072017370942,0.005545208732939285,0.012623375823442586,0.007140762462206073,0.007332626173224205,0.01073913821092304,0.0047987845695741296,0.0033373121764406497,0.025420612029006678,0.024194295471904808,0.03471196613592579,0.019060834354580967,0.002911809577397133,0.011585256097379037,0.045966201067643236,0.008825138531504129,0.001862192568828142,0.002749728472933307,0.0015957196083000624,0.003940339311187259,0.009325908911716385,0.002054481473134523
81,0.0006801773785374296,0.001250149797241282,0.0003159134368807305,0.0012129387669508147,0.0020154746084806202,0.001206612700979994,0.00424306283516745,0.003642914206386105,0.007965279190593746,0.004807201749561074,0.004144769276164203,0.0022814898957616812,0.0015021764311023904,0.0017637178309102383,0.0013893130792286747,0.0015735250702187853,0.0022872346067557264,0.0024966396476582423,0.002394994427811888,0.0021715636060872377,0.0005262655489690496,0.006818980043159996,0.004257251950352046,0.0013115683280907568,0.0026579732622896875,0.0038418812209280247,0.00886444473342277,0.007091744501889564,0.007532808930080002,0.0075008703538815115,0.005202990785946095,0.002426986207866527,0.0012561655324516037,0.013483748120376534,0.017141430786741386,0.02893849863648279,0.009549421942339646,0.0068500709570002176,0.005062105357722986,0.0027901063682710687,0.0013832810799835349,0.006100959533676195,0.0029604311794765806,0.005200791939958096,0.007415214321807129,0.004120426852025699,0.0009896680253994369,0.008540784361348887,0.003890135760818708,0.01732336525875353,0.0023177587096900663,0.003838309348961919,0.004682771305346576,0.009357342494011113,0.01585322317961555,0.040773491149789495,0.006712864828096813,0.005042509741308582,0.011731579792750035,0.005959947265936299,0.004041980403693025,0.004879534536566913,0.009537692570770643,0.005544926130068633,0.009959360675925594,0.007475985557681919,0.00715305115788639,0.029257546733802226,0.006812051154348555,0.019096037527349084,0.013132945893651568
GFGD,0.0,0.0,0.0,0.0,0.0,0.0,0.0,0.0,0.0,0.0,0.0,0.0,0.0,0.0,0.0,0.0,0.0,0.0,0.0,0.0,0.0,0.0,0.0,0.0,0.0,0.0,0.0,0.0,0.0,0.0,0.0,0.0,0.0,0.0,0.0,0.0,0.0,0.0,0.0,0.0,0.0,0.0,0.0,0.0,0.0,0.0,0.0,0.0,0.0,0.0,0.0,0.0,0.0,0.0,0.0,0.0,0.0,0.0,0.0,0.0,0.0,0.0,0.0,0.0,0.0,0.0,0.0,0.0,0.0,0.0,0.0
GFGN,0.0016715829150670252,0.0005420323599552851,0.0024821770409629153,0.00010732716332910062,0.0016069718501039538,0.001364027560611978,0.0009690788263545982,0.002179685572172568,0.0021497383396318734,0.0022929586967595536,0.0016803082306837871,0.0027421729612918926,0.007785848135471162,0.0023506809899015977,0.002985344024024542,0.001137805828994198,0.0014144640675976226,0.0018485543678214242,0.001879148647326894,0.0015288899420986166,0.00047657561961817385,0.0032280423819115744,0.0027044431395225636,0.006322542267418258,0.0020326994673106284,0.0023460860250863525,0.0029891680674144967,0.00021281054572149657,0.0014643718025412465,0.002781056462724488,0.002127024943540011,0.07008551471897423,0.001089054401005695,0.029003996653186204,0.0014424807774324378,0.00011345953776224839,0.0019339317983346526,0.002171071847379862,0.0005777887720201844,0.0011424527468189367,0.0020084371487184846,0.007435580463643533,0.0010801002871322104,0.002361405047562472,0.06370262007701556,0.0012978100971426287,0.0004275051158060203,1.3831728551140603e-05,0.0003025048557492432,0.004554423794963844,0.0002548811898411504,0.003308521124698876,0.0011619505639731858,0.0024536481747086266,0.0011461403018376611,0.0004514306138377173,0.0008013856661305606,1.7886798239158082e-07,3.7509594114647297e-07,0.0013662225211986184,3.4993662791336734e-07,0.0016062961195185783,0.0021326136734865094,0.003619851300742719,0.002444300650616101,0.0037796489507249433,0.0117025419687866,0.003240664700845608,4.2385576733106566e-05,6.163584143936046e-07,7.089182220289112e-07
GFE,0.0005127353707455307,8.669159419129048e-05,0.000574545124829548,0.00101511855322658,0.00012375248815679762,0.0017434119564108661,0.0001598008274201201,0.0003694610215024132,0.0008919401972115772,0.0006696247680691673,0.000620280348691007,0.0006813938554532888,0.000254772641080917,0.0010422119523210269,0.00013863430222570318,0.00023213451500626663,0.0002541342831716128,0.0002199649002043154,0.00026090564167792404,0.00041415932471258667,4.1541148929223325e-05,0.0008402118077236453,0.0009325465470988841,0.0002798376909940592,0.0004995236875478588,0.0005040081760523038,0.008022858244895898,0.0028533922407832793,0.0027064029606050427,0.0017498537860759522,0.004112773841282285,0.0002543078675415604,2.4422913882310787e-05,0.03439315262016781,0.004533357759009884,0.003686491270390629,0.0029445226779712466,0.002647414582474342,0.003950676594917944,0.0005084137039083664,0.0015391324445533836,0.00044965101785954384,0.002113929862201903,0.0012334835621033524,0.0039789285472950275,0.0010150029662417044,0.00037165168499124214,1.2834274600426266e-05,0.001035319863499186,0.004026456107695443,0.0006775025562878637,0.0007943860245874422,0.0008650858089762819,0.0004977063371266357,0.0010674308765360678,0.001354364903237748,0.0007793232901030861,0.0011306536436044557,0.0034229019942093836,0.0014609886191353353,0.002195882595799006,0.001004246735691173,0.001227541348197795,0.005333873606832322,0.007375565352197973,0.0007060079400894099,0.00018871662975636586,0.0003292920360983988,0.0020865378262513445,0.0012902154651035346,0.000723776777567069
GSLG,0.0012745421171671562,0.0033016779973629516,0.0001239467224651625,0.00013003387673562436,0.003122200502722948,0.0035493151237329826,0.0005855406431172767,0.002066041182427912,0.00022345241435720872,0.029183896196756147,0.00047051270871896955,7.990927522776112e-05,2.9440536725654084e-05,6.473146388669098e-05,3.3647617293909705e-05,7.162761782688588e-05,0.00015981911495501126,0.00011621738435744336,0.0003133715577308977,0.00011009703962753747,0.00024459622102061547,0.0006063707194255446,0.00018648716695226329,5.254171852418796e-05,0.00016168708600323585,0.00022824298737532172,0.00033955429344299505,0.00042401440803450463,0.0006680376935024475,0.00010295672970043179,0.0007321407801053406,0.0,0.00017945711278962454,0.0,0.00029104315861829444,0.00017786274676311457,0.0007776487763181641,0.00435710575300442,0.0001533128714534948,0.00010770788016548381,0.0005611205229009293,0.00038261156056112496,0.00024873379220331554,0.00018046205210660163,0.00014482191091163136,0.00010931181003122029,0.00015182440963821167,1.4803839136353137e-06,0.0028451051487181724,0.00027330940386667096,0.00015371466634525233,0.0002327087254189023,0.00017766824403814624,0.00023163616299572555,0.0005083563192658457,0.00548076166171266,0.003151268573957485,0.0005704551207767992,0.0008833010022877784,0.00030377121911253485,0.00023395819452887653,0.006589356634880974,0.001380830746403858,0.0003562225429304465,0.00034919796071694045,0.01738286473196529,0.00010901546040230787,0.00031926546128672437,0.0006968038759914694,0.002442643779178688,0.0010021216554401112
GSLE,0.004269432849893034,0.00037847512940886814,0.004932247498446288,0.008651053660349427,0.0009482124678255096,0.014293815371377023,0.0016941192715718856,0.004214045297844113,0.009677192229150394,0.005683344617246588,0.003984846594350985,0.0021346472042483066,0.0012917049342854355,0.0024043756870109696,0.0013418657762371037,0.002377218832754408,0.0033562231768677875,0.0020351877159941406,0.0034086544944423587,0.004500768551343399,0.0004662278343463523,0.008996271471146086,0.005286896255564321,0.0025486171833893545,0.005560728252388193,0.0054873951043417765,0.00486607987171979,0.006205478416479115,0.010325251459959809,0.00813938274697591,0.006544974614651705,0.007088925038983128,0.0012870979866230635,0.004958947457960413,0.010347275031199437,0.0025288901213444907,0.009721587135740827,0.007889838024688033,0.008146158485904328,0.00110897662855118,0.0022047938911099654,0.0034204295193599604,0.003502332411969626,0.0023082077419659024,0.002868504068246372,0.0008842146541102112,0.002432581998402823,8.44904458112346e-05,0.00949866560284358,0.005988508215054665,0.002803233107351953,0.0019122561245596703,0.002707059296833366,0.004067249924348776,0.003264643312863655,0.012537595856915619,0.005614183167155292,0.0032324702209304466,0.005325591982041249,0.007874592740725125,0.004260338132919202,0.005062429195850424,0.00833709819941742,0.009774675994526782,0.007767210261494951,0.005063963214778089,0.0041178734767540505,0.00213570222941885,0.010550441860134013,0.0067224731635858095,0.009010468406383643
