bea_code,111CA,113FF,211,212,213,22,23,321,327,331,332,333,334,335,3361MV,3364OT,337,339,311FT,313TT,315AL,322,323,324,325,326,42,441,445,452,4A0,481,482,483,484,485,486,487OS,493,511,512,513,514,521CI,523,524,525,HS,ORE,532RL,5411,5415,5412OP,55,561,562,61,621,622,623,624,711AS,713,721,722,81,GFGD,GFGN,GFE,GSLG,GSLE
111CA,0.19726865507735158,0.011506032819926557,0.0,0.00024480262800812686,0.00012152453038279034,3.722765790397758e-06,0.0007456380993398885,0.008034796258257489,5.202445946575874e-06,1.8834413350992745e-06,2.5394217452767263e-06,1.7847862443041288e-06,3.1749140839234454e-07,8.3033567415761e-07,1.1030322958454988e-06,5.997285249635546e-07,0.00010000710601057421,0.0015152539650732,0.2071412820861445,0.05787188175326688,0.0007180300837013183,0.001232716759640237,2.443866185811966e-05,7.14530309204561e-07,0.013717252234159897,0.00038549257697252794,2.204063639528821e-05,0.0010326589659625236,0.0007664210302358707,2.1970153065806684e-05,0.00017771184192097295,2.9285760382557055e-08,3.2467371588342877e-06,3.5577007857537e-09,1.880524936554941e-08,2.312369448415584e-08,0.0,5.268565544541027e-05,3.657357305492193e-07,3.1575166563239453e-06,5.620829969963561e-06,2.2272803140920447e-06,1.3952928515091275e-05,1.9125912230610987e-05,1.4751613149022491e-05,1.96681583713792e-06,7.220187993235632e-06,9.469157130057711e-08,1.387205330955844e-06,8.573327502484536e-06,1.3587539139107957e-05,2.5161224452372878e-05,0.0002635212368161901,8.013852619300266e-05,0.0013235437005295774,1.1017062020702648e-05,0.00029349513725337176,1.6222839410294123e-05,9.170216088641402e-07,6.481866014308464e-06,1.349006318746514e-05,6.693214051714527e-06,0.002873557994166638,0.00021448411081810976,0.004770125466334222,1.4388562639585392e-05,2.7387714414479236e-05,0.0,7.947252664245251e-06,0.0011893886604622365,2.8353866383081904e-06
113FF,0.05796540963442491,0.10418032442656466,0.0,0.0006939692553635819,9.495889799862763e-09,1.4940805249165947e-08,6.679703991246344e-08,0.09526469935799978,2.2786864723690484e-06,1.908682997807682e-08,5.861923259816132e-09,0.0,0.0,1.0887227896545623e-08,1.1264001482934842e-08,0.0,0.0010652126329829153,0.0014404269098447448,0.006436190548151654,3.683410261397846e-06,0.008533374288714328,0.014604501590849419,0.0002363701244127313,0.0,0.00034519166018197117,0.004539087461497252,4.761126382433324e-09,4.733025232616386e-08,0.0015917292804621369,2.775680290378998e-08,1.813662923753136e-08,0.0,2.519463950809162e-09,1.8495581171668926e-08,0.0,3.621320671703173e-08,2.8988764044173476e-08,1.6183002087726683e-06,0.0,1.0207392577796457e-08,0.0,2.1323851057322973e-08,0.0,2.9774000232712114e-08,2.580324495990798e-09,9.816865079007502e-09,4.677462757055312e-10,1.718251356836357e-08,0.0,2.886845026156198e-08,2.8988529956034796e-08,2.2763297538778916e-08,5.03606788563848e-05,2.4192456361537083e-05,2.355736688503722e-06,0.0,8.090752358442361e-05,0.0,0.0,1.4593049908638927e-08,4.214618136246444e-08,8.408677001004535e-09,0.001202598812406208,0.00114515091585823,0.004094124797614025,5.736783149396269e-05,2.555815157207585e-08,2.8891892389053774e-10,9.118817773612007e-05,0.0012209252981813228,0.0
211,0.0009304171914112389,7.629673743234388e-05,0.04763626259906539,0.0008815820135974954,0.0006025619503316823,0.02719299063151697,0.000985565031651405,0.0002600988120951351,0.0002125481122090795,0.00033520630399398396,0.00016697953819830476,0.0001357555432255335,2.609337517434633e-05,0.00022658547865699033,4.728850795248136e-05,2.2290575988575003e-05,0.0001649865250459015,0.0003309792971182656,0.0001472131279545349,8.34801821119145e-05,2.5133403262937164e-05,0.00027356053695839106,0.0002885631057795043,0.4844881819142884,0.004953815502993115,0.00019173195952092075,4.842450240870044e-05,8.75644319791604e-05,5.25804215729572e-05,2.9899174743233907e-05,5.206186129220482e-05,0.004242851316731919,0.0014086851531125073,0.002659872447825868,0.0023773107063593296,0.0009804784829594625,0.00028347912075054406,0.001737931870412416,0.001243984350863829,0.00019678599529850287,3.169186354789647e-05,3.455222347540287e-05,5.379197733445325e-05,0.00016848802686572102,0.00019694763363496223,2.5697409739339186e-06,0.00012447333020073297,8.822496404206336e-07,0.00011588065938503001,0.0001422695950229829,5.587904739196057e-06,6.959048813827193e-05,4.427776650652508e-05,3.716592674373193e-05,0.00023163967654368277,0.00046031749044117917,0.0005598412020349462,5.2949460078577575e-05,6.583429819862269e-05,0.00013941519144607947,0.0001562690773378474,6.493152088657892e-05,0.0003263943671619127,0.00012910074447205312,0.00015172415167964419,9.239138962841774e-05,0.0005237594622411879,7.899740254292895e-05,0.0066862214089892244,0.001205340815706785,0.0318738717781333
212,0.003842302894135363,2.8174316173161374e-05,0.00047920072518476,0.08396153129395789,0.0013242809309699638,0.007353489483921782,0.008361297915977476,0.00015020569941627112,0.06304643074866952,0.03398770120298642,0.001086132617948018,0.00027152435465241603,2.5857923108841245e-05,0.0005718087819214625,0.00015175419627809966,0.0002810692316914848,0.00021129810500289444,0.0005903104344214335,0.0010066947959694297,0.0010730879310851976,2.0704526714880147e-05,0.005295540449677103,0.00012524366592856043,0.008115094340501235,0.006316534520871525,0.0010303165870522448,8.106225498747728e-06,1.947475711214578e-06,1.108766355668171e-06,4.313671776790834e-07,4.335448264918401e-06,2.267139549506381e-05,0.0010847738664015233,1.4340145881382874e-05,2.7318528011491638e-05,9.947462600224792e-06,8.25194308714991e-07,1.2889448053367465e-05,2.1752083226781194e-05,4.2174402471577515e-05,0.00010745027172961553,0.000246292970295896,0.0016154318350128192,1.037443724003623e-06,1.4348886800315675e-06,2.2678210640861064e-07,6.061095196094539e-07,4.516331166280277e-06,1.191545276634686e-05,4.039443994249031e-06,5.926496658617829e-07,2.056541815475193e-06,0.0004933456073731263,4.883775616514044e-05,0.0008099998722652708,0.0003512896745701197,0.0014692519562123842,9.529918263064377e-05,7.337594542063385e-05,0.000144895738415783,0.0003460108977390819,0.0017871380652783532,0.003840680526561784,0.0004738054589835951,0.0005311403496134762,0.0012886168272642285,1.2935139968977934e-05,0.003495076546971522,4.44644303028402e-06,0.0007263992029154334,0.008698672200837362
213,4.6931082564295926e-06,4.051930222354444e-07,0.06189300481019949,0.017349407020433565,0.023363254663011368,2.1270467142190605e-06,4.117649969844742e-05,1.829586984090116e-05,1.2314161424873332e-05,1.4378199236224702e-05,8.958198571757607e-05,5.29906193741177e-05,1.672779453520728e-05,6.207392086361061e-05,3.192966103964284e-05,3.1715229496306335e-05,4.4746138542565286e-05,2.3364110669786153e-05,1.420188900893558e-05,7.61144550453686e-06,2.900366040144684e-06,2.4155618633049272e-05,9.556562742030595e-06,5.509979583927354e-06,9.973499569641635e-06,2.4975495850634668e-05,8.452268320983362e-07,9.122076637363668e-07,6.73404876320959e-07,3.3671054524903644e-07,1.0911228027195409e-06,5.8229927420368655e-06,4.994266332761486e-06,2.0241170441335055e-05,6.367330382169312e-06,3.096473619855559e-06,1.8755542017841873e-05,2.9702823584113204e-06,6.345432261168973e-06,1.248590059326149e-06,2.5856199170279195e-07,9.207799951480698e-06,3.322171289457854e-06,5.573247143427354e-07,5.859144049084459e-07,0.0,2.949243853927205e-07,2.158314554285141e-08,5.851153745890113e-07,3.409889380145849e-06,9.958961734669786e-08,3.870722165599008e-06,1.1403868662354994e-05,7.118757902956709e-06,2.1351410240490744e-06,1.9454286235464923e-05,1.1657022975003024e-06,2.8350690898874345e-07,1.5129259375906334e-06,2.956114362059345e-07,8.17656616013104e-06,2.1284729809556554e-07,3.1045944209214672e-06,4.363240118380394e-06,2.562218576522072e-06,3.0416866734233046e-06,1.0523631051298187e-05,2.3543990241560867e-06,2.7203196665805195e-06,2.704945465130435e-06,1.2714057142486605e-05
22,0.021953503373995514,0.0006012721905743617,0.021610831747676675,0.0294767199674444,0.0034486179892577705,0.04493858289766173,0.004605564063575537,0.011893230561647148,0.021863761811748435,0.016943930690725327,0.01014342141111777,0.005434974113595351,0.003897998835478572,0.004915555017175908,0.003953318081295276,0.009360491466625095,0.006817895237250801,0.004486924988066294,0.0073068057845932285,0.01365023198943257,0.001597758017694805,0.02192112843548471,0.012227713958633169,0.012339472901200686,0.013972798412734508,0.01565607605678769,0.004988828576482525,0.010671618333850899,0.029523401791657827,0.02350812713226955,0.01231853451152141,0.005269421450977521,0.0005761431692446069,0.0024311192041951805,0.00882082239286858,0.00322278833516447,0.016965098419078256,0.00366847843419218,0.014618649341579169,0.0017326902810962746,0.00225715332249489,0.006786108309381706,0.00768131560164586,0.002715876466051726,0.0016116791298346666,0.0005067850810121943,0.008844412775732051,0.00010741624161699299,0.011868031543129084,0.002293515779902648,0.0015147018826857591,0.001351927931965841,0.0022139590547234525,0.00724891737186072,0.0025010665585390042,0.008619220045265125,0.009959617258255275,0.0028247456306066047,0.0059892586269533225,0.010048728239259556,0.004243278003639866,0.0051449453565106384,0.015952962561272325,0.017351185771013904,0.016295561187868488,0.006498997845533043,0.00444631161109439,0.003599991758957906,0.01990633810391353,0.008675408131883767,0.008424819212071654
23,0.005272179857699579,0.00035805418053315327,0.0006310782255841488,0.04632596542042931,0.02347631921586956,0.007771661197219815,0.0002887544069111181,0.004353199167890399,0.00878619535109462,0.006295834605735203,0.004998414256562978,0.003248832740132413,0.002214765101791582,0.002165817139381037,0.0019087213532270316,0.0025998030544026503,0.0027341049280472426,0.0027282469408125417,0.003165517075049732,0.0032840231927283663,0.0004784513450212355,0.008235406029276016,0.005110859635676702,0.02200177906485265,0.004342972714158952,0.004865202590510137,0.002512404767949538,0.006686137606606944,0.006329291478663053,0.012000722852226661,0.005346037755671728,0.0012812236842085598,0.03408755883936526,0.0006638353248939041,0.0018739701371879795,0.0065231107982548775,0.01995096240912151,0.0045304674188714495,0.006821067351131381,0.0005025545390490297,0.00039051060259353627,0.0029707452480412415,0.0029853626882452833,0.006748435086346416,0.0028393765425918068,0.0009875044835690003,0.0006500893621043018,0.030522894245782556,0.02006234552974673,0.0025561600842367326,0.0007754708201933769,0.00018625211272622563,0.0016636852384548182,0.0023334081346865322,0.001068208285115056,0.0015145539870846671,0.00161007146400122,0.0008668652144049307,0.0016296951300558361,0.003075561036982712,0.0035067915798612202,0.0014337106440660756,0.005522104630084996,0.013187626869519757,0.0037026563296493485,0.00609545502940761,0.015296467788098485,0.0017234820446178577,0.005678761305271063,0.014625913720584926,0.17373062796972777
321,0.0019417759598763583,0.0006683528726930772,4.88768062934387e-05,0.002814298371089359,0.002605193762555077,0.00028254570923673075,0.02760927197958974,0.21420744043243678,0.001469913931328951,0.00512730082719183,0.0008686830566552879,0.0019749721872874874,0.0011159394171330395,0.005988291153669699,0.005080175986650224,0.0008470511853872309,0.09252260935179459,0.009521208347996997,0.0003309818178075951,0.0011500568404109028,3.6700282161084656e-05,0.024174869755413934,5.575215963151372e-05,1.0031892735431679e-05,0.0005147138843203271,0.007945454810385446,0.002635760702132206,0.0004653005818634327,0.0023394860051721015,0.0004831764927195219,0.0008930718813436412,0.0,0.03828345541317264,0.0,0.0005173899064669293,5.072488935184263e-06,0.0001311338092049115,0.0007923447008723046,0.000985223297284554,0.00014141373828214395,0.0007901530650506165,0.0010077988839947596,0.0026155893247223,0.00022531555585147286,1.280341395505014e-05,5.058107445095097e-07,2.644335993158364e-07,3.3429266909400426e-05,0.0038130461250856546,0.0012859832025465935,3.897261072352521e-05,7.738789725465313e-05,0.0003641449843926686,1.6362045094493874e-05,0.0010234489940709082,0.00024881474204372896,0.0002557038616817283,0.00043523717988015287,0.0005636135944322716,2.4350849137967564e-05,0.0029195680363167187,5.579661631776008e-05,0.0013416886369761467,0.003144770207977815,0.0007669260056640072,0.0020499102199897498,7.705572870071994e-05,0.00012276600830871007,3.591751531509509e-05,0.0014545078692403445,0.001023514687329415
327,0.00011982289452704329,2.1849078123488707e-05,0.0048646683493004635,0.005296025342445808,0.007029434511370179,0.00010532753496509471,0.039520518810146225,0.006075859010102086,0.11069398653241702,0.006815258226574103,0.003725553381342386,0.003547372590975074,0.0007917218179364708,0.012489765392556966,0.010759123266457503,0.0007410030509719197,0.003636790691113739,0.0040970254541907005,0.0026964292203621545,0.0004403548283081496,0.0002219597119655252,0.0024292788257711606,7.465869144484187e-05,0.005850661840852718,0.0017735381900510175,0.006794319120453793,2.644933744919306e-05,0.000519654942454632,0.00013143272160517672,2.4468438019642306e-05,0.0004094532959318106,2.797861704249545e-05,0.0001957523204462928,1.72884934240583e-05,0.0002469416344369596,1.0366449414490135e-05,4.632686730361095e-06,5.5151831863993075e-05,0.00043189972966585906,4.122005223018914e-06,1.3584221335743572e-05,0.002648400523378451,0.0014099988241887912,2.559565506071769e-05,3.914659779338536e-05,2.952268194317103e-05,8.854707355977151e-07,7.803204455192735e-05,2.9585006100169417e-05,0.0016322631025622095,5.809815513171396e-07,0.0003114543831799711,0.0019267688332479924,5.223438812135771e-05,0.000755151766411131,0.002033968929422622,0.00020990915446240336,0.0016927225374539123,0.0021547747089663673,0.000425553401464496,0.0020442148961473884,8.228688707660774e-05,0.0008840958206428632,0.000356719747916031,0.0019066750486502802,0.0016608727429221635,9.080186955284809e-05,0.0008729730096829614,1.0692841789487729e-05,0.0005142026002012513,0.007454298824998533
331,0.0003605378133056493,0.00011866628992760838,0.017760566812126403,0.00418226183171541,0.0034607512343036106,0.0004991750935694252,0.002994287257392097,0.0017763374386835123,0.010663656306329188,0.2718536650878287,0.18607445000114473,0.0914579630464046,0.015084994276906079,0.11432254049213322,0.06469556391988927,0.019329712184814603,0.03632514149844515,0.03885532561138046,0.0019593861322763475,0.0016004147543023854,1.9514575827628645e-05,0.005318101837324508,0.00024664084244539243,0.00016923182820934303,0.00019053481085899775,0.006061054134446184,0.00017714138396861134,1.8655730182648524e-05,5.916392692461215e-06,8.145769830577715e-06,3.285532519326965e-05,5.374116968575977e-05,0.007689083390154037,0.0,0.00015777254554046294,5.1909722423654366e-05,0.00015309489463035888,0.0015315025321711612,6.990175408720535e-05,3.3589692648243326e-05,5.635882286053264e-05,0.0005187077733296884,0.001247612229607779,8.60779290640191e-06,9.751661895516868e-06,3.865886855007579e-07,5.665803327893388e-06,1.0303915219175111e-06,0.0007592721619271551,0.00023192528831754986,5.717295871968584e-07,3.063908472122169e-05,0.0006775260633171878,8.244189448374884e-05,0.000564363265307175,0.0019668934425655146,0.0008240838057000812,0.0001360413125942986,4.8601290918613206e-05,6.162671139363955e-05,0.0012299886841567254,5.1246980307226125e-05,0.002116772147835269,0.00013655275452416896,0.0001323830614891473,0.003365951392210256,0.0007448285093135055,0.001380792682475401,2.7791992272374153e-05,8.115055082467558e-05,0.0017018326523031214
332,0.004389380386548444,0.0010679352402387854,0.032364003468987476,0.008365592592643408,0.010615978360226654,0.003476923008127382,0.04960261419191824,0.02245445210169857,0.015246132141438475,0.051417287426078616,0.1130021593714321,0.06680197881685629,0.020752308312192515,0.07770432127941751,0.0408100135975687,0.039265818629570466,0.05538578677217449,0.028927135162287964,0.017221556093355926,0.009701777731910824,0.0037180413321435627,0.029998573057232063,0.011516717294273175,0.0036524487576936344,0.011514530572051925,0.03072451314408916,0.0010157082366492355,0.000986892292645993,0.000752966310001406,0.000529439407906291,0.0014001413436674306,0.0,0.004095547284939915,0.019232352053245954,0.004357223172963996,0.0022840357946421015,0.022951783762681536,0.00672123526672527,0.00639720460545809,0.0014853488387568097,0.0003510526198516302,0.011250141647414965,0.004119205414178092,0.00041261845861450516,0.00041859371376882327,1.0521866917564585e-05,0.00017915873535882254,2.2242610987589242e-05,0.0005213296632291567,0.0039505532725342025,8.462276831915357e-05,0.004654990629475571,0.0024764483318642397,0.000991911276210906,0.0023891269257610838,0.023418619056316314,0.0024218008998880334,0.0003746702095899278,0.0018540625024228443,0.00015925330418649518,0.009866469972836647,0.0,0.0036762922826609388,0.005220327778960832,0.00295912174125411,0.018057371701968007,0.012168555541760998,0.0028245383114402474,0.0028231498055218515,0.0014936821256413115,0.012819538460059154
333,0.005472155054412142,0.0005124049316383659,0.03414910373088875,0.03439010768004086,0.03688500263130847,0.002388386214783586,0.018594636518714378,0.002736510504853355,0.0008143962840129712,0.00782141103178373,0.013957816235231514,0.08673250471678318,0.0014004108838039696,0.014786988234197896,0.041925239057829904,0.01024926857579662,0.0015027831858099932,0.004386153821648688,0.0039841057720855855,0.000525724935515183,9.905043065436737e-05,0.005102761186778751,0.015762401704880916,0.00024904172137357874,0.00605355186034695,0.009385274267735822,0.0006116971708686137,0.0005360091868809234,0.0004372766968652452,0.0004128917431785,0.0005473506389635315,0.0,0.0008300788047491319,0.0002734857686383194,0.0009662028581610424,0.00033966850201796447,0.0006447434848937754,0.01419403309203613,0.010882439121694776,0.00014565922089244504,0.00019059741009050662,0.0013806693451533345,0.001854847719799932,9.602066676193889e-06,7.34166155344869e-05,0.00036735454161710893,1.2452125228202635e-05,2.8610799626604388e-05,6.901923635333557e-05,0.0019225446982396425,5.847120399205046e-05,0.0033661342680601208,0.0010872396896083195,0.0005703915738694259,0.0033420922312544306,0.031759675513473036,0.006913450198557811,0.0007530584379729652,0.0008936005076247153,0.0006392955353990107,0.000915760465883889,8.510371226756959e-05,0.0013409175974811011,0.0002096548889409026,0.0008270567922425807,0.006446641502992797,0.0034282951082137587,0.0006090970876605252,0.0006191546233044456,0.001673723112062944,0.005794605816963426
334,0.00013903176411986937,1.1847218148297929e-05,0.00030415686214681746,0.00025788262131952303,0.0005358946394440138,9.186187586278929e-05,0.0035792036159412333,0.007424607219646617,0.004181623344402232,0.00504190450279118,0.013369853612673155,0.01734189463798966,0.10668865431400143,0.027214117927881074,0.029164860128403518,0.06035070779117683,0.011076676929791899,0.012843382449072432,0.0029779187393591394,0.006243685229784495,0.0025115792903823027,0.004683414930320676,0.013073378807308206,0.0012032907170059118,0.00514261439700114,0.008789244780683611,0.013855900566259674,0.0025386577738082962,0.0014398711587705827,0.001574367211925213,0.0010066532231012718,2.4802584069874643e-05,0.00045944506628715546,3.1367047857514006e-05,0.0005302869091443927,3.60225315191057e-05,7.029615487540195e-05,0.00022618982314179532,0.0008824662111539705,0.004855944507206457,0.003804006321012921,0.017427121140342932,0.013680711275845112,0.0005593358407309933,0.0017144093191377898,3.424280529595081e-05,0.006736474052916157,5.929870748905624e-07,0.00021816470023289407,0.00037936043471515485,0.0027386689019224804,0.009328582421142385,0.0042979914329097585,0.009372568678565318,0.0056930346580102865,0.005446355652393312,0.003082381571169278,0.00649493705577153,0.0009985440138479248,0.0006521260090275176,0.0023520494840528223,0.00011687369496307858,0.0010661283571848084,0.0009012764389852622,0.00017050483397324222,0.004782942693195718,0.024452812175759023,0.00964780347884889,4.908347748315522e-06,0.0009744773316421581,0.003774731177296772
335,0.005217927227929731,0.00027593362166591153,0.0005103049027963708,0.000396278827604643,0.002019763346611451,1.666159795029303e-05,0.020914677449325566,0.003143240621793732,0.0007493631720549568,0.005718541077190069,0.008437991614173882,0.03672923019570731,0.007154594657022104,0.07463257069739726,0.009959652763789238,0.004433415025202817,0.0013613382748885595,0.0049263666862350945,0.001479309564369602,0.0007342774102116269,5.1367145884728835e-05,0.0022924240899323683,0.0009510086594596206,0.00042260870116177305,0.0012999991409705417,0.0037598370017624,0.0005294217722950023,0.0010039841668115568,0.0003794772990072442,0.002189291563377915,0.0003031245184150094,4.27134601640138e-06,0.0019144811048589297,0.0005193253374818493,0.0002196680082110089,0.0013960224643698557,3.56494273185296e-05,0.0002479306577192853,0.000944176695376581,1.4344113035697639e-05,3.395786156150448e-06,0.0041102536517917745,0.0005990258403166855,0.00014350700355609503,0.00011904010728480087,3.939545966347858e-05,4.092999462862428e-06,5.338607588575029e-06,0.0004975341587307269,0.0008605244805266246,2.754147238929875e-06,0.004767237712355055,0.0021910477054200477,0.00011494385219013537,0.0019263180870775789,0.007576515684058444,0.000960836568066896,2.329367321996204e-05,0.000805496937476976,0.0036500663907962573,0.0019244686374353954,0.0003491140434579154,0.0030871593021338066,0.0018490838008375816,0.0004323401040757843,0.004130470679510044,0.0037910246276539523,0.00817333868858432,0.0004417492756200721,0.0005204329498966416,0.007891256720924908
3361MV,0.0036124633502469024,0.0005751868146584818,0.003832242924393952,0.006314977511864498,0.003913324855990766,0.0002673210745329092,0.0013815126310419443,0.01300960061344571,0.0034690156492895247,0.004899936402601388,0.004112284781276854,0.028882717485893643,0.0028424659458923646,0.005426076001085217,0.2862925038542482,0.011016510129463572,0.005989414103743986,0.005026750413733836,0.0049149273696660915,0.002819916579502647,0.0010169000262424234,0.006660141906147796,0.0018318472360821804,0.0007370235393321548,0.0016746782878150812,0.0026611075880915813,0.0028180292699789915,0.004689237208706453,0.0060853968681284995,0.0014568529347909849,0.003770878107880599,0.0,0.0007454126187639987,0.0,0.015415666736217751,0.0034444955460101357,0.00011396913268254413,0.0008857771492347695,0.011131331000057908,0.00046772061720453263,0.000873715437402136,0.0015658021547650858,0.0008907437045773623,0.00011358197665573008,3.5453928525854635e-05,2.0525733400120985e-06,1.4802811608438908e-06,2.1433602007537186e-07,3.351760551809455e-06,0.004583092665320536,1.2532379272716337e-06,0.00019019327193760293,0.0012446755878781973,0.0009014660326400825,0.012371705995741418,0.01040507111819932,0.0020627066093769747,0.0007239062827491353,0.0023171853582118823,0.0006885304419813899,0.00981230559675481,0.0001900142843275852,0.0008587100468110736,0.0007518160015406996,0.0013030968682562535,0.006611800471443629,0.013577439318528024,0.00039600072052624547,0.03830801742878061,0.0034420936318440153,0.004213144790609924
3364OT,4.0789263402609415e-05,0.00015106789723313123,7.293978650122443e-05,0.00011969718444901807,0.00012509051527539132,3.438215842046253e-05,0.00010866651123902372,0.00018529976695469058,2.9088044113470228e-05,0.0003975099738597553,0.0003393463193474704,0.0011717503794356448,0.00015645396218577564,0.0002601724157651868,0.002698868961994531,0.2037539833868376,6.82261398837967e-05,7.244628273603638e-05,4.8905303536204716e-05,2.3756496328401092e-05,1.2510328048466496e-05,6.582748519937565e-05,7.083025642620085e-05,8.709717451388476e-06,3.962020766317552e-05,0.00010273603579526916,3.481480950097293e-05,2.8347501302947665e-05,3.324115612509844e-05,1.2648841837749143e-05,2.1941934101837206e-05,0.007444600868012838,0.012276927144841753,0.007210477580708512,7.430831002636059e-05,0.0007399131879504382,7.767397006519362e-06,0.006994838789509135,7.002363895997115e-05,8.188562529818906e-06,8.928564995035322e-06,4.868564925540124e-05,2.4775659496228342e-05,1.536396011774975e-06,2.5689115654207717e-06,1.3634081108617818e-06,7.599247024489298e-06,4.431980150674469e-08,1.6962392184904415e-06,2.7996303048614158e-05,3.2409416274852043e-06,2.9480161277653696e-05,0.0006116004432343858,1.9629054954281276e-05,0.00015645104975322847,0.000919126266888701,3.9937662112470544e-05,1.696444875366868e-05,1.782321186607296e-05,1.7122096984587824e-05,5.5542053989743094e-05,0.0,1.6537450339579993e-05,9.313589544985277e-06,1.3243417199031795e-05,0.00022385704460968795,0.05979160665273511,0.0018334283696527715,0.00019037321860091873,2.29589794574503e-05,0.00040464937364076935
337,1.3809704618132629e-05,3.2286900520550127e-06,2.301049797624788e-05,2.2466793296233667e-05,1.9805029876961857e-05,1.0010834443202686e-06,0.009164316635509609,0.0028635500258839606,4.618385031825492e-05,4.614550662486023e-05,7.972339242629858e-05,0.0005827378244904598,0.00020707423489918034,0.0001033495594303488,0.00010103627325662151,0.00010633131022338758,0.044245427946699056,0.0007047673304571502,1.2761995753690203e-05,0.0002592923057702917,0.00014107282950553038,0.00015078464063585822,1.7423724816997487e-05,4.563647735427773e-06,1.3376983440094424e-05,0.0013188462227415629,0.00032379100492019666,0.0003522399534284212,1.2143025349833203e-05,6.651475936878096e-05,0.001077246050267974,2.7850842770403307e-07,0.00016923939319735321,1.1353643588978868e-05,4.62947146724552e-06,1.853811401666528e-06,1.1772846547725086e-05,3.5333451609894603e-06,9.84638998309312e-06,4.130989169413149e-06,7.858547558417343e-06,0.00013417097263304992,0.0006747699388579849,1.9266839618741086e-06,1.3218305486617435e-06,8.343022356542683e-07,5.136194568393465e-07,0.0008938103691727486,4.0851069705989474e-05,9.378391855968998e-06,1.6063461478233467e-05,8.423183404529525e-06,0.00016607936234199893,1.0565271785056555e-05,1.1725487828635687e-05,2.7294550679475954e-05,3.3923953287930756e-06,0.00017654544314387458,0.000153146876998483,1.7790254960498288e-05,0.0008815562348689966,0.0018836190118361401,0.0020494512204268056,3.481235509290515e-05,0.0002431491605026977,0.00031943064742016554,1.6311234019595193e-05,6.882570794645533e-06,0.0006599885579476063,1.2002816019401425e-05,0.0020275098257230197
339,0.00028947792071848974,1.2359045964750457e-05,0.0002432726604855084,0.00032394430159130976,0.00019711688866332503,3.087326941519286e-05,0.000797115907239238,0.00042925856419930063,0.0004702477533259456,0.0001807254507114162,0.0005322586268462087,0.005540421036937927,0.00033534134877679945,0.004021669257651578,0.0037109499164844754,0.00035651419177917305,0.0006257722273094372,0.029492372043047332,0.00020091682326779862,0.0005390570351070029,0.009149449527380026,0.00027348604972057366,0.0007783317953236236,4.039912242716225e-05,0.0005221258038413831,0.0011457703623465728,0.0004284597095444753,0.0008033494970818496,0.0004142587076175202,0.00015762923633747775,0.0006056352417512712,8.68098864370062e-06,7.491107462292468e-05,0.0001027011190474714,4.9088320889450294e-05,0.00018501700254450277,9.887785977507474e-05,0.0003224901635793354,0.0008324913469643171,0.0001335712538689926,0.00011571114768041083,0.0003021640128708604,0.0003324137888998834,0.00011685420907511795,0.0001136420430524609,6.90372663738706e-05,3.839491058315083e-05,4.584559980331841e-06,0.0001222168385955068,0.00018717462195706725,0.00010561127879861129,0.00012515036601658258,0.0009239730916017293,0.00013460357797562844,0.002172703206515874,0.0024710758919711576,0.0007251399597793455,0.012637231096069068,0.023643685307559982,0.0016331299532072415,0.004397066022631053,0.000386959972707129,0.0009804274969070158,0.00017749136485939058,0.0006665705292796838,0.0015979262312504669,0.0051443490618605465,0.0010715342733747016,0.00016920885994066128,0.002372303919246855,0.0003070318403470034
311FT,0.07163290469769351,0.0020136460325771532,6.135088923729629e-05,3.445939116817592e-05,2.8930859571583822e-05,4.6815652149994595e-06,1.9343644603834493e-05,0.00018192382929894629,0.0036464348642045027,3.081007417975452e-05,4.4223486655209654e-05,1.667835727850608e-05,1.5478967558516678e-05,4.0846607522246135e-05,8.781516686197062e-05,1.0755618212380281e-05,5.8087184236245334e-05,0.00021367811492908195,0.17300413408552362,0.0005806446272701507,0.00949306085429589,0.001423056229528127,0.003865830440054535,0.0011378875958813674,0.00627262434644113,0.0013426734249665153,0.0010206366965087468,1.062454176303485e-06,0.0018063078987383867,0.0005277038193134871,5.704531870023276e-06,0.0004906762109849003,2.0356735986169012e-05,0.004308006083483879,3.475773700246178e-05,4.260679143550636e-06,4.4889812599642434e-07,1.7417986416005128e-05,7.281060112395596e-06,5.825829238476408e-05,2.0032989861573297e-05,2.389880295863162e-05,0.0004045836611135817,5.594269276684959e-07,7.652709385001331e-07,3.3576966282619317e-07,2.433723224872138e-07,5.288689062531149e-07,1.1240537625292037e-05,1.2168072418214359e-06,7.245949100051097e-07,1.4485168104384776e-06,0.0017959558111776555,0.00013299156182030298,2.5123174864243392e-05,4.770886467562726e-05,0.01159152870579263,9.253508246421117e-05,0.005308725081034048,0.015669157748461573,0.06078224357266753,0.0046726417720044,0.020522259897195794,0.014806234427672866,0.06566139235726735,0.0010976022573431746,0.005937407954302534,0.0,0.004835220044366314,0.025403610618996746,2.3805683927591532e-05
313TT,0.00034758110763915455,0.00012620311758793247,0.00010768137819569448,9.26388100318014e-05,6.222470868678042e-05,4.18405126510436e-06,0.0009275577186963405,0.00311602653667355,0.001985281789705876,2.641228050087791e-05,0.00011601445211380919,0.0022593077902815597,6.100667751092937e-05,0.0001276640056762695,0.0036836441023120983,0.0020827331621401917,0.0398723857329364,0.01119914061507671,0.00020145668068917408,0.17013882305221484,0.08369830692585124,0.019183932418291673,0.0034574921495333483,0.000402370346823496,0.0009821942641769865,0.00984232748595763,0.0014189841653271835,0.00011362006183075739,0.00030798921011502623,0.04343696872787921,0.0009493712869757118,1.8521412560403003e-06,8.269253492366975e-06,0.0004241966059608111,6.746694908012723e-05,7.519118861863116e-06,1.1107493792571216e-05,6.793096953961826e-05,4.607821017150496e-05,3.284402716401307e-05,0.002118057097339649,4.075411858302534e-05,3.89745664200159e-05,2.8641317507704e-06,5.930684903457148e-06,1.0604500903865214e-05,7.584338589252794e-07,1.7966055889580686e-06,4.830627450926276e-05,0.00030955987131250353,5.65279868598537e-06,1.3565300494544225e-05,0.0002606714695922036,5.9222690859860594e-05,0.0005462281884028528,0.004483640565910664,6.68352172131899e-05,0.00024593759679950174,0.0004970720267641694,0.007841674902366072,0.005307847485557639,2.4892452115601723e-05,0.0007727626717672009,0.005567241072079377,0.0003828202616396359,0.0007468826771787445,0.0018215127518888424,0.0007073216140894571,8.422305476438083e-05,0.001023629009862432,0.00028211122826104725
315AL,0.00014529625392962003,2.5118383273081536e-06,3.3746268189803224e-06,2.334533045861123e-06,2.446693825173e-06,1.0156618060363337e-07,1.1522767790902897e-05,1.7525173744260477e-05,3.217788736921402e-05,1.598198078781245e-06,2.5043019278620765e-06,1.1257933329058723e-05,8.008440066858384e-07,4.212330698047057e-06,0.0012112967314021656,9.609172445034947e-06,0.0001795256735825467,0.0011808696821192788,0.00010899479472427832,0.0008283766568913902,0.05314678711013143,8.98057030501802e-05,0.0043693786970201,8.989368781459517e-06,2.8647999687998356e-05,6.60579592714109e-05,6.997100015301348e-05,1.968335850044527e-06,2.4320057074924796e-06,0.0005142671209423825,8.606899149303767e-05,2.5495166450670886e-07,2.626644123207796e-07,4.238426805570111e-06,4.067577584012226e-07,1.3024222908477486e-07,3.3914767753117116e-09,4.1629641123554657e-07,4.6888316732549263e-07,1.4292716147808504e-06,1.03385166248066e-05,0.000636158818756908,1.4632212686524243e-06,1.1739997179546752e-07,2.3707317480620116e-07,4.3446456598625624e-07,0.0,1.4434131292857003e-08,6.031029130598642e-07,1.8500006562888907e-06,2.7796093004539935e-07,1.9216017303774041e-07,6.52130351464816e-06,1.3107939532383006e-06,7.023488005960369e-05,0.0004902902497939591,1.2966215411156116e-05,5.49866173946735e-06,1.9777694812692503e-05,4.507767974666087e-05,5.9048495244210734e-05,0.00011001468736331513,0.00032261295643831695,0.00011832003668216602,0.0004736162119380836,0.0015936613744373376,0.000245322376220484,4.665880052559931e-05,0.0014481442745863777,0.0012991323555899784,6.431343405546284e-05
322,0.0013125920188761342,0.00011379049684073524,0.00031822072149415183,0.0012303451833317036,0.0010893379891237238,0.000465481835688409,0.001764175729506309,0.008101925626985902,0.011781464045182708,0.010118923197854277,0.005788836789917343,0.005071063776232678,0.0017508340513485087,0.008787100365079464,0.008336335089834515,0.0017015626482766077,0.018332332477497503,0.014164999050931035,0.026815029112232523,0.007824521051303414,0.003005270766771226,0.2169473880665208,0.10605640530984846,0.001123662848180794,0.007626991714742718,0.018465859324356734,0.002736017322854526,0.00048136851687779076,0.002920455478467532,0.0012039481461855117,0.0011962363319960177,0.0,0.0011779507907820764,0.0,0.0005572460864307695,0.014268967971969278,0.0004250430169975579,0.005400742857937609,0.0016280352398312132,0.0017047664146518876,0.0006060496062201085,0.00041357987085539655,0.0004187739823641045,0.0008861342113834988,0.0006550179743669307,0.0010479884695088811,1.3614389104321126e-05,5.056117267579008e-07,0.00033273210438581393,0.0015225391857580759,0.0008997867199247406,0.0009149967765851992,0.0012873144428048957,0.0015118472369533935,0.004591360334262648,0.0025928289512704363,0.0012582926290606537,0.0009986823448151967,0.0012576004351130183,0.002407696036704095,0.004460606282288784,0.0002288319283827475,0.000997578402960497,0.008812258570283093,0.0051920930652649125,0.003519909471204072,0.0010331206390348051,0.004187143388652142,0.002074498879551654,0.004955681123606145,0.00015698399366320898
323,9.090882263180076e-05,6.155067262599977e-05,0.00012029813677337727,0.00012329169187306533,0.0003076223189837247,0.00031267849620839235,0.000287667434599839,0.000203921661407964,0.00019159913398444328,0.0017252764175871985,0.0002177658542800451,0.00020414891033219892,4.155070708648078e-05,0.00018207125142868336,0.00017393415450785195,0.00010496488956404076,0.0007316173343074517,0.00046928038209745386,0.00025962276783252325,0.0020587451688859424,0.0010734425782128834,0.0010855235337566874,0.01407816880051671,5.8138948063647876e-05,0.0002007861442718485,0.00035375199458058696,0.0038917907777000237,0.0010162900751822348,0.000830339812096341,0.001152010080605331,0.005374008736170751,4.316822139030049e-06,0.0002554693287722999,0.00023757078323850386,0.0004458967997712287,0.0009538055096465218,0.00027023964245080184,0.001125562390640701,0.00022665452912846263,0.009964461781851699,0.005237914375151979,0.0007827506786987067,0.005789413453509287,0.0011385015899277916,0.0021525861565653247,0.003098879761997693,0.00013316816271426217,1.0076162141662477e-05,0.0002685785768520948,0.0009413946520191577,0.001800164031511808,0.0008432844996991777,0.0029634746976736855,0.0018866949967169223,0.0029822349589174258,0.00036351435056886794,0.001530812519394247,0.0016525858942910536,0.004027148301764402,0.0008193173531497586,0.0071369142303594766,0.00404679010906222,0.0017988476907054285,0.002432798561774904,0.0012358145417842989,0.002130058795237069,0.0016311601710520247,0.003061897958199396,0.0006108526138280503,0.0037548467869659703,0.001148066698335088
324,0.0161039021213109,0.0014220812519657965,0.011126588870874782,0.013128816404902524,0.009560351541254529,0.01700270372125486,0.01573871930410397,0.004537503604671668,0.0032894012756800447,0.005042702015565794,0.0030284027173810234,0.0018823134915669064,0.0005418060225122332,0.003930485521852158,0.0009465875896455003,0.00039585685629401,0.0030913411324661605,0.006042248958879998,0.0024657625003791433,0.005000102602271315,0.0005637766027751144,0.0050696980531905215,0.005500350243851427,0.033286443178138336,0.013721987534791773,0.007843368669541896,0.000775675411954642,0.0013335460739598087,0.0008426665805756646,0.00045243339059810813,0.0008154528217766148,0.06778656573334936,0.02252530998187864,0.04249435661353868,0.037988778392184126,0.015666009933031574,0.0024573171919197233,0.02769663426275588,0.014859049679130121,0.0006533925493265808,0.00040384442594657683,0.00048388096840166356,0.0006149203525034989,0.0026938130504597776,0.0031481044849084668,4.0160500601834625e-05,0.001988695308959855,1.8121778636520675e-05,0.0018428497218213814,0.0022708842338678027,9.26201089497706e-05,0.00110464840148963,0.0009919984122566444,0.0006569322600913171,0.003849499916365714,0.00729801747453694,0.0028939275590370056,0.0015204555391715793,0.0014502681944733818,0.0025348126860011066,0.0025238446579390903,0.0009625660351894365,0.003446744139124362,0.001970299446056736,0.0024447256487196054,0.0014964493983185764,0.008430515125372504,0.0013230373284719495,0.006341197013622086,0.01949602244050139,0.029600935299346955
325,0.06413529436520624,0.009991869390799765,0.023792843807765397,0.013242505363526752,0.010859564571754405,0.0012357140213161515,0.007316381830821288,0.029539338362726587,0.02475374017634401,0.003917590593094269,0.016960077309951138,0.0065215708492931575,0.006395929826936907,0.015648951626962317,0.018301803776459666,0.0044042212502437145,0.021800795152153416,0.03739636778441705,0.010124653198897184,0.177475596289354,0.008512202618103645,0.03884595971318197,0.047599109115808697,0.06411330853950986,0.23298032476551067,0.23376539529633783,0.0008672060865272138,0.00034177458557549487,0.00033775408631558516,0.00015220894618782544,0.0009423128446570391,0.001131955683927932,0.0019416779094314526,0.0007823806689344029,0.0012259275028354332,0.00037466422001726924,6.95766267776696e-05,0.0006395496189779883,0.002442366082411544,0.0005036014880525271,0.0024233827644091176,0.0009221316153114952,0.00212666767801501,0.00010053125020189744,0.0001700467642969771,6.927094006188027e-05,5.672584990119575e-05,0.0001896487157426765,0.004327351660652251,0.00037336270716841407,0.00022570285783326592,0.00053652010971181,0.01575172642605949,0.004662146938439732,0.008601726795922655,0.012145020875914372,0.0020909938590639677,0.03539209981601314,0.019709728634680082,0.015266379223855415,0.0027833243455557353,0.002753859536889146,0.0050155571667966576,0.00045715924597283255,0.0020976717194891724,0.0045659559142049696,0.00419994296492418,0.005041611217355806,0.0010603629541085773,0.012898776800050941,0.007945218556579885
326,0.004841634755146189,0.000403673935478566,0.0004621646604938994,0.008751881991277608,0.0057054669245231015,0.0002010599703822048,0.015918784319755706,0.008946829935814532,0.0075556961794959205,0.003938071117288958,0.006534009568254298,0.022967316176040715,0.007520843264402299,0.01608496074185809,0.03234985292091637,0.008345100071894455,0.03592906656920567,0.026891411530263483,0.021418019540652793,0.010626631105787043,0.013419307236353385,0.01599971439856294,0.03301656546682363,0.0013866729121768436,0.011963797073210323,0.0815830279714298,0.007932512170131538,0.002524863185711368,0.0057534091091157626,0.002523226538740708,0.003577258978262672,0.0006265832868705602,0.0001318941004443352,0.0,0.002025443311660692,0.0005058432740010479,0.0007824749018619074,0.005428191634303916,0.002321738781424652,0.0005545811691811928,0.000952335731130393,0.006206085712738702,0.0016621878017457283,6.300569539112891e-05,0.0002015441492515605,0.0011198359017964405,4.633979858253685e-06,1.1339731273509857e-05,0.0001121801073503272,0.004037768163959909,6.902601522317458e-05,0.003262266042392014,0.0031367088300053,0.000189032841947073,0.0023615443094042923,0.0034986425040767722,0.0021727908306633766,0.007548828844524004,0.005377212831386716,0.006978658333049243,0.006436857770983784,0.0002244023992460054,0.0017872577939815845,0.0008068571764606786,0.007902591833276565,0.0034484090018014617,0.007126218025169075,0.0020054057266608435,0.00033452532826718374,0.004499853319288111,0.009178641735653904
42,0.11470250115658784,0.023282808449519184,0.034603874691892585,0.03636171233865113,0.0269866158953682,0.012007361776395806,0.052300265912954426,0.09012346366313552,0.04735963780127195,0.09857482743472316,0.05173264857050983,0.07437383630592753,0.040645900895487044,0.07866261536275146,0.10726876499565928,0.04406382802986654,0.0729327247458208,0.057232207810437655,0.08654528520522903,0.061638860416889894,0.05305198745497955,0.06995458734687514,0.04871798038996653,0.054874991813557594,0.07457343504943374,0.0815551066210799,0.025738151905802087,0.011288516890629426,0.008354700173289825,0.023671791718598137,0.01746604822973645,0.012045619156023405,0.026136057120137814,0.029046704581533533,0.03155103871825554,0.01429944374367516,0.006687904736283855,0.020603143061038512,0.01905528754167163,0.022904077436759526,0.0025786179062784404,0.015199807468136846,0.008736396821683017,0.0022416242081702595,0.0030748189018258245,0.0010844120820092237,0.003900920801556797,0.0002645029876837476,0.0029754005698912353,0.0423192502455984,0.0018296920219371226,0.007835602963030777,0.010911280780869009,0.00848131014281787,0.013550445912339717,0.027661662794473747,0.00828317191326088,0.02386712673689757,0.020428540291691492,0.014737826583878663,0.022205185426759293,0.00387597855501881,0.014796448966437614,0.010995667624210921,0.025164833706693708,0.011288199918847735,0.029734129003153916,0.011208609018334603,0.014910433324728618,0.017340184154024427,0.03358258379144436
441,3.2683265515280706e-05,1.3735149829120988e-05,0.0007544916347019204,0.0014001929909224357,0.0011108005329804422,1.475255575475574e-05,0.0012032533356480476,0.002467105346144652,0.0011547147653571683,0.00039736537760004433,0.001071282926160496,0.0050489239259480624,0.0004371763642027501,1.5410716641722703e-05,0.005964875582642048,0.0018555553050222313,0.001429665244865836,0.0016927222071113034,0.0015752252440718575,0.0003030137668865,2.0258608866442082e-05,0.0018822447867269786,0.0005665359676726301,4.880571793782946e-06,0.0006046619236902036,0.000632169713976714,1.0967830563889492e-05,0.0009839997921223809,0.0021316286030778533,0.0003396462962726065,0.0013295110517415397,1.3104908972562404e-07,8.762847177632091e-05,4.7757019579834496e-08,0.0036589025148243423,4.33527673259713e-05,2.579552843187713e-06,3.3452734194366826e-05,0.0004129263367892427,0.00014769341664499754,0.00028487590372764336,8.43415366121718e-05,2.6743109563845065e-05,3.9293557121763075e-05,1.1826434750521995e-05,1.1079343522413293e-05,8.178390732397868e-09,3.0322193725695135e-05,9.095841413346527e-05,0.001520603668147214,0.0,5.128245956941907e-05,0.00023355401599113536,4.5958336057683905e-09,0.003171409169222427,0.0005034782256759121,0.0,0.0,4.949082234849894e-08,1.705819107791563e-08,0.0,3.134656869920284e-05,0.00016051253818069627,0.00014751347572152028,0.00018536735094111162,0.001707655378275682,0.0,0.0,0.0,4.578894249406047e-08,9.81961286866135e-06
445,0.00014348268200483808,1.8540267319778094e-07,3.6935388372446846e-06,1.2478981493659715e-06,4.23658189247931e-08,0.00011331907215801945,0.00013071617749813103,1.8884476917555183e-06,2.0419823376963794e-05,3.082459873623999e-07,4.143458915485401e-06,3.3895628601049305e-05,3.1042726093634234e-06,1.3144106811367214e-05,1.1423558771508244e-05,8.349995779788443e-08,6.1396921573415e-05,5.602668348526412e-05,1.3375352020302539e-05,1.7759880968435775e-07,4.400888544742894e-06,5.935464034931567e-06,0.00025770521701097625,1.1090635361317234e-05,6.632646603431811e-05,4.3820667303494495e-06,3.7988161662210793e-06,1.7385238295136235e-05,1.1753492782595742e-05,1.9876293684024034e-06,9.5392527544035e-06,1.285680668477648e-07,3.6932749949906834e-05,4.721514005627075e-08,0.0006691123550767769,0.00023906816024458092,1.6407350725695464e-06,0.00014122100774651144,1.413913777819595e-07,2.743304061015195e-07,1.597719197762215e-06,1.6354723972516812e-07,2.9876234458338466e-06,4.969799101706608e-06,5.484671304866716e-06,1.0639680908870141e-06,0.0,2.5786991462667205e-05,7.3974266758187785e-06,6.593970171325602e-06,1.055395345323073e-06,2.0852193148973623e-06,2.8521349169658554e-06,3.44132520645921e-08,7.903853039479616e-05,2.141222090048585e-06,1.6167410864663123e-05,2.360835580080931e-06,3.144971973439963e-06,9.791317799556777e-07,4.806351460248845e-06,1.135501834847835e-06,2.3602812863330082e-06,7.606433336995661e-05,0.0017207667750883569,1.5413233525717928e-05,4.920448639514707e-08,7.259837981773894e-07,3.007269875971411e-07,2.1365352467858377e-06,2.7242816353586134e-08
452,0.0003865303824804915,4.671507315015888e-06,5.311137888618545e-05,6.739884340545489e-05,4.822034683462327e-05,0.00027753442472381836,0.000978307772566782,0.00013641526886516063,0.00010771762485389692,1.911054044192496e-05,6.896634440049371e-05,0.0004043458510676615,3.5811076247472576e-05,7.282163217451076e-05,0.00032772606191292636,8.074169254609207e-05,0.00039821627591604653,0.00038007197759465437,0.00014137660000701905,4.6724232119116403e-05,2.4672514122293393e-05,0.0001140477019403735,0.000913321699281292,1.603227198258855e-05,0.00017628401075181737,5.015827307310613e-05,1.3419205213166516e-05,0.00011309325582305298,0.00017391675599282713,3.3020333846889294e-05,0.00011695506842775423,6.357713286961342e-07,0.00010345400371228503,3.2166800292592214e-08,0.0019240149632101598,0.0006323858843794563,5.552254001280199e-06,0.00037427037715140663,1.880900548612577e-05,7.763058361905766e-06,1.7879990973394753e-05,4.290686608432286e-06,1.1326934765400867e-05,1.8551935880757456e-05,1.9130633389618608e-05,4.155915815697699e-06,4.1443080462299004e-08,0.00014272837900438688,5.935811352864152e-05,0.0001371074900936597,4.725014180770503e-06,9.096904295286624e-06,2.162131144337258e-05,0.0,0.0004010210505524859,2.9015948929258897e-05,0.00011902688765192686,9.665297180491634e-06,1.0756320235206344e-05,4.510825824925266e-06,1.7776276888435524e-05,1.6829786583590343e-05,2.6310819542097835e-05,0.00026375199771117356,0.0004153656630863855,0.00016200456497945798,2.6393824305795664e-07,8.398330586297298e-06,9.419554140664861e-07,7.36788962057108e-06,4.427983234784974e-07
4A0,0.0041553597523214855,2.785659120174466e-06,0.00036538833532655533,0.0007661227843471281,0.000167136395833933,0.0035804335093627317,0.0480935221661244,0.004121686048700474,0.00019115376839457708,8.277368616086841e-05,0.0004396413402799272,0.003056782561209703,0.0002736970105668785,0.0008952593189234229,0.0016418410071407377,0.0002824586566993237,0.0043739655775194095,0.00404891063237533,0.001140765790952812,0.0007214793602570838,0.00029639839651748244,0.0006841653569831522,0.01677977016305004,0.0007095168244086556,0.0041690707938311445,0.0003910567919857985,0.00024785002595849266,0.0026281141864829207,0.001009689131275005,0.002924785025573454,0.001278314859373908,8.458757876640938e-06,0.0011147444662417167,0.007880187344017409,0.02200227824151831,0.006937478223096453,0.00010382118375801806,0.005547477502781068,7.351799764165263e-05,4.1880806562060446e-05,0.00014734363982507584,2.1522428048682184e-05,0.0001967574732351037,0.0003223443001257861,0.0003524175904654799,7.09421516831305e-05,0.0,0.0017580214665707178,0.000424670906752089,0.0005132382750766557,7.287813699118255e-05,0.00013828916836343682,0.00022546645393939048,3.0769171377092915e-08,0.001853429253017295,0.0002126312341331953,0.0003658532613817636,0.00025817187873054977,0.00020468735875210287,0.0002588903367159762,0.00031516282471961017,0.001888640660095685,0.0018452043531936805,0.0049249156639337745,0.0084216214594689,0.0014726612852291006,1.980813940877139e-06,7.806461185533813e-05,1.0103898064080156e-05,9.254177183946843e-05,1.4358400374414411e-06
481,0.0017726535097212588,0.0013238414207372151,0.00011593321132206041,0.00020338639890903136,0.0010249494753604268,0.0008373992581223403,0.0002614452540988438,0.001864455471755016,0.0017050039322769129,0.0006167787527574561,0.0007951998119632407,0.0006606743080543911,0.00020671184120267048,0.000371019081132922,0.0005758515505854552,0.00046400194052307936,0.000903781821436515,0.0006921796834493344,0.0008416673147285051,0.0007355509124768768,0.0003858558034104427,0.0008970631710635169,0.0012149189056667971,0.0003136514129058231,0.000493019821329092,0.0012351485928983497,0.0018314140271146007,0.0003541542751485601,0.00016969528757970764,0.00020732762643499024,0.0002418333648495036,0.0008055751931030919,0.00016714711006407973,0.0018186354001373084,0.0040023308785217,0.0002543739571336486,0.0001112396967542812,0.0026788585795952512,0.001552511376434929,0.0006890369625986713,0.0013593285079106013,0.0004277996119217009,0.0020616312282400653,0.00290586244981391,0.003108549886426062,9.244838758169434e-05,0.0016094897831568156,5.497519704540576e-06,0.004101241232092768,0.002023306682155627,0.0013951175759767927,0.003743922021337365,0.0015851812631458896,0.0004387213652463563,0.003211681223749289,0.0024842650050423817,0.00131047610019984,0.001871937149388061,0.00035881116736551983,0.0008998438983847631,0.0017930966042520298,0.00043227309190277613,0.0010315768464205799,0.0005440872439552479,0.001391038296389883,0.00035867794958588763,0.0094370414235734,0.005970801876294269,0.004375785562779579,0.0010768023773446093,0.0001963070863587839
482,0.007078569253673483,0.00036427827333578375,0.0018901037287837976,0.005680149211992441,0.001489209377290703,0.00365581644420122,0.0013932148977393163,0.007133080826327975,0.014046406771129618,0.012094856719388475,0.0030373995166226306,0.0015484403609238966,0.0002624463746278415,0.00212934049027993,0.002002068298942317,0.0009185569978791109,0.003783334029331883,0.0017519823441163864,0.0064828692909847975,0.0016088641609892829,0.00022438084805835983,0.01304971013072897,0.001480499115500329,0.006694318454583289,0.006170398499165619,0.008210193141664662,8.436488220053615e-05,6.200901922413642e-05,0.00015787828675459004,7.116300150648085e-05,7.210002190100989e-05,0.0006370607478743216,0.0029488853323840214,0.00041060085045036075,0.009763640755788186,0.0002632030735848743,0.00010872889869150388,0.0008637374310248388,0.00022580528663832534,4.886373585494022e-05,5.6855487409575486e-05,0.0001686196404477919,0.00010620535389698298,5.946408333210219e-05,6.781885525306117e-05,5.4733585710143234e-05,2.283998437239067e-05,4.265175387897871e-05,0.0001387810518041779,0.00016098300739319105,4.735417772578636e-05,5.7004012432362355e-05,0.00023469135687004738,4.251717262404504e-05,0.0005565485062716899,0.0004149116637010312,0.00016677183577430983,0.0004401490397301029,0.00021657693548003126,0.000317097020351133,0.0007404809239854718,0.00011323211454657862,0.0003834325187127977,0.0003261323918144035,0.0008891684151263826,0.0001455969214887993,0.00037209007653609565,0.0020066630159037684,0.010298195182796094,0.0009134826561073848,0.00448558339655165
483,0.001391035295523828,9.688448272566679e-05,0.0009281832077583521,0.0017787167454502678,0.0005062337415695515,0.0004784203345190253,0.0005706623132377373,6.262211352517885e-05,0.0021047683788850274,0.0016936230697247973,0.00033515242437452377,0.00014761340140680376,5.202581418059505e-05,0.00040623587481242233,0.00011021784232816075,6.681678021337246e-05,0.00015748074419119133,0.000344370114012185,0.0007676702366618297,0.0006474521689111135,1.6082697868489033e-05,0.0006378374818299715,1.1340387684289626e-05,0.00035804204063544714,0.0008136070669743381,0.0005545855030784922,1.0413479445816736e-05,2.9016083513038527e-05,2.061188646543195e-05,8.000265651365044e-06,1.7815532438182266e-05,9.163441986273606e-05,9.234878549146848e-05,5.584107172662556e-05,6.567098488914925e-05,1.997593631300075e-05,6.181243191854405e-05,4.363796113314831e-05,2.785476508095946e-05,4.981256220315515e-06,3.4464068277287105e-06,2.2638195683549787e-05,2.1299933387880963e-05,4.3199629903982265e-06,4.466111395688919e-06,3.5945319002542e-07,2.3622138877983464e-06,7.17681888485642e-06,1.853301203780775e-05,2.7641658693012445e-05,3.354900300054971e-07,1.2251489905837823e-05,0.00043203839530004924,4.272065647264416e-05,0.00013893038247568158,0.00014108181965941734,4.423299061011316e-05,0.00016007753872901174,0.00011084369720308171,4.160089710980535e-05,6.81722439602416e-05,1.9867909623095333e-05,6.856544790751267e-05,3.044699207344191e-05,7.050089189542853e-05,3.577814857777473e-05,0.002090627246704277,0.00048665357514885967,0.009278123192563896,0.000271786590743578,0.0006261396177158137
484,0.02279082706250875,0.007764321434331469,0.004952483980305661,0.01593325940178047,0.004703241481033427,0.0037202752528248655,0.014662588403082386,0.0215951146814872,0.030117076342949863,0.03333442020296575,0.012458326971481092,0.011286302570446546,0.004100547345364415,0.012391154002750489,0.012553905366794595,0.005998085836053465,0.018353595818692878,0.009779831379943305,0.03234788810651378,0.020394952677347075,0.010357938448820542,0.01827514857887313,0.00992366560496159,0.021720084688373324,0.010223391579997946,0.01266025590876013,0.004740099042430407,0.007411485917905583,0.005866403929315008,0.005168228432851994,0.006562219996362983,0.01493433813091574,0.006021073172165432,0.006118957440648707,0.03717300482742503,0.0032297709294845794,0.003545162688537331,0.020768662410584365,0.011441988259585121,0.002170246246901709,0.0016055637684711055,0.0016501123503908745,0.002682511817010144,0.0003350533921111162,0.0008414939983039917,0.0002868016329267242,0.00025526939773331896,6.59962352228735e-05,0.0015778747858071248,0.002309210902907033,0.0005985737334934808,0.0011414466415090552,0.0024564592108178283,0.0007956690056991863,0.002502596228328095,0.008204270664320279,0.0015477159709496983,0.002024935857193766,0.002600366134636814,0.0023210699687338148,0.004435019331168763,0.0015368608180601421,0.003593821913506499,0.0022923013597266374,0.003605485302054585,0.002522911782783681,0.011300352583224621,0.002482895421263759,0.016259119747595956,0.003317489201107123,0.0052385801394463855
485,2.8746711957021543e-09,4.001400944050902e-06,1.7240809137808706e-06,2.2239747434102737e-05,0.0004260163977633694,0.0012002077992215277,0.00019949385741389295,0.00028742336481996886,0.00047619172194968926,0.00020447028553942202,0.0002815646191961848,0.00019422082137060363,3.0197071867467173e-05,5.642290223102076e-05,0.00010334144911489592,5.8852256921649406e-05,0.0003238339727659487,0.000259647026696564,0.00012190373561551113,7.337823586586073e-05,2.6697485463619603e-05,0.0002352872775726434,0.0004891672547126692,8.099652781537337e-05,8.158368631425804e-05,0.0003264169144930518,0.00034247161175951545,0.00021141393819254622,1.1964255514988466e-05,5.4105073445394146e-05,7.939508182667977e-05,1.2524640478579129e-06,0.0023928621664084907,1.7937351898426353e-08,2.8717866410354127e-08,5.1278889356964896e-08,3.21625275558365e-05,0.00042367893587364695,2.1520836821348063e-05,0.00032728278703496105,0.0005932066062141384,0.00048554750171176986,0.001477314788823961,0.002013034131617215,0.0015884866925116583,0.0009732548398112682,0.0007850228202280167,3.2147002962482994e-06,0.002656328562310336,0.00137705181131914,0.0010827131962048702,0.002536093051133692,0.0015632568623315719,0.0002336405192650065,0.002096985288721734,0.0011234803179235987,0.0010687182574032875,0.0015697999423616453,0.002363750403272033,0.002174522326724698,0.0007857438140612923,0.0096853769046379,0.0004224610509837152,0.0003364336787712172,0.0008444157617390988,0.00017960070882648926,5.22909488506687e-05,1.162709987052371e-05,9.47199883647395e-05,0.005456850888799633,0.0029572008875789874
486,0.000901756131116751,6.535611530484276e-05,0.030958571712099328,0.0005077117541096805,0.0002557394561977203,0.019740614984847284,0.0002515710173854103,0.00011839378335237855,8.44671450829936e-05,6.399289600883487e-05,7.976697372090447e-05,5.7194269294634255e-05,1.067794804953367e-05,5.974757773847795e-05,1.1284578754767761e-05,9.468550846182952e-06,6.897184719000847e-05,0.0001208033123293998,5.850563899030904e-05,0.00016983873595703602,1.0564501170188729e-05,0.00015569972945828596,0.00016525568870732696,0.04761309657698878,0.0006763573645705658,9.236753106320955e-05,3.144713661396579e-05,4.293178425949233e-05,2.6945588323971426e-05,1.41424179051716e-05,2.5564067292542948e-05,0.002570339899790559,0.0008471025822945716,0.0016114619225927954,0.0014358375269338567,0.0005935850082772361,9.829306133946059e-05,0.0010487206802133186,0.0005651296039661647,2.6016181247870868e-05,1.2929578062818408e-05,1.1866133042037893e-05,2.1054235329159085e-05,0.00010169824350834767,0.00011924800283262536,1.428948165382937e-06,7.541444153580769e-05,3.5169817203167456e-06,5.9430124966044374e-05,7.690349529585184e-05,3.3657445246800577e-06,4.1012552806588794e-05,1.4857350992176211e-05,1.9994373567925565e-05,0.00014884012448809634,0.0002201607775595261,0.00011156869606370698,2.408496952661848e-05,3.741109599314864e-05,6.766903429862768e-05,7.65223870234246e-05,3.397780407654667e-05,0.00012186265866107586,6.611517600897398e-05,7.92451379867499e-05,4.817286078966471e-05,0.000315581077484961,5.0495283571743015e-05,0.004832325860559336,0.000668882227610326,0.022996937537309935
487OS,3.2419036358361846e-05,0.0006149830358435844,9.454959492507247e-05,0.005192663894740519,4.2137016487148953e-05,0.013019551153255853,2.1128479249187554e-05,0.0051695292542802175,0.00675349213955,0.0006882435233610448,0.00023978394768778448,7.030968299330837e-05,5.84705696939902e-06,3.859112025084145e-05,3.8498305115281276e-05,8.532262161385978e-06,0.002858666075534877,0.0011763494798027064,0.0005200308414258265,0.0012214975994740411,1.4614994186331018e-05,0.0036870885626270225,0.004470505293860237,0.0028945230382951045,0.0002659837568227272,0.002671816241310664,0.027884434690539132,0.009217289567717144,0.0068296414288941875,0.0021533383166194697,0.014226268027930733,0.1301389474707811,0.014505840449575478,0.0526031170255396,0.11709299283476998,0.010538786764349625,0.019112976439316087,0.09877688511078808,0.03986070907154243,0.003079366017070438,0.008594997466908984,0.00014475546441783356,0.010133430743905228,0.0010401836295835674,0.008393807450316032,8.383448957853738e-05,1.950316997688333e-06,1.0629249388785025e-07,6.542513062194932e-06,0.011407199859754729,0.0022287017268774233,0.002126826092954536,0.0050520054186253376,0.004092281358437709,0.003304679874281118,0.014490308475444205,0.0008860144829506678,0.002632528086636054,0.006321910736266217,0.0017100402706276985,0.006464943210627774,0.004093015702405682,0.0045756422724489145,0.0005450814098024259,0.001325812646801606,0.0012401654873974196,1.8139842048360696e-05,0.000621762348074086,0.013462732694738475,0.0005015848180836444,0.008532043794145343
493,0.002212679084907813,0.0,2.344637853447136e-05,0.001366250431370731,9.812056845714051e-09,0.001119587044047842,5.0943556118167734e-08,0.010614399301687128,0.012897899439261682,0.00034936478651590873,0.0018556041735342656,0.0012637927906150475,0.0010928532868887462,0.000780109577062672,0.00021779567688401337,0.0002909128427307199,0.0012972853941118161,0.003098360984647168,0.0044448623793866375,0.020122671996423584,0.013948371236932608,0.014291122750253878,0.01018639250184691,0.00376065960899649,0.0033560331797282484,0.013874804177292763,0.011893539134223903,0.023313740073359148,0.025145724331847696,0.014348119219880396,0.023149267382207916,0.00012437795137021303,1.5851832397452898e-05,0.013437825421032022,0.012496631017825529,0.0023885798430577543,0.022064615468925595,0.0052298562223825045,0.04725108616831919,0.0011358902840013121,0.0023158287798726,0.0005751777561430275,0.002642468606457335,1.2728742917821845e-08,0.0,2.2147265196047725e-05,4.221189382632175e-09,9.977484518330733e-07,0.0011189229212456894,0.001887298880296703,0.0005885957127386243,0.0005232812660475763,0.0006989399856988005,1.912489829455228e-05,0.012753090773379073,0.0031712445512189135,0.0001687857898544107,0.0007041238810733229,0.0017505373564744684,0.0006287592182597629,0.001046824630358604,0.0012781064134889887,0.0008324812302558608,0.0002775446036629929,0.0018036808745299242,0.0007018223384534709,0.0007735177835259495,0.002916760094639183,3.9792462589423273e-08,0.0030337931636164163,0.0003363301003671791
511,0.0003068240634704534,5.0436338256690984e-05,0.000335293079025183,0.00019853977521680236,0.000223603456893826,0.0015597165280776695,0.0009525863962927567,0.0008681675518915675,0.00106829709556431,0.0005125161051459752,0.0008840053142153055,0.0007513175432623006,0.00020550861613803057,0.0004551483606172911,0.0001979144526936415,0.0011805513522182196,0.0010040232136125976,0.000875572696898557,0.00033065777256278603,0.000362150912475759,0.00019245732960721757,0.0006774684052933726,0.0010540449834627453,0.00019119578781077328,0.00018370846958732314,0.00042217451277755456,0.002194252026629476,0.0035504615290398067,0.001299731330260182,0.001519190966772116,0.0024233851094554,0.00032952423494751125,0.0010717643102977205,0.0004925810396894058,0.0002280959014524683,0.000393482025065884,0.00046849487162723395,0.001976557260579545,0.0010444617331486481,0.07541650493770335,0.0011854325988151146,0.0017391857586704373,0.009123600714429443,0.002616781573170984,0.0035015304148811183,0.001071739478623437,0.002515319132286716,1.9979540164324653e-05,0.0010441713381404527,0.0018136043787657197,0.004983186474554815,0.003627712317511479,0.004032616750647045,0.001907534907823051,0.0070056891225353975,0.0019821115508245153,0.0026576689683320766,0.0017098234439546602,0.0030103967159983433,0.001018989830259114,0.004145478376962762,0.001237064296416051,0.001607889275217475,0.001152590931872293,0.0018176708022649918,0.0016657057202471418,0.0015027040748400707,0.005282754094534776,0.000858874767817324,0.005711929153691949,0.0025341625625071216
512,2.2448679111418438e-07,1.0916759538063591e-07,3.8186186140765857e-07,4.592107191440746e-07,4.0866748755504206e-07,7.944993800398225e-07,8.527309199840011e-07,4.189636716855459e-07,5.623882390547781e-07,3.5612667615799945e-07,4.1852913169153316e-07,2.886204608027097e-07,8.61300812003126e-08,2.959072972909661e-07,1.7318760832886717e-07,2.309953734249792e-07,6.820802995914225e-07,5.833653895571391e-07,3.477722842380465e-07,3.3497735409048465e-07,2.0471460194416584e-07,4.0040372724340585e-07,5.320599955152077e-07,2.3801694326451127e-07,1.9189967714420673e-07,5.120693883747743e-07,2.1509401142737287e-05,0.0008645307331130403,0.0009320361038818588,5.889623992133992e-07,4.211745167042091e-06,1.382356925783483e-05,6.967116287600112e-07,1.3322712311789752e-06,4.255391553059574e-06,4.647834459399622e-07,0.0004338215093240646,4.38150082845212e-05,5.677528543808264e-07,0.0003869230100928023,0.2083118695295958,0.05452430675442817,3.1359888664035794e-05,3.266317144137735e-05,4.804672375417958e-05,1.0659913226546062e-06,6.451616905951248e-07,4.4076637486529814e-08,3.7013303056436235e-05,0.0006215257619861652,2.2351833774999644e-05,7.504046574469787e-05,0.0013240511505760537,0.0005317359057216632,6.562678234998906e-05,7.840825859191009e-07,0.001586372012964251,5.121959935130984e-05,1.7628880452096895e-05,0.002598001515406772,0.0043511975590997745,0.002539871403758627,0.00022207439093942938,0.003011901998212354,0.004161818993504687,0.0003105254113423374,5.093478952197738e-05,0.0021412512222485523,0.0003819266835073076,0.0002078556340865499,1.7704399661627825e-06
513,0.0023989637519872256,0.0003015315502037718,0.002105324003964341,0.0018723759610612663,0.0036390832798562692,0.0030861362756611993,0.004590137265115815,0.003457213640496324,0.006303856415869887,0.0017763113921864806,0.00382656089783733,0.0032615211638493003,0.0010789933105732432,0.0016840929960152805,0.0010353452385071453,0.0028885421807382083,0.0034360378902854954,0.0038936306283247567,0.0018742628488216723,0.002255507870496987,0.0014036840619120609,0.002389946768455331,0.005782826088820873,0.0007041713878559125,0.0011610285617252537,0.0026081131216730393,0.007032113006135967,0.008833025410004545,0.0046343655804906075,0.0023233328856232713,0.008191694434019977,0.005485050482465134,0.002064426998318256,0.004406578160031309,0.00439844252862229,0.00710726216198893,0.02449869494659726,0.007638183487668369,0.0010310268678218645,0.00840952663629734,0.010607056996656483,0.11384884130849737,0.03439523829847722,0.009423732561020118,0.011714184531516653,0.005066738839908497,0.007877151766142959,7.774663367738092e-05,0.010918411854629028,0.0066848096859799125,0.011881214600193573,0.007069043768177607,0.009438536579223056,0.006829295299474765,0.014618099070262349,0.009768922922493059,0.006596878134802832,0.005396044263918237,0.004588872728683936,0.006228038865168557,0.004469315238685949,0.005716272302049911,0.008736501127795768,0.015690752744343478,0.007554721242460229,0.005774863679069186,0.014126472351831057,0.027507944566323855,0.01865041685788521,0.03460868408319279,0.007445922706743973
514,0.00043032912454510266,0.0002916785816688707,0.0010252837818226458,0.0011011172741350402,0.0010949867130199968,0.00894741449383191,0.0031722253491599005,0.0055501815878024885,0.00871341979880336,0.0035684193549449985,0.005437025201836868,0.005041670728181558,0.000730383166614311,0.0036002879900539665,0.0012124354148853665,0.0048373173708358965,0.007180030074673337,0.0054043983730790715,0.0024672966907616665,0.002797667197321989,0.0014655001025523228,0.005217384090135995,0.004558907742579804,0.0012327056986794088,0.0011036819696376527,0.00289056591601989,0.005754103634931225,0.01791967536401413,0.008266633979254418,0.005521042041810208,0.013408036669590383,0.002280765091336746,0.001728973524367065,0.003183674178765451,0.0010873981064574907,0.002161836119417558,0.00337260114192726,0.004654867090294453,0.002109878182845103,0.01647549409012609,0.004952299615841364,0.007562496039567483,0.03439203626934584,0.017383319759618886,0.012710317803855183,0.004307981366845244,0.01723433984581411,0.00010789352545408803,0.003225628718515127,0.004581139921342204,0.01368895092492089,0.011616509823225573,0.014595705630146909,0.0083909925906148,0.03603976198001074,0.014685344195293291,0.011553090921682191,0.0032021778566523494,0.0065552406411712,0.0034206780859751896,0.005470259574341231,0.007491016053875721,0.008924213544151871,0.005186640171107615,0.013932471787090504,0.00934712000484053,0.0097038997244254,0.017603766972182477,0.005173464875005909,0.01748546004670453,0.011415419545497733
521CI,0.010349092543707224,0.007661799405259378,0.015313633869058731,0.012833210950938109,0.014437608402302165,0.011368504529720814,0.007224541263832872,0.007249205600796464,0.008965549736757004,0.007131327720099228,0.007616076241873812,0.006766078803054661,0.009358059264278505,0.009515428776766631,0.007819160858718222,0.0042135911181282746,0.008153473174696859,0.012148289045701009,0.004799970627550453,0.007821575136749914,0.032962925018518344,0.006863279628169382,0.009272781413588583,0.0046852333266067915,0.006119952087086855,0.008516412647878462,0.019214858185051184,0.013009744407910856,0.010735202182094599,0.013345618452061373,0.01148739341246043,0.020333273098717658,0.09878523369018621,0.036664115409503595,0.014061329486807312,0.0519135696509921,0.06774076173333887,0.010602254316907969,0.004202647744293683,0.014835272853821206,0.010491021761609048,0.024373885397365635,0.01290197623029466,0.09053496662196558,0.08729506971640946,0.0009753416551895511,0.048049647504017905,0.06428373170768914,0.04232251541987809,0.03979515414408107,0.007682929438154263,0.008132112698726743,0.01058660007295527,0.051727382915290665,0.010431301693336125,0.010413932421177718,0.0036151148943280847,0.00733019676326376,0.009832038516225864,0.0059187444852614145,0.006829055562070643,0.00852256825563682,0.018142776079257426,0.018029976535928194,0.017340317197070087,0.014790581037580375,7.975603757004687e-05,0.0265467408976676,0.015657811923879647,0.007872954556017416,0.01257871450013548
523,0.0011372890687180997,0.0002883267369901153,0.0005843294350428885,0.018160888539001885,0.0800251165767136,0.001270190800230566,0.0009381047736094812,0.0003646492430904718,0.0006880543060193878,0.007257250428302898,0.005777090290668849,0.004890165685897838,0.0005730268167494924,0.0028547639290595205,0.0030188922605818747,0.0015661738113950624,0.006898357607970116,0.005156538130990202,0.00022828788658777667,0.0002813564549041666,0.0005267813022863664,0.00025387806585310517,0.0004998544783719039,0.00019465385075774342,0.00016933259561491227,0.0004833136770984435,0.0016626687009987549,0.0006038494606801551,0.0007695867382505888,0.0007024593889134977,0.0007930587844372741,0.0037678860812130964,0.006397421596228817,0.011701021728567788,0.0009683477366311347,0.022145748734565218,0.005108523937791855,0.006833129535267705,0.00032907282411794817,0.0009940568897717267,0.005524302419846497,0.0007461466326076159,0.00047316825109877897,0.04155216667171974,0.060604332924429904,0.0032492208550554424,0.5915317402221142,0.0015027153105644402,0.00525003345260104,0.007681611119361911,0.0016980279937699844,0.0011639844332115596,0.0014343380004538356,0.015544624881260771,0.0015846795213725253,0.0005433383285266408,0.000474619984443454,0.0016624732792217933,0.012020895382559413,0.0017954614556502772,0.011849928463825769,0.006161518743393638,0.0010134500690268612,0.0009546477523644193,0.013270845981028331,0.003145609897347575,9.870388729808661e-09,0.0006308101467631642,0.0006150825372595928,0.00047866051423622413,0.010487763997723745
524,0.013062989561109921,0.005367617907300363,0.016046391048649505,0.008087990021364901,0.029548738773207624,0.003629578781241703,0.0003434566442991668,0.002303940866891623,0.010012465380661148,0.003870986252948758,0.0034638624511706827,0.0050083918569470845,0.0009953094700116058,0.00801557352771185,0.007093649093007946,0.004283303742887084,0.006355298795550856,0.004257805914156482,0.005023574277909909,0.006037289710160914,0.0036633951177325085,0.002890131403102123,0.0012497091651475878,0.0014711626186095902,0.004032807717500623,0.0038376689211549646,0.022223029204417925,0.013061378330648294,0.007186294658059789,0.007491738105244056,0.009451530181359436,0.003928958449500539,0.0005503925435231052,0.015634126695121507,0.040137498647940174,0.10773059212253645,0.008518779812608372,0.018677934049034096,0.02159583115516826,0.0014861971256113272,0.016958045038640953,0.002650626483487342,0.0025834326605380597,0.00503495909019813,0.024617768349333182,0.33855671738784376,0.09398344457867781,0.003637727594421752,0.03434863401814882,0.03047041956892215,0.012059656256662249,0.006378180904814951,0.008676343042163298,0.0006713893419863428,0.012405403265561511,0.01636329353632118,0.0054273159008973145,0.01163222571068981,0.019047056141793646,0.01313427295967684,0.062354835321063,0.01929940223733364,0.017303272199172257,0.008228670613513803,0.013108846403331395,0.004220370804351118,0.0,0.0044726177850001846,0.03364574581702192,0.002509300156278681,0.026458157916191726
525,2.4370082088883057e-08,1.108322561712173e-09,3.36594523048562e-08,3.805889619755564e-08,2.182209146729959e-08,0.0,0.0,1.888012720077175e-08,1.9652726538600024e-08,0.0,1.767218905944654e-08,0.0,0.0,8.292646254685822e-09,3.363102362455696e-08,2.4950314215931604e-08,0.0,0.0,0.0,0.0,0.0,0.0,5.157416195896687e-09,0.0,0.0,4.5972175412966184e-08,0.0,0.0,0.0,8.767804260049411e-09,1.8723389524545736e-08,0.0,4.0431306242138613e-08,3.752675424147454e-09,0.0,1.3605193021400036e-08,3.077456121294612e-08,2.949092527156202e-08,1.6961008058588857e-08,3.981776090727798e-08,3.098236548548646e-09,5.192037034895725e-09,2.370795385618126e-08,0.0,0.0,0.003566285209166649,0.05735372768612634,0.0,0.0,0.0,0.0,1.4128450488910672e-08,0.0,0.00012192379929234996,4.158967951660356e-08,0.0,3.379192093003696e-08,1.6659992230927505e-08,5.604378666966692e-09,2.1725385287697826e-09,1.3343546383550836e-08,0.0,0.0,0.0,0.0,4.7707779510584425e-08,0.0,1.8330182859441855e-08,0.0,0.00045856920718213357,0.0
HS,0.0,0.0,0.0,0.0,0.0,0.0,0.0,0.0,0.0,0.0,0.0,0.0,0.0,0.0,0.0,0.0,0.0,0.0,0.0,0.0,0.0,0.0,0.0,0.0,0.0,0.0,0.0,0.0,0.0,0.0,0.0,0.0,0.0,0.0,0.0,0.0,0.0,0.0,0.0,0.0,0.0,0.0,0.0,0.0,0.0,0.0,0.0,0.0,0.0,0.0,0.0,0.0,0.0,0.0,0.0,0.0,0.0,0.0,0.0,0.0,0.0,0.0,0.0,0.0,0.0,0.0,0.0,0.0,0.0,0.0,0.0
ORE,0.008742201993260965,0.00028327325883087086,0.006502224798159525,0.001742362080780087,0.005125287623033899,0.011541480688279385,0.009565528901663076,0.00513424490576388,0.006713544946318064,0.001888267517350254,0.013843976093642447,0.004277769347561834,5.420378925347629e-05,0.004296056050962275,0.0003928043207840333,0.0012110924871115611,0.014850073339201571,0.007069254511891238,0.004477464586838886,0.008923837520580456,0.0033106428690463825,0.008027839477709978,0.024694206847035924,0.0002672012425760337,0.0011832241903739127,0.010607133586398431,0.032699474045225066,0.045160637527399246,0.0932199508655834,0.06518216931777769,0.08764490205279475,0.00042443486478906177,0.00174045528511819,0.016621272923542544,0.018853528603464564,0.025306866393342606,0.006106929954388579,0.023699899486896988,0.06359578175347458,0.01833356783131322,0.026108175115651822,0.03271597922889568,0.02490878547685505,0.02495672874986773,0.043914219554243954,0.020146035454694997,0.004725981076656529,0.0026968115077782946,0.14276552893980832,0.025764596160794677,0.056262893114484944,0.013097130619199739,0.05449467681091988,0.059345811567017175,0.02617180408686048,0.026761677384273597,0.0914982586003351,0.03929011958287567,0.08094166204052618,0.09688256498668193,0.049451848975191504,0.08380271300927924,0.12212401448940108,0.015520020663652745,0.05674188016446454,0.07774244147714496,0.0002390592512399151,0.010473912401906618,0.004115849193727379,0.0039579165330401985,0.005370231722973962
532RL,0.005608567613224718,0.0008792982487534425,0.013468963227752923,0.01829670611075252,0.027086778539045613,0.004212531914811214,0.013628904162911196,0.0017857529672393642,0.00532360939651221,0.0025564368382517528,0.004603896194903116,0.0033378463067596023,0.0013472287261822138,0.0028954270471976433,0.009062183648205636,0.002558034837032801,0.0030250909333889965,0.004271638038059309,0.003094512676531083,0.0012675386517484763,0.07608817228579079,0.004513040946531993,0.004959943188524423,0.0032993251514944902,0.004474039844004014,0.003486325753710089,0.008943585882267301,0.0020318922327554954,0.003740339098663902,0.010166471548863484,0.0055226091836154305,0.07907353138186457,0.08215394444291974,0.13528841841397118,0.05315126317118447,0.008634892649412659,0.0009997512624244902,0.009191305704203902,0.009231672906531459,0.003924475041491222,0.006618597349489178,0.008963774743285791,0.022782841125478796,0.003155868479153017,0.010200005785572477,0.0023306730332228053,0.00020263662473801985,0.0011701769416905146,0.0023612129685080235,0.01984880159627289,0.005025789198409608,0.004012013064396597,0.006997852386095295,0.02799780898653581,0.008340482906635194,0.017482479592964804,0.002798633695892526,0.0035299072280455274,0.0034281812779153762,0.0016197349920797504,0.0018183727959384397,0.009557187625467872,0.013079546986421005,0.004555481334558951,0.013686788619248234,0.001928419099418469,0.0004902200034921458,0.00028614931797397053,0.0012742519959398194,0.003291752488657811,0.001139334913191417
5411,0.0013102731357095582,0.0008255776690558287,0.0028622967099745443,0.004802892791766081,0.0035712863260774523,0.011359180634298574,0.00390170536814635,0.003634352606457527,0.003391509529278631,0.001853777855151182,0.0054008082301570575,0.0026616689746008673,0.000924140128815779,0.0009618463704966512,0.0019099784976597891,0.0012891270608125388,0.0036888437397329357,0.007423282310331596,0.0012925964736109296,0.0025551091954521344,0.0035754649405774545,0.0038415398150352447,0.004235744395320609,0.0020216951041559495,0.0012875989609239765,0.004086154684142828,0.007459977712151193,0.0019721552693282175,0.002755347560073671,0.00266421991905063,0.004352259764923972,0.0010258495796441462,0.012037183704416953,0.004091204194024867,0.0006371804406792062,0.0020754292425434755,0.0011680297827227398,0.002199591797386978,0.002214887299155945,0.008528957604998137,0.007408054753181518,0.003386434777136833,0.010446674386425296,0.005429191673022065,0.016616631696675405,0.011946985462805959,0.014459725798283809,0.0011825433684585,0.006554780003470972,0.0022555351249330417,0.007560564020880012,0.006347864541353357,0.01625539735358023,0.019073729174391953,0.008512443339242356,0.004140034090539121,0.000952964960029962,0.003480197882763308,0.01817002720420346,0.006478236426527683,0.0034376630449258995,0.011646953723565738,0.017185025770701436,0.002427682492661333,0.002337314633728226,0.0058198397172574,5.673306667698596e-06,0.0004978749700018974,0.0010965865326976612,0.0074374502364051446,0.003787532452199946
5415,0.0015295497530421367,0.00025401011257294477,0.0130559985274378,0.003500745519304541,0.0007170389085601439,0.003704150137596426,0.003026938921595885,0.002333726655940227,0.00281569565405071,0.0013883691440471097,0.003939363591930988,0.005246109455450659,0.0011688715035624345,0.0009167272759067153,0.0009692110860470925,0.007187445696500534,0.002988430695963313,0.00296403984999252,0.0012621443366232139,0.0016713221616283058,0.000669328866850089,0.0017531993242881287,0.004628193296816478,0.0016795075881827078,0.000527302866218315,0.002242020128154799,0.0078825430491525,0.011319813159982298,0.0031781127233864582,0.0056793681944841,0.005242874307894233,0.0012706938322282664,0.013729386363973693,0.0008759868932640865,0.0018476369535524737,0.0015434179717126943,0.0002394768038599584,0.0015624366223669262,0.0012490082063560566,0.018922162847714478,0.005423969369173648,0.004943160732492322,0.02532202647597742,0.006050076039461596,0.0164288250294116,0.006223987101464734,0.007678740571461623,0.00047111231617032835,0.003062397140364546,0.0017115831717489593,0.011655056913148653,0.014583646070719603,0.005437835462923138,0.003555678961731014,0.017163297507976037,0.004363927658908613,0.004917431029016482,0.003417798355007398,0.005174065225164855,0.0040858396410055,0.007406034606646208,0.0023245899774252017,0.006891902710606922,0.003927587618767075,0.005588927861141474,0.0035873269779786304,0.009606855648854093,0.04312373829676572,0.0011892650035230012,0.013270242336529722,0.014277685289690957
5412OP,0.00519226375395426,0.003593535438598969,0.010946231776149777,0.012759559331786711,0.0120104606998583,0.02237603114207862,0.025641706692459368,0.011761518352983114,0.01594930104853724,0.009818943485194619,0.012213813094059507,0.009079364270608585,0.0024235285697838415,0.009603724857172381,0.00498760616095674,0.006596268671953272,0.02005669260669709,0.01741274799623134,0.010565016606871173,0.010474425543954877,0.005822951496408267,0.011552432847663103,0.015697129884262404,0.006168257940243785,0.00610732092700573,0.014304138572081232,0.051862856364129836,0.07014240771462738,0.03730223689066074,0.017424864819777352,0.0625617345453233,0.0036446159901685907,0.021001234217948007,0.03929710006585015,0.00800314902438345,0.014255335669509456,0.02619662537481786,0.007479596682330954,0.015901991163251302,0.043817353257956375,0.04083529604222569,0.0380524947619239,0.07445042664981345,0.03865510859313965,0.052268324714782786,0.03097956042576957,0.018766406500324167,0.0013297194648245188,0.02696387807722644,0.021606165276113275,0.025038451038561112,0.039938947551621806,0.07393935174711885,0.07458128011490957,0.03680948220008268,0.02072972206239994,0.017282379027975626,0.0191533018314122,0.036489470048456436,0.026336232577179732,0.024390266322041918,0.037116462852716824,0.04321974712374298,0.018591156210225626,0.021952132790029066,0.02754196961119662,0.08757508598659121,0.02561179312620007,0.0130353394168123,0.0300913983494141,0.0524454291081659
55,0.0,0.0,0.09623816474944989,0.059891629838727874,0.037165456923969144,2.759223384883342e-08,0.007400493714567089,0.004312043203088563,0.01753208406567212,0.004695578333287443,0.01345268239786831,0.037151293890493195,0.007514877140148289,0.01909060792512562,0.017976831056893305,0.011149354122663772,0.006133307925539338,0.02936478144975252,0.03366244634019082,0.020505902197481597,0.034109117729429074,0.011915493401948784,0.005823957046476327,0.01348158761596943,0.020570218887031463,0.008451951838377946,0.04428963882451168,0.005822948630910521,0.011970826816282473,0.039392525891107304,0.019316325623168314,0.005405155063164582,0.0,0.011684129030512217,0.011083415163781012,0.0021129496970896276,0.0,0.025747882425508274,0.011873386639456921,0.01205923171897826,0.005326820741271243,0.004914539278639846,0.006251885300811284,0.006528056246211741,0.02768447284114504,0.0051517828134512176,0.006014868383596291,3.965054545646588e-05,0.05780742463680145,0.03414967081149398,0.013093181862981924,0.007261232600434729,0.013080454351082094,3.592898134563427e-08,0.018349054684608835,0.034452065475363364,0.016044788659416245,0.02970925437209934,0.009132839815042681,0.017209255541784544,0.005381984129170272,0.013470941413788172,0.018997436626080715,0.012758987106716684,0.07030955057951715,0.012242604920858356,0.0,0.0,0.0,3.3211882449976686e-08,0.0
561,0.001832775207483704,0.00033586130699640813,0.001967257904990255,0.004755359138530535,0.012366931171956967,0.016661342420636514,0.00533451579184154,0.0051914207829196575,0.00937970773827098,0.014705390735895475,0.023575077153313025,0.007068652658731759,0.0024311275808425927,0.004029832027923978,0.004199964660996658,0.019978884440265462,0.004608372056403317,0.010887348932867948,0.003487129880116844,0.0038196944045092345,0.015470392066030845,0.007575410865972698,0.03345229213730176,0.005548319160126963,0.004357202034769408,0.007315345503841601,0.029938744295648127,0.018817954543716608,0.011664323181106027,0.018242301484312096,0.02024238131220916,0.008455311706224607,0.009520626616730971,0.07488349815949655,0.02385171878851512,0.07584488946036567,0.04859887301080528,0.038084761279703665,0.03902021533647556,0.045356620445678016,0.013656247719969318,0.04417161942067096,0.052827916007238684,0.022883680708136105,0.02355019418245592,0.010685038785030115,0.0012650776027596808,0.0015750303041580447,0.10626362918426198,0.056836721612011476,0.026802960215161212,0.05035500525995634,0.03460765022127824,0.028652215721724536,0.0837624139024552,0.04219439567838167,0.016634542714114978,0.025594930646895366,0.04032987316196531,0.03542678732234412,0.014898817861544188,0.021318347799199177,0.019910419216423527,0.016820334113104886,0.013016698090446059,0.01857089419925501,0.01314864916626276,0.029512230853130476,0.0049350921991683765,0.020922721814774406,0.02196888350649184
562,0.00045942520383889575,0.00023805450888613255,0.0015544463103640783,0.0006732034985718645,0.0020213717946351672,0.0017656022591944738,0.0010445587285944692,0.0008548661501425651,0.0015232918975951444,0.011594016587217402,0.001029963653258331,0.0006338870944016279,0.00024170844938847168,0.00044110552123280124,0.0002531709205979189,0.0005190912005320613,0.001049522767367512,0.0006531456760170666,0.0010995849708345226,0.0009833872191327758,6.771627784654318e-05,0.0014907095405845877,0.0011020862599428445,0.0018438337817232465,0.001808855799180711,0.0009875036712881336,0.0007047235202037779,0.0015785500826515752,0.0009505958793621743,0.0005506322924557254,0.0007056056156621442,9.319030135649063e-05,0.0012400827123246988,0.0,0.001652240286204729,0.0004692758637313206,0.0027739743563211378,0.0027099789391299045,0.0013141534143652875,0.00011324321082661874,0.00029146122366060834,9.008292020509852e-05,0.00015101319066813858,0.00039311294182463747,0.0001897144385496769,0.0009998956922738248,0.001738228160767816,1.7689450455288558e-06,0.026923325270899284,0.001376443317538725,0.0006788991231498977,0.0004488803167208257,0.0007870230383828266,0.0008140516012126985,0.0020333185184964785,0.07335533238827052,0.0011554402940704505,0.0013849245392229584,0.0018202264222990602,0.002475935539475412,0.0016598612051342296,0.0005338136518528431,0.0030087143607564542,0.002844087047443304,0.0016380482958258894,0.006146486795290499,0.0001748704774141284,0.0016159922681801668,0.002128377328883203,0.008534154051420478,0.008409520144897438
61,4.197711983086715e-06,1.5567614157200665e-06,0.0,2.2057279082953358e-08,3.7164109385247035e-08,0.00013355172792717333,1.7606381948430906e-06,2.3951852008129846e-08,4.397182849414648e-08,4.15585923665641e-08,0.0,2.489567629722752e-08,0.0,0.0,0.0,2.734828529048635e-08,0.0,0.0,0.0,1.081004088191223e-08,5.275293522167007e-08,4.902951148906383e-09,0.00017545120177407398,1.0531859686327083e-05,0.0,1.2080998209702738e-06,0.0004928120088336525,0.00014605691559297444,0.0012180276593617436,7.771068214904679e-09,0.002018696184789705,0.00023249620121004497,8.866865266860187e-05,0.0,0.0,0.0,0.0001240159200427177,0.00010852855692056416,2.9516439399763988e-08,1.7217379563249967e-08,0.0,1.4157000022160168e-05,0.00017823214579860446,2.333571084510447e-05,1.0753228957206154e-05,0.0,3.1410445312561524e-08,0.0,1.3631419280965677e-08,0.0,4.017757702177133e-08,0.00012620059254073033,1.5745309418043104e-05,1.8090436247969516e-08,0.00021711033976566275,0.0,0.004597276654839111,1.830035287245944e-08,3.4685398531709973e-06,4.739959664651729e-08,6.9871440507748395e-09,0.012585189464003627,0.0018753441750522088,2.541285077815309e-08,0.0,0.0014794776097133754,0.0,5.6928304737940944e-05,0.0007750043571948496,0.0035958903751625807,1.8694281486130223e-05
621,0.0,1.6058928694757753e-08,0.0,1.2164250524539621e-08,0.0,3.137435630355504e-08,0.0,0.0,0.0,2.2975866770406545e-08,0.0,0.0,1.967958230045195e-08,0.0,0.0,7.371681334504779e-09,0.0,3.046593489948015e-08,0.0,6.569031553876477e-09,0.0,0.0,3.4074483761748095e-08,0.0,4.273615334850566e-09,0.0,3.423882859048549e-08,0.0,0.0,2.3105910521165912e-08,1.8117963168422478e-08,3.417894812856232e-09,3.009447532874573e-08,0.0,0.0,4.076531774994919e-08,0.0,4.086020823978231e-08,0.0,6.09170077817908e-09,2.984037160739019e-08,2.4020790517495235e-08,0.0,0.0,0.0,2.388103077143162e-08,2.8808529255074607e-08,2.038457238179529e-08,0.0,0.0,0.0,0.0,7.069565858192775e-05,3.295022049349032e-08,6.871969167853868e-05,2.716114500780589e-08,4.368754082483563e-08,0.014456952096476128,0.014793391241085986,0.00035804050794443847,6.522135805397477e-09,0.00048569042368220937,1.896344849042863e-05,1.9961784588044336e-08,3.2831438859521785e-08,4.122422523300675e-05,0.0,0.00206509472806304,0.0,0.004160853936104745,2.8615706090484763e-08
622,7.167549461519363e-09,4.2008314063539014e-08,2.5359107914558133e-08,0.0,0.0,2.4387868639825594e-08,3.6658141791239044e-08,0.0,3.566729880725745e-08,0.0,1.8391607373265993e-08,0.0,3.474910557095799e-08,0.0,0.0,2.714660246969187e-08,9.284710014106333e-09,2.3993389777590463e-08,1.4889718961413543e-08,4.1469718954672593e-08,0.0,7.88724470230934e-09,3.589507785132124e-08,0.0,0.0,3.6510054627583206e-08,4.0873261225355047e-08,0.0,0.0,0.0,3.56444995480296e-08,0.0,3.591630368797457e-08,0.0,3.292574981952464e-08,4.663741346445533e-08,4.425829091888106e-08,0.0,0.0,0.0,2.5192329610694364e-08,0.0,3.7163313802882034e-08,3.70657899859775e-08,0.0,0.0,0.0,0.0,0.0,3.5061839760532717e-08,0.0,4.6239895656097055e-08,1.4374760963476936e-07,3.0111086686782134e-08,1.302742827652269e-07,0.0,3.110435814360502e-08,2.88118010567347e-05,0.0009085830952960672,7.374693689956446e-07,0.0,9.417872583019356e-07,2.4913775980546153e-08,0.0,3.092334116087675e-08,6.073801167077158e-08,0.0,4.066825963905957e-06,0.0,8.308502949856547e-06,2.2744487450361596e-08
623,0.0,3.7857392697949906e-08,2.2369134164792142e-08,1.6063926322093364e-08,0.0,4.5375627704620046e-08,9.225164270610234e-09,1.2560471678699558e-09,3.712707153097893e-09,0.0,2.984570053566358e-08,3.6528792951147215e-08,0.0,3.522715678018651e-08,6.552178017074927e-09,3.297779139270084e-08,0.0,0.0,0.0,4.219317710337689e-08,3.696866193876812e-08,4.435326428239579e-09,2.9412969164972365e-08,0.0,0.0,0.0,3.720293290835492e-08,4.9111939267748935e-08,4.7537039728800674e-08,0.0,0.0,0.0,0.0,0.0,3.402951685373457e-08,0.0,2.8206906437659653e-08,4.297807597664768e-08,4.5268968310788005e-08,0.0,0.0,0.0,0.0,3.3468216661926736e-08,1.3307126896097916e-09,0.0,0.0,0.0,0.0,5.252116900530737e-09,0.0,0.0,1.0898916021936916e-08,0.0,0.0,4.544931785696614e-08,0.0,0.0,0.0,0.0,3.2227436813505644e-08,3.573371029548518e-09,4.9894745946099875e-08,2.48071652515169e-08,1.3674607353678725e-08,0.0,0.0,0.005701892128414866,0.0,0.0004535866893029694,0.0
624,0.0,3.2748097126169976e-08,4.2936298481377483e-08,1.6267423699972416e-08,0.0,2.3112344519572203e-08,4.267160302884373e-08,0.0,0.0,0.0,1.076661993697169e-08,0.0,9.278914045405855e-09,2.2571360238232208e-08,1.2953573168627831e-08,1.2336321702589266e-08,0.0,0.0,2.5936571213253827e-08,0.0,0.0,6.414569020363094e-09,0.0,0.0,3.7479012328496766e-08,1.0601538493044508e-08,5.43894370453946e-09,2.8131026732976597e-08,0.0,1.7445293029469566e-08,0.0,0.0,0.0,0.0,0.0,3.753302650985151e-08,0.0,0.0,0.0,0.0,3.6696330789068344e-08,0.0,4.6332008239477016e-08,0.0,2.454169102690381e-08,0.0,0.0,0.0,3.334521668963713e-08,3.9621541539347056e-08,3.527758370233154e-08,0.0,0.0,0.0,3.126817709520978e-08,2.4864942489052782e-08,0.0,1.81159747484802e-08,0.0,0.0,0.0,0.0,1.1107771902041938e-08,2.033260201268951e-08,0.0,0.0,3.412945822398059e-08,4.3124874365994954e-05,0.0,3.39510588491412e-06,2.5337488493415843e-08
711AS,0.0003773579664922255,0.0,1.5966100284699242e-06,0.0,0.00022075026986539712,0.00011961857747464942,0.00014699245252788068,0.00021856881193530546,0.00029179732819815236,0.00021725191423628402,0.00022217742810839308,0.00015412141543112384,1.7683134407176236e-05,3.723566328500568e-05,6.222883077435132e-05,4.6083942532521424e-05,0.00020539134962225145,0.0001877455409069046,0.0001212263648985907,7.529639492852675e-05,2.7837747085346587e-05,0.00024536928497013777,0.00044951037375982433,0.0001158425485151279,5.711404744468241e-05,0.0003716773261745249,0.0014313323460395865,0.0009543183850349025,0.0011891557807837735,0.0002447745173171135,0.0005533893131068652,1.8079960804260643e-08,0.0009627925999698409,0.0,0.00010343861972448363,0.00017167133593315125,4.501470196447654e-08,0.0006760929351133893,4.080608577334732e-05,0.00043526407819763016,0.07340367628889635,0.0280861156378163,0.0012194979315375061,0.0024681732347131627,0.0014898513080843325,0.00024039760356211483,0.001807857194254691,3.5864941875580735e-07,0.003339885977295636,0.0007260463971387517,0.0015792420664517857,0.0021668881222536964,0.0022080066518189484,0.00463374522567134,0.002355885941196901,0.0010617253679170114,0.001088871059537649,0.0012345807468158334,0.0013697338242988622,0.0008995032696644224,0.003482808502230953,0.12588126930235344,0.004190715452674881,0.0006325528891261687,0.0028529975075045418,0.0013527787045547488,4.7070576625558444e-08,5.347119330470889e-05,0.000362877477851139,0.0006466046314945081,0.000111438782716204
713,0.00021932747412540737,8.093642857878237e-06,0.0,1.1157245469902395e-05,0.0002952266062205235,0.0002672891767754086,0.0002091986056516819,0.00017853445516627438,0.00035197314514768256,0.00012350882272071272,0.0001771456636323829,0.00011508844947447368,1.8230653368330854e-05,2.384022352987477e-05,5.047673560575208e-05,3.750274546766656e-05,0.00021289289463581693,0.00015369988484228671,7.567277874462552e-05,2.8559566980840453e-05,6.327308489746717e-06,0.00014664598992224632,0.0003240852648583524,5.029212892321652e-05,4.7852043163132386e-05,0.0002116324951464124,0.000662258943765873,6.630874599298484e-05,0.0003919007814193802,1.987550970270304e-05,0.0007619246998292333,8.757047361898842e-07,1.0671800610814142e-05,2.3089177981128506e-08,3.7631598601604e-08,1.4711452865964503e-08,0.0,8.338772720817414e-05,1.9064599902422635e-05,0.00022390955579100797,0.0003957722447489585,0.0001531194794249617,0.0009816210844067286,0.0013463216029597305,0.001052391652773732,0.00014159614169509095,0.0005176144936991942,6.76839732699752e-07,4.546281548969048e-09,0.000602123455325841,0.0008291392428226262,0.0017549153325059255,0.0007703283010303583,0.0027258093918371795,0.0015123395011896901,0.0007854259140705475,0.00039569755988402936,0.0011557143167275144,6.04217962649708e-05,0.0004591221415222293,0.0009438806105192978,0.0004787612232721416,0.0011756751461230452,0.0009031596541666927,0.0010211024951440701,0.00013469528863417854,6.542275962256347e-05,2.7860459634041617e-05,1.9402781027747557e-05,0.0011635565849538768,0.00019683265408716667
721,2.0168963377123275e-06,0.0,3.0074727638570936e-06,4.8178802899161936e-05,0.0008023591365763207,0.0010903682050513838,0.0001430608176315718,0.00047102580514609506,0.0008679588945419924,0.00037129150305363206,0.0005211469795789829,0.00036511906826727173,5.64756403726271e-05,0.0001140663656941391,0.00020051066180598254,0.00010990367269010338,0.0005934571497017339,0.00048705973118712845,0.0002244040262008657,0.00016625973753584572,5.933262843616622e-05,0.00043237603211675077,0.0012716874287945212,0.00014914832603768786,0.00015477065545944465,0.0006641965371247908,0.0008336790274091977,6.720190511883955e-05,0.00012064025438768348,0.0001059030521477125,0.0001575034931018824,0.0,0.00010279937391809812,1.481682445774779e-08,0.0,0.0,0.00012693444964864323,0.0008559912580749974,6.052655513606493e-05,0.0007287302656908976,0.0015190979052743827,0.0005049187817495508,0.0045608951546721385,0.004403057404716575,0.003485486969164401,0.00045898243696545886,0.0017340551667830682,2.6652105265160656e-06,0.005679215967263629,0.0021791277369579178,0.0021110448732353294,0.00586154846081674,0.0020168904179922987,0.0009639301835009363,0.003971334518883778,0.003038856073404234,0.001354476834365885,0.002473354964460535,0.00020749911504122154,0.0008739322404948501,0.001176509091433999,0.0004128659831579475,0.0013307710863456035,0.0005934127954924096,0.00216838582256984,0.00035760166073986363,0.003331779283696452,0.001867086005266853,0.0002571990763042108,0.0009636249340351,0.00032796255687091494
722,0.0009438783951934979,5.95363572368633e-05,1.8572791648075457e-05,0.0001686083859364644,0.001901991804435981,0.0021934978225277564,0.000199783889359706,0.0007936481610637038,0.0012571342310095726,0.000710931886824825,0.0007071523792904611,0.0005528297780041007,6.997471692858294e-05,0.00025144809044772937,0.0002647127932823267,0.0001557965492550987,0.0007712702248051897,0.0006408905502351102,0.00038494396176396285,0.0004988772655343918,0.00030910959646779016,0.0007697762867658965,0.0013329478809703998,0.0003691448666658008,0.00021148707376815082,0.0009486587892967164,0.002239962448333958,0.001666441141561523,0.002034931772488473,0.002412533039343013,0.002155363630706314,0.009387726843171908,2.116015815201958e-05,4.930365596687759e-05,0.0010366858278826995,0.001006822523500586,0.0008257222554869367,0.004594135580668297,0.001268408374175946,0.0007713924233679442,0.0023761978715431797,0.0005638113612952764,0.0046347367594153565,0.007548160870369557,0.004127108741415823,0.0032315060630159205,0.004812385753537006,2.40266126945107e-06,0.01817331948035219,0.005354597628399126,0.004312525568469467,0.00884994858399276,0.006147587052372525,0.00452936049135606,0.008108933209144914,0.003369315616003114,0.002131892695302296,0.01930026859200781,0.016209725654934767,0.023898589138882577,0.01240669181898575,0.001893901553484801,0.007671107668472155,0.02491219841417417,0.0055195170819568595,0.0011761074707315948,0.0014754392017794357,0.0007039433714996759,0.001724682772138601,0.004742121415696706,0.0009461556704023732
81,0.001256917785628357,0.0005922512526811099,0.00033685847955789155,0.001040376367897524,0.003091677003966101,0.0012612887829165492,0.0037766412549390858,0.0029493121455261783,0.006030123400982734,0.004107441855641161,0.0036525178330287142,0.002138638142516261,0.001334204937133492,0.001199012454442996,0.0012250328433216562,0.0016059052414880222,0.0018188772710669905,0.0022581601610405467,0.0019382059155120498,0.0020400624579230793,0.0005120743127158396,0.005205444592541796,0.003412569905006618,0.00269783015125818,0.002604871521503432,0.0032987465862565827,0.007331057830102892,0.006026520330480848,0.008096146231478288,0.007302457311854959,0.005586225615398758,0.0014738711141332437,0.001178997334574688,0.011428036655108359,0.01802494288985512,0.02294222431372488,0.009735557578687205,0.00797648747110926,0.005219472645336529,0.0027369678339183314,0.0021053393186549144,0.00499780585334217,0.0035804123466293193,0.005240139652864974,0.006873241183350131,0.005034051599954039,0.0010205983286305806,0.007721438348522819,0.0035292213977538922,0.01433426450407392,0.0026978106473090077,0.004287125304543273,0.004553358608698347,0.010816533931475214,0.01547736719414525,0.03477797680572107,0.008148161328454286,0.004703404183486489,0.01108672541187448,0.006010072409382142,0.0032386265696717357,0.003922704363856342,0.009552643204876057,0.00493583363416511,0.01006276090705121,0.006351992242794036,0.007394981605587594,0.032543757575305386,0.005565065109502968,0.014722378749473823,0.00788635482784159
GFGD,0.0,0.0,0.0,0.0,0.0,0.0,0.0,0.0,0.0,0.0,0.0,0.0,0.0,0.0,0.0,0.0,0.0,0.0,0.0,0.0,0.0,0.0,0.0,0.0,0.0,0.0,0.0,0.0,0.0,0.0,0.0,0.0,0.0,0.0,0.0,0.0,0.0,0.0,0.0,0.0,0.0,0.0,0.0,0.0,0.0,0.0,0.0,0.0,0.0,0.0,0.0,0.0,0.0,0.0,0.0,0.0,0.0,0.0,0.0,0.0,0.0,0.0,0.0,0.0,0.0,0.0,0.0,0.0,0.0,0.0,0.0
GFGN,0.002702729922196388,0.00032270970137704473,0.002512512967582333,4.719993365224615e-05,0.0019111726181676278,0.0019398635957018433,0.0008559563370325801,0.001626775635945337,0.0019133828651935914,0.0023420143177583608,0.0016437951433246765,0.003017407779504465,0.007011688905532449,0.0020931174317178293,0.0028913611523010757,0.00119776883743317,0.001280099416573143,0.001997542200327383,0.0017358558676745985,0.001705957222128871,0.0004803689443759691,0.0027249983198058478,0.0024128589733338553,0.01396312188539727,0.002648204511933443,0.0023661091795683085,0.002399470958432234,0.00017594000018373974,0.0014330568851985469,0.002506112051649507,0.0028770292371337004,0.09623308639541116,0.002379811146979168,0.08838463272011007,0.0014662309261109553,8.404178702849419e-05,0.0010431940224877795,0.001580247607740519,0.0005106741866576155,0.0015481729678620128,0.0028144302317614977,0.00707709391653902,0.0012684363165405869,0.0026254495774582142,0.062181518088115915,0.0011733827040794292,0.0003443291137003276,1.5176473283519162e-05,0.00018523806872475332,0.003425506842277197,0.00018912079382558814,0.003383376505283901,0.0014829419038987057,0.002621951916614007,0.0013471612128048743,0.0002899632592992805,0.0012117299143336948,1.2976104677987314e-07,2.4092434063580007e-07,0.001477931670998386,1.6409804756007531e-07,0.0019763410627372923,0.0019379845427384274,0.002551865302687286,0.0021854037813851617,0.0018384834674307125,0.012265400751684984,0.0039733353814603856,3.5358753224786216e-05,3.8006002822610906e-07,3.6195877288269614e-07
GFE,0.0008395707971691979,6.237326330966382e-05,0.000782360086566011,0.0010612848545903215,0.00018894617697668253,0.0020733963763731006,0.00016952303233297187,0.00041775241880121026,0.0007785904327934407,0.0007795571129280175,0.0007567837741028622,0.0009407965311664469,0.00034289324816159976,0.0013958003837760255,0.00015199364174614232,0.00033202307671357666,0.00025625611322841873,0.00031573964673049966,0.00026388774598494095,0.0005110174829262397,6.50108991533695e-05,0.0007650227971976142,0.001088001561701812,0.000560344668862233,0.0005753999825811592,0.0005532848519592403,0.00923394366012053,0.003128471728112006,0.0037055011306947223,0.002211756568415771,0.005360768172389344,0.0002097690707912899,2.18979268707764e-05,0.04568441064551286,0.00672754982310668,0.0041880428947430335,0.003186514236337209,0.00519141266580394,0.005469347420252058,0.0010366542745601423,0.0030911292077234805,0.0004774406494951772,0.00323139569142661,0.001827777965990117,0.0055098244647152315,0.000857931537117275,0.000520391710304489,1.2999471403706342e-05,0.0009580911627295071,0.004185041585837448,0.0010817047263937056,0.001089971009657305,0.0014906847749497042,0.0006711678222626063,0.0015317368554886494,0.0016372119000989227,0.00088301443655963,0.0014168255251222378,0.00458671469827284,0.001725781014944083,0.003049454260874155,0.0013718507803282662,0.0014467193768493347,0.006030001124669283,0.009682986066003752,0.0008233524642503393,0.0001529504801800213,0.00043166999463918257,0.0014027282349384773,0.0014459436553918162,0.0005974547986177029
GSLG,0.0021594904604556042,0.004488842576215457,0.00023180256977823525,0.00018749759671843585,0.005705258335202528,0.004131623794459064,0.0007904068345427874,0.003406264036996823,0.00035627319480271584,0.0447747227091247,0.0011033215529386842,0.00013539016330973137,4.588379159924845e-05,8.625437446467978e-05,5.473860670149316e-05,0.00014246412241210053,0.00022084561311131175,0.00018764606723270852,0.00047593947484190086,0.00023961265774440115,0.00033866597652197465,0.0016677966216078457,0.0003295365275271051,0.00018290218894341195,0.00027998920781232596,0.0003688353974007722,0.0003833952120835645,0.0004276027319385843,0.0007418534884485509,0.0001820789237382184,0.0010140871666114149,0.0,0.0002137579066791576,0.0,0.0006422035315176201,0.00023415645349414928,0.0009968985537852524,0.008756685026943259,0.000273350392300446,0.00017049395797315064,0.0010333144739443462,0.0005103182358867092,0.00039576197126499216,0.0002558564461586557,0.00018467022570690613,0.00016259806608375453,0.00033409395747590356,4.060276587990423e-06,0.00343290770810933,0.00032757979456223885,0.00023547108286079446,0.00033954124143879453,0.0002849207857618846,0.00037767984073794136,0.0007058692113474365,0.008670136457923208,0.0035730974539954644,0.0007635210990145109,0.0010675219615235451,0.00043043517920715303,0.0003212363297819293,0.005779271634224291,0.0013988052108895358,0.0004915248602165024,0.0005180062245525755,0.022341020066847555,8.190970914075909e-05,0.00042069096400978485,0.0006040254683065947,0.0025924490683876256,0.0010858523160441527
GSLE,0.006913206632617998,0.00022016991858367994,0.006707524606909555,0.009262522919682565,0.0012696568654323576,0.0156465362631566,0.0016195735468580992,0.004574488358593322,0.008555911663936867,0.0062634281531908295,0.004139866355792074,0.0024706705407559503,0.0014112775953803712,0.0019916732661111013,0.0015105654565636467,0.003407350121761841,0.0031592302561116864,0.0022517095315655977,0.0034777375915025534,0.005461619193351793,0.0006705556301560666,0.008262381724000251,0.005341901159017728,0.004968541598414354,0.006228865751408962,0.005974889758416836,0.003656510198326465,0.005401283559862021,0.011500854631218338,0.00857386076825099,0.006147347306622464,0.0061894368230853945,0.0010092702668748105,0.0028125137408616485,0.008002906773792316,0.0018409703021550826,0.007310588071451912,0.005270456795556509,0.007878289588285743,0.0010977468992656898,0.001957464632887245,0.0026970799780993713,0.003645003712987371,0.002243339346127057,0.0020912457386182024,0.0007523835442880612,0.003028620059759106,9.189484720017022e-05,0.007640479629315732,0.0039548618177225004,0.0027328135128697906,0.001800151077343204,0.0024048510826815486,0.004571740250310772,0.0031221104520486732,0.010507699792651119,0.004899417883967958,0.0025270189344251052,0.004251388681137824,0.0065879226871064685,0.003454229575918773,0.004802225926697,0.00844258530469228,0.008695996775881544,0.007771658931489964,0.004052324926273339,0.003180857130867369,0.0038372725437834303,0.0094443671699376,0.006792506676019412,0.008676611579998661
