bea_code,111CA,113FF,211,212,213,22,23,321,327,331,332,333,334,335,3361MV,3364OT,337,339,311FT,313TT,315AL,322,323,324,325,326,42,441,445,452,4A0,481,482,483,484,485,486,487OS,493,511,512,513,514,521CI,523,524,525,HS,ORE,532RL,5411,5415,5412OP,55,561,562,61,621,622,623,624,711AS,713,721,722,81,GFGD,GFGN,GFE,GSLG,GSLE
111CA,0.20316803191174337,0.012566423212531003,9.797853151174782e-09,0.00046201122300660615,0.00011720306669718114,2.1787086660140598e-06,0.001017940729467443,0.0078105323843792466,3.4410319861869253e-06,1.093978086223873e-06,1.721079667347449e-06,1.1198288391157068e-06,1.7816177724993742e-07,5.035938075487739e-07,6.903789583174789e-07,2.8168561904685566e-07,8.966125288495718e-05,0.0010106867826166575,0.20898104921200053,0.012340526800301226,0.0005320919494657051,0.0013229557909194118,2.5296974588357116e-05,3.035622250540103e-07,0.015036109245422064,0.0004670594741973089,2.357299664849283e-05,0.0018548038654077445,0.0008810693887741545,3.125362417004519e-05,0.00022043705644480318,1.8013739197204935e-08,2.5142193107782043e-06,4.874949595909871e-09,0.0,9.048368012824727e-09,7.592209998670036e-09,8.641016238655525e-05,2.0189222190210428e-07,1.4196117849496149e-06,1.8586803715032804e-06,1.1789373816499566e-06,6.1532477961297874e-06,8.907934685076403e-06,7.007938168849275e-06,7.974514882456283e-07,3.576991059530922e-06,8.29001237248381e-08,1.2513440738681161e-06,5.813672992142928e-06,8.00995977549299e-06,1.2348153095468942e-05,0.000332629712444997,8.136287422187179e-05,0.0011801721952933737,6.1664357130735405e-06,0.0005064070796634671,8.317738607440609e-06,4.418560031997679e-07,3.2603535231722833e-06,7.252113290159946e-06,6.79350445588094e-06,0.001729255544178913,0.00034043487684073807,0.004158521727387451,1.5994655331185693e-05,4.483560540865036e-05,0.0,7.792472555431422e-06,0.001737079433788774,2.429478508828096e-06
113FF,0.05646723839427678,0.13971267847069857,0.0,0.0015767666984066308,3.803916495722017e-08,2.0306153275378508e-11,2.1315243164606425e-08,0.11293496374600152,3.463494493996329e-06,2.3590350962832304e-08,3.0242128083121654e-08,0.0,0.0,0.0,1.7957260730733977e-08,0.0,0.001188450011122317,0.0015623843347086336,0.006748622957282571,8.205982028760363e-07,0.00770874295429932,0.019125647287896116,0.0003208766424863009,5.4457539618635435e-08,0.0004203218703669213,0.006731037689154792,4.460203052660024e-08,1.2571695170440885e-07,0.002369348978936978,2.4674385248529198e-08,1.362599216414098e-08,7.726648780437575e-09,2.565002124549282e-08,2.8412896513153958e-08,0.0,3.9254678600794216e-08,0.0,4.154020937513054e-06,0.0,1.3108290186694584e-08,0.0,1.268967453173875e-08,2.9162560403822848e-08,0.0,0.0,0.0,0.0,5.168235840248226e-09,0.0,0.0,0.0,1.3172700040730243e-08,7.381363131524567e-05,3.514172080217604e-05,3.4428293758866235e-06,3.8241939875582646e-08,0.00010075621742233495,3.824997788684778e-09,3.279748987042568e-09,0.0,0.0,2.0739354663515555e-08,0.0015094995843717648,0.0014044107994379581,0.0054699611654395125,8.267234310375382e-05,4.145603509409643e-08,0.0,0.00010947094071827157,0.0018093611020565433,9.195800659203405e-09
211,0.0008075837990112068,0.0002301360031432052,0.10617009557000878,0.0017078889796119099,0.0005250887492552708,0.05154208919422933,0.0012213296091354196,0.00039104127216548043,0.00031186624755896166,0.00038278859026241285,0.0002143630948141366,0.0001920490478535656,2.440419772250032e-05,0.00025557900330992983,5.476852841709101e-05,2.103875912528699e-05,0.0001546139469659753,0.00027653321045588094,0.00013723239715121902,0.00013190298662229977,2.885706378683001e-06,0.00044597839387764055,0.0005367700077309393,0.512298854913686,0.007544685354953175,0.0003032003825052968,0.00012599713050559416,0.00031170067057587,0.0001076737378744961,7.289239413818677e-05,0.0001320210532516243,0.004861267827877279,0.002589965123730434,0.004244787027014091,0.0030947886574276785,0.0009904220083507575,0.0006203443840382119,0.0018247168284933667,0.002700169408965872,0.0003548557584077662,9.742196590499463e-05,5.6893338635352844e-05,0.00016885136452196613,0.00015382082504212808,0.00023786717460142707,3.5256731904461135e-06,0.0001744166409536116,8.609145214244048e-07,0.00018045878873045826,0.00018851573279654837,5.9772659792061025e-06,8.716066349536036e-05,6.0879017254188513e-05,6.897274377889141e-05,0.0002793152181816057,0.0011149873544512485,0.002064147479424462,0.00020237000227016914,7.525255315418557e-05,0.0001763693979474466,0.00024538429106098236,0.0001051222524542895,0.0007367734525775541,0.0002114088089073242,0.000206559079600842,0.00021753030603998896,0.0005923246481695452,0.0001043109761905859,0.009020500343259059,0.0022327012061819345,0.04035749423669345
212,0.002636680474181615,5.995149804434158e-05,0.0004482189030591955,0.07450284456414757,0.0006200960008682932,0.011184176965414133,0.008016566728342979,0.00017608015184538228,0.06513699222363664,0.04385861309285686,0.001377387570034636,0.0003209762528766199,2.8577071788360007e-05,0.0005420336275897157,0.00015972395867306375,0.00011309216733414175,0.0001793549033433593,0.0006536853448798318,0.0008004596546043149,0.001078756670249361,6.017040582165616e-06,0.004505532430338667,0.00014497840543480813,0.003874783201163329,0.006372347203555807,0.0011300645311478636,1.3714351640416893e-05,3.873751358921306e-06,1.299719313281386e-06,5.513984961386947e-07,5.461904663588924e-06,1.4030221464027096e-05,0.0010774179388572246,1.2317318731848226e-05,2.350875650335249e-05,4.813410236944368e-06,6.2905064991545e-07,8.157513277582419e-06,1.4255429499019635e-05,3.3095428477302745e-05,8.122442218669503e-05,0.00026823879936316585,0.001769337269000414,5.608590307117841e-07,1.014600237515839e-06,2.289976436528213e-07,5.240242679740148e-07,3.195831356614447e-06,1.602720894443908e-05,3.663172194682542e-06,6.159164576441119e-07,1.3856166614680767e-06,0.0005136525764137672,4.7389962857358145e-05,0.0008466317978634615,0.0003683866850028826,0.0012995760437589884,9.934405474175055e-05,8.775065587161709e-05,0.00013813833470078418,0.0005398676843989041,0.0016032237992643819,0.003254420942975354,0.00048617317755543206,0.0005232625688278152,0.0012226499461943567,2.5844583944577722e-05,0.005119319924394909,5.230980549056743e-06,0.0007380077758947759,0.009192669328002482
213,1.891901790859825e-05,5.634673729987591e-06,0.07103774585885121,0.027225397006770336,0.016820719116169336,3.650395497929459e-05,0.00010043109208920745,3.947947401606404e-05,2.7408832201390454e-05,3.202636874744573e-05,0.0001566227005188766,8.666865020887557e-05,2.402583956509287e-05,0.00011312933647823164,4.6732843910962215e-05,4.2581971030024825e-05,7.545679947221063e-05,3.873714720750164e-05,2.4512225933855485e-05,1.4708151436658046e-05,1.1284525690815954e-06,4.665695311010345e-05,2.421454453374216e-05,4.127551120964501e-05,2.4859784290853575e-05,4.4981452406064076e-05,3.861380819310888e-06,6.495902867197919e-06,2.6741668426362005e-06,1.4397881235786133e-06,3.6321524096944376e-06,9.06733117329869e-05,5.397619375534607e-05,0.00010358486923109958,6.269041513681671e-05,2.263275072354194e-05,3.899719506311351e-05,3.471372433755449e-05,2.585093433723017e-05,2.1435082910202983e-06,6.564884290343928e-07,1.5331034866601898e-05,5.138107380700275e-06,3.1544955937563035e-06,4.712794300078423e-06,9.270706057260392e-08,3.3602841418990698e-06,3.880381494505693e-08,3.216260707037533e-06,9.435430731516283e-06,1.6564723261916072e-07,5.915210439745292e-06,1.3123474142757787e-05,8.269821891792903e-06,7.642673770386747e-06,4.7357713623010816e-05,4.971635788071885e-06,1.57198651917506e-06,3.7686794493384857e-06,2.7464657798047795e-06,1.561098509948637e-05,1.3595428139985534e-06,9.144997035229301e-06,1.1183861133506956e-05,8.149221865013287e-06,8.718949591838303e-06,2.2225151868344565e-05,6.516374655278092e-06,1.8288374576796994e-05,4.2736629869969704e-05,8.082319189124047e-05
22,0.015602401998496754,0.0008808370787443743,0.03277742915464805,0.0390232089329997,0.002050449003848575,0.059238027390122516,0.004771196115016871,0.011729934937858951,0.02508234119077157,0.016491636426007143,0.01063522678715858,0.005035693889091148,0.0037849189028348264,0.005828430390866266,0.003492487754318986,0.006494041140105843,0.0066314253152705465,0.003947675329974149,0.007728970751656974,0.012103359102672679,0.0004639385823287763,0.024980937066205952,0.012738402818233989,0.009875149007193162,0.013021954065639973,0.01589092126123457,0.006469063396764162,0.01979718066369674,0.033153709569576376,0.02608436399509505,0.014162296007319507,0.005659473140640732,0.0007217532459291593,0.002066671012796142,0.011820422234579048,0.002897341959404672,0.02323283931135329,0.003904340989792756,0.01237159145106799,0.0012497404892423112,0.0019731131813022855,0.007016835195259759,0.006455852167274276,0.0019381657134162936,0.0014268976345714536,0.0004703916169268264,0.007035589718866337,8.528163895601701e-05,0.01257379921973106,0.002571731918416246,0.0013361217660272265,0.0010652867423347461,0.0019126824184297708,0.005988152704534574,0.0023229863545948036,0.010280137543850142,0.008268733255128077,0.002903616728647651,0.005610697577912675,0.009680937923945667,0.004643383369579171,0.004383212336124295,0.013006262160094735,0.018380623759497085,0.01575710892293674,0.006821464887319735,0.004894722884873758,0.0015308766573166564,0.022316977308161418,0.009152821611796773,0.008111132240663612
23,0.0042079050243073995,0.00045645214591691124,0.0007177145690079409,0.04255537918290177,0.011845129707590947,0.008545346859728301,0.00021672768116098862,0.004216614591747757,0.008436825510935794,0.005240796391372832,0.0046528923445548435,0.0026414683328889062,0.001746265083909471,0.002100985669934125,0.0014690137246399528,0.0017477693082050298,0.0024112762442846185,0.002284129994619024,0.0029535805643863917,0.002664681967527061,0.0001575236104094379,0.007665994089186277,0.00483853128996603,0.013142002209973448,0.003196864874269208,0.004399435448058194,0.0024443485730979795,0.00886725985200505,0.005119698618198682,0.009514732056173151,0.0044389517789436336,0.0009368496161133752,0.027702747941739977,0.000535448046263655,0.001910865734909544,0.0035124678986479985,0.016674731192891482,0.004979409737262975,0.0051941080857095335,0.0009708030211776565,0.0005747817818821876,0.0028678537366980937,0.00253460685056595,0.00440701046501456,0.002232110710160075,0.0007959880885589531,0.0004823407652957764,0.026948834705482504,0.020708467584999626,0.0026370874903253265,0.0005845536909620838,0.00014143677384933825,0.0012279384542526691,0.0013740495989760355,0.0009434126326402117,0.0016889755646620466,0.0016663164957013434,0.0008564076397334779,0.0028190427374688272,0.0027438203964114103,0.003575838697737494,0.001313742355358378,0.003994371750593737,0.015309481579532932,0.004019535348595564,0.004959865128852457,0.014725052595603222,0.0021266715066020265,0.006729427461322251,0.014857918810878397,0.1488159237402503
321,0.0009744988846361361,0.0011393540701313033,4.7673961335221676e-05,0.0024298714492377296,0.0012420381032026704,0.00019539585222176715,0.028443206688034982,0.2072938129797408,0.0013805952341572948,0.003718793919462313,0.0006708288181914367,0.00199764003057554,0.0008233586269023926,0.004560332786968842,0.004372188352512346,0.0006606881928249975,0.08573428366849875,0.007495070930551669,0.00030955012331881123,0.0010383987288891592,1.1103434680390635e-05,0.021420747718566703,5.6701797806274947e-05,5.367201230070712e-06,0.0002809079977891586,0.007712700999578632,0.0031363816523546717,0.0007509564376897511,0.002390712361394392,0.00048801621141099523,0.0009622776467014112,0.0,0.03638352455103804,0.0,0.0004913076758114979,6.417211969623854e-06,9.8054088105315e-05,0.0005022096834480636,0.0005280816815885434,7.21554046439311e-05,0.0003804236724401258,0.0008397239400267795,0.00178485249429569,0.0001109357257234133,6.625916071724487e-06,6.022546963369768e-07,1.8914233718798223e-07,2.639637464250681e-05,0.003339658109403127,0.0012988202679641144,2.4858951211584175e-05,2.9921321009732163e-05,0.00027358473951494164,1.8830600364973136e-05,0.0006834005726142983,0.00019922255860316105,0.00014657549895035575,0.0003483140609204473,0.000535922498107059,1.542960676121261e-05,0.0025918916359127463,5.561869067224601e-05,0.0012283343856419617,0.0028267237586421553,0.0009645385946937807,0.0012315943465864786,3.260917733050768e-05,0.0001606836124578814,3.1934186433490285e-05,0.001330922435909359,0.0008922696244018353
327,8.806712058149879e-05,6.15152562294092e-05,0.006456416889363555,0.006428644397309458,0.004690139198588147,0.00018303073600527576,0.04262235930516375,0.005793294149432212,0.11667271350326813,0.008943251383390704,0.003565257998245738,0.003739853517531089,0.0007740674868959499,0.01129865833696546,0.008961228072373,0.0007716995144881586,0.003349424322417914,0.004446961504429965,0.003504099787734546,0.000823927782672822,0.00021037473456056763,0.0020053462544056388,0.0001222927983004933,0.0022225231091686816,0.0019420961762353234,0.007558032492637706,3.67291910443726e-05,0.0011925373187431948,0.00018632562763112414,1.20622628929159e-05,0.0005120136769878217,1.663819295196703e-05,0.00019773853255264593,1.4340724146794954e-05,0.0003043271415851339,6.15504015130982e-06,3.901155937891797e-06,6.22682345019756e-05,0.00031628907349872775,4.454878823838959e-06,1.0082910894498582e-05,0.002417127901589171,0.0009064341623857362,1.5892498824464437e-05,3.508562846670878e-05,4.205061376525788e-05,6.191979545763332e-07,5.94699427004904e-05,2.9249678029950958e-05,0.001679639986907639,5.546134772477205e-07,0.00021252325802463315,0.0017650102188040723,4.8979228847194693e-05,0.0007057896478355629,0.0020739804686524025,0.00022391249543699554,0.0018661687164195258,0.00242469237547515,0.0005276435803322528,0.002080593503298294,7.638833855242859e-05,0.0007063731281559834,0.00043759383486151906,0.0022076254465680347,0.0017188237574149792,6.780875203100119e-05,0.0015566638554535732,1.5250825585432407e-05,0.0006665390059368613,0.00846313397056157
331,0.00031457419525647524,8.328878419753248e-05,0.03226647782694017,0.006669936332796884,0.002203174262888328,0.0004059131550909668,0.003633020074068334,0.001961408480826247,0.013076467040610829,0.30234703724997525,0.22225644991159232,0.10009137904440038,0.012532663227218133,0.14136033995791578,0.06388360512326587,0.013947815190204823,0.04225539500079179,0.03304151196410633,0.0018689796090096851,0.0023248914062257765,6.832282584756445e-06,0.0074525367117163075,0.00031222101466915896,8.053093145232014e-05,0.0001521528417230085,0.0070088065140135195,0.00035578719576475975,2.8065124442542398e-05,6.24757492847302e-06,9.541067225245734e-06,3.233142422920588e-05,5.8751130039504495e-05,0.00800788385321509,3.3036792431793165e-05,0.00010638268463990613,3.420596864814906e-05,0.00014085284425296743,0.0010172345911324842,4.6215787702128903e-05,2.796642209896904e-05,5.1177217924064544e-05,0.0005216310804733934,0.0013952613391277815,4.083054600397731e-06,5.7411789535390005e-06,4.3842939374208626e-07,3.8857661229563585e-06,8.60501115412771e-07,0.0012416697442400116,0.00026170200707472215,4.332012273157374e-07,2.2525513294431927e-05,0.0005778115938875571,9.551955790078439e-05,0.0005789233495150498,0.0019605102916898745,0.0007312711576801096,0.0001600814048424395,4.9560283181998426e-05,6.947834669291623e-05,0.0012556951600593627,0.0001416251500456475,0.0019626242881569792,0.00015497337430484323,0.00017549822964686338,0.002447351801374843,0.0005563676059585702,0.0023473359103273962,2.7309457750364444e-05,8.142567679378088e-05,0.0019242721655212693
332,0.0032387734006414197,0.0014758169572005712,0.03322354538054347,0.01296652950648562,0.006064814665783765,0.0034257335270286206,0.05485706370953053,0.02429069519751674,0.016198937153463794,0.04637176828868364,0.10928629194675221,0.06024733827307086,0.016651875032542358,0.0773601478304146,0.03359859319166361,0.029687756125020264,0.051246118549951,0.024174752073451388,0.015508187878848313,0.010069033657953351,0.000930817116053812,0.029146479631814444,0.010763880348188069,0.0020600252180280163,0.009699897044153043,0.029501792147768387,0.0013939122287797315,0.0018522541969899617,0.0008535335648567771,0.0005172267099536131,0.00155786924772649,0.0009924991243571329,0.004745536040084199,0.01730492495349455,0.004461196210913857,0.0031390225995237588,0.02475003295280166,0.004800961793985535,0.005423610165901646,0.0012098689902109684,0.0002563712795046958,0.010229020164078097,0.0031108379390116193,0.00023743383531285635,0.0002488897634293165,9.98281301827865e-06,0.00015603752245010955,1.7929847308184834e-05,0.0005602005770349305,0.00423197085917645,7.26690871305162e-05,0.003094379623478705,0.002236334435841856,0.000961958020792705,0.001982577094265791,0.02198882704344557,0.0020000983716282083,0.00033395510648325275,0.001868757775839318,0.0001372608852645697,0.008586146187263513,4.196733207214948e-05,0.0034977426241237486,0.0058142017773784105,0.0031790141176669577,0.01333860946981645,0.008030293300159396,0.003324209172071879,0.00275282886433568,0.0014864081738331257,0.015332196670611664
333,0.0051340891015984585,0.0005464187791603557,0.03390868071583688,0.03625675840406224,0.020053733851565215,0.00154507052468612,0.01979614888542509,0.0031966204189241747,0.0010198410348775003,0.008406430433935446,0.012545759224258483,0.08945012726281121,0.0010966292045987733,0.015453056768096236,0.042492509012316285,0.008536816501986288,0.0016937989263659194,0.0036352354371040267,0.004757751024445024,0.0006262487072383555,3.3908019007675555e-05,0.004886040726818361,0.015853121298420536,9.531885874169693e-05,0.006320150990380852,0.009930744149219631,0.0008946660804778888,0.0010501536172353408,0.0005555372512532323,0.0004925327497122665,0.0006255973314252375,0.0,0.0007341836504440906,0.00030703661860289694,0.0010615069702443235,0.0004130466768121395,0.0007973626239542573,0.013195466432177528,0.007785465447417347,0.00011643936202590708,0.0001310087857295043,0.0011989426151624797,0.0016961785442963127,7.117606705895151e-06,5.7926812041077766e-05,0.00044101954712204365,1.3674182962904597e-05,2.215656680297178e-05,0.00011063953782061901,0.00204931242564917,5.414925942969872e-05,0.0025545918362489587,0.0009685778335962671,0.0006362286756481306,0.003424206284392021,0.02766967494943531,0.004879719696596932,0.0008337352838850314,0.0008262487650536065,0.0005733628760574073,0.0008744092637637592,0.00011379458917292058,0.0014614011110521989,0.00024150319888441703,0.000764058085290865,0.008558811674998236,0.0023309137671454244,0.0011367890443474671,0.0004916234016146676,0.0017622446629201156,0.006901934962670507
334,0.00014954759969935003,2.336732736568107e-05,0.0004911148097829142,0.0004584308704879479,0.0006669425230980646,0.00022217683008912895,0.004352527441803186,0.008416523830762489,0.00520411118333161,0.005822709405697174,0.015462267697023217,0.019193818678736603,0.11274566365221372,0.031739439133465955,0.03225827064610195,0.05184700559842597,0.011131316373543747,0.013028911769242396,0.0024734892804824404,0.007325222425313492,0.00027654645987589574,0.004836347191107282,0.013169243699811027,0.0006419952422842681,0.0050500870895301845,0.00970956038566316,0.01907571010843715,0.006838041751913759,0.002438653709631712,0.002597719688727741,0.0017373544637523787,3.5746336923399377e-05,0.0006886163721691282,6.453075736085707e-05,0.0008624695042834135,2.5584457331511312e-05,9.899629618383917e-05,0.0003716804260736205,0.0012568739691628723,0.005251960678743265,0.004298097843931551,0.022768200272458083,0.015526816259114154,0.000547468781046673,0.0019176545096870699,4.121129222853465e-05,0.008534408881552671,6.083471839669806e-07,0.00029390401384783737,0.0005366769064457621,0.0038676463470697932,0.007281388039930383,0.004647987985369291,0.012495733286374143,0.006438116908326209,0.006515991297054452,0.0038281299458519363,0.006843809850981666,0.0012290422017625989,0.000684871811165363,0.002822157886993501,0.00019575995434639043,0.0013749866569049217,0.0015348564308085178,0.0002652485783267179,0.0072572735797513145,0.02183920370079077,0.014452034080075093,6.308804015361951e-06,0.0011199290304844316,0.005019997825542667
335,0.009340591201093372,0.0008410565694548163,0.000844625921334418,0.0006378099934349965,0.0036342627037992967,3.3725361849428086e-05,0.023263378658068847,0.0033982692895642764,0.0008683300685270892,0.006043229071904479,0.008186272475136612,0.039005744481218886,0.005755274150783699,0.07153177469517236,0.01208093646231921,0.0029604524175337638,0.0012856842536257298,0.0046254492738908625,0.0011745624903310237,0.0008455962715475834,4.301809588967765e-05,0.0023870822502881145,0.000984577915148439,0.00021057198153531502,0.0012766552500252056,0.0035501145858618634,0.0012955441003864674,0.0018431787300282145,0.00044616602112717836,0.0027748286671457224,0.0003462446413080831,9.270919619536425e-06,0.002299334575877781,0.0005043827461776279,0.0002896351077540466,0.0009473627488905578,4.2419760755429845e-05,0.00016850688509840192,0.0008015521277912014,1.378662314541581e-05,2.4272305314025708e-06,0.004159855698575418,0.000426105498155704,0.00010079864381736961,9.556073564531832e-05,3.855683933369216e-05,3.7904768527637373e-06,4.628180543734229e-06,0.0004519116674453057,0.0010223924097273655,2.250915761669069e-06,0.0034853524157943063,0.0020771468100368937,0.0001366208376602036,0.0013936151501049907,0.00775089723093967,0.0006540367443212279,2.2959283171728716e-05,0.0010172222359726623,0.002500885353527106,0.0027185075919093043,0.00017634212539532342,0.002456452153154869,0.002161854129047701,0.0005705400645608096,0.004156263861770995,0.0028997946787410705,0.00993170511841535,0.0007139434452441182,0.0005522631020447458,0.00926788702059126
3361MV,0.0024180720806798776,0.0014477024801878634,0.005798715360054147,0.009707221696302611,0.0027323215421890474,0.0003272854204073266,0.0015694786797511946,0.016621522399704484,0.004279964240065038,0.00608118871367547,0.004574813472965224,0.03138058026373701,0.0024761654215569055,0.006350201717303552,0.2771482444404856,0.012296127849126549,0.006313663184487545,0.004648092180110943,0.0040877667091231955,0.0037423055053288656,0.0007834796937420954,0.007519619020746989,0.0019763345199731194,0.0003072390784755621,0.0015843487520006403,0.00288649627256884,0.00466700977673848,0.011527775542549665,0.007930800180327546,0.001390808687890557,0.004973901875304178,5.830460136153586e-05,0.0012335371771920347,0.0004642286675366197,0.01754636788369367,0.005044999621845313,0.0001157913453043418,0.0011830292703728727,0.009184223840913901,0.0003477732927383475,0.00047301512110790986,0.0016452717293225947,0.0009157395229096108,9.923387529510769e-05,3.201285371278071e-05,2.2241115815758956e-06,2.058754611611674e-06,1.2457737845900854e-07,3.1294870748120337e-06,0.005781274856022169,1.1316003481135982e-06,0.00016668692959109535,0.0012483199846952196,0.0009594708872699011,0.012756288992825968,0.012499283076048391,0.0008341993567500309,0.0006439277478732617,0.0022751990967390962,0.0006985635176585649,0.009825246240039089,0.0011860170961605202,0.0010238157452867294,0.0008935287840165945,0.0015958904728391168,0.01885461950667539,0.01455443294409032,0.0006794161701907135,0.04619343393972751,0.003967166884168771,0.005109972537466446
3364OT,5.842282777604887e-05,0.00026079547618588475,0.00010231248996126829,0.0001929699647752739,8.958091630496152e-05,3.0141291790502406e-05,0.00017847556881353709,0.0002869542782151443,4.086197027272774e-05,0.00036418452432087365,0.0003638191726028445,0.0015620985016250545,0.00017683082859555087,0.0003669162661056114,0.0027853517899220637,0.2337625784350138,8.548390501630716e-05,8.678627222349402e-05,5.523305126123935e-05,3.734728530289284e-05,1.9290236109860395e-06,9.238548965954965e-05,9.856551722463289e-05,6.408838431217543e-06,5.1074292119080206e-05,0.0001509383122921768,5.806383056509949e-05,6.719814805189121e-05,4.322244898693804e-05,2.0238881390394455e-05,2.8768963120463326e-05,0.004468708459655308,0.015325050667324336,0.026983470805856103,0.000146419428370279,0.0012154823218430537,1.0272622104824089e-05,0.012076432635448385,5.864368700487237e-05,8.620165022841765e-06,8.36620814392974e-06,6.509813913646637e-05,2.907283566290252e-05,1.4976099174803278e-06,3.1153054759491204e-06,2.2943472473049405e-06,1.0372493500534156e-05,6.053237093487246e-08,2.6432353902629218e-06,3.695088320221151e-05,4.848131103065115e-06,2.8961850546102563e-05,0.0004998952669585582,2.5409220077461734e-05,0.00014780968996815235,0.0009352450230174578,3.121706658761999e-05,2.065906013706331e-05,2.1774319441090718e-05,1.9525282810000384e-05,6.14972085174382e-05,4.645914601399536e-06,0.0005260549265886051,1.4575900461929783e-05,1.8437277614549306e-05,0.00024173429780701455,0.052095370612145336,0.003220888911377011,0.00021426764733007312,2.9640111146832217e-05,0.0005073301480922635
337,9.312639735545483e-06,6.0918712777773915e-06,2.8611804105776655e-05,2.50058446826042e-05,1.1618777875606286e-05,1.3365806866467474e-06,0.009984157140181029,0.0037407714056287276,5.1991647658371666e-05,4.7227045471402245e-05,8.875755263639912e-05,0.0006220912192101483,0.00027876054313649825,0.0001046977736372926,8.912521585102583e-05,8.551476663390182e-05,0.0414769294093843,0.001299572451700787,1.3166304780096608e-05,0.0002939420299867977,0.0001028890214923035,0.0001363628382176072,1.8442829004239185e-05,2.949786144459939e-06,1.2072637297446693e-05,0.0011734691488305726,0.0003659488345559681,0.0006667978426730898,1.2183467073420639e-05,2.4350574042719e-05,0.0011715793776648467,8.565357892417979e-07,0.00015216332509797035,1.1511401807328285e-05,5.000475334836385e-06,2.5369910048547566e-06,1.5228087698926016e-05,3.710877599306459e-06,7.317376783174245e-06,4.0579464784994834e-06,4.4043612637700016e-06,0.00011241615440723662,0.00041549180941416035,1.175749612811244e-06,1.1306413729900726e-06,7.236195596614442e-07,5.131850505127054e-07,0.0009051644703525662,5.0815173953469366e-05,9.87317005154565e-06,3.1858369950755616e-05,9.616845277921412e-06,0.00016267272480897813,9.098697585710073e-06,1.0541650996309371e-05,2.330411975452497e-05,3.121721863144986e-06,0.00021109457452830432,0.00014748397375336446,1.696354217621019e-05,0.0008315180962828746,0.0018714670067571568,0.001243892776238028,3.4807009591979575e-05,0.00027722849265775825,0.00033437150946027765,1.132411890204565e-05,9.02478074204413e-06,0.0009239001342196771,1.1456274044644003e-05,0.0038410128261694475
339,0.00026002390291255057,2.8581720282884816e-05,0.00034712474822655296,0.0004410681418842988,0.00014086951689306083,3.2155571924078564e-05,0.0011127646589330622,0.0005114732050396938,0.0007030801057787539,0.00019981506122991664,0.000531129444997475,0.005315427568136844,0.00035162347429424035,0.0033542495533185972,0.003401457831883937,0.0002801686418323846,0.0007033798602199803,0.04222190182258112,0.00017006142145668316,0.0007400928331730991,0.0039212773440710225,0.0002849623627033775,0.0008338447670135165,2.839058602049061e-05,0.0004570027234792626,0.0010592117567964185,0.0006249458728203862,0.004023228535081783,0.0005911043112751314,0.00010336414926911609,0.0010876908523376344,1.781823210298206e-05,8.363788305184166e-05,8.166244657095191e-05,6.010814309427793e-05,0.00016929357314551683,0.00011530565437111821,0.0003890703125733599,0.0006679695198679799,0.00010300476344927242,7.693869055336952e-05,0.00027072709535090546,0.0002839228701277298,9.005069438625491e-05,0.00011050466503416588,6.138591110211856e-05,3.7600241982368096e-05,4.2287127001651305e-06,0.0003303372610990354,0.00020353314306137914,6.972780028202548e-05,0.0001089980358465238,0.0009675437206607291,0.00011644526186724985,0.0016819720891147762,0.0022331406219412903,0.0007813300940114604,0.012664517925186613,0.022327190924938695,0.0014849088673135156,0.006753638069737126,0.0005514027242241985,0.0013494908098371857,0.00021241778353557112,0.0008477636609975468,0.0020857922911043294,0.0026285917916832983,0.0014269317808102081,0.00010763404100047177,0.0026869802211656603,0.00035581665469740226
311FT,0.08097068406311116,0.002744545100530702,0.0001214004005508861,7.947666837144105e-05,3.13219502641831e-05,1.1790410522154133e-05,3.173597808245883e-05,0.00032592030426802614,0.005464774244467988,4.796461208717826e-05,6.632814540756024e-05,2.4124708549814322e-05,2.032026277565003e-05,6.879473309162288e-05,0.0001281289519668179,1.3112215211460583e-05,8.231178068879125e-05,0.00031381086002156463,0.1778474371190093,0.001149545573943366,0.006622952765858925,0.001694623106334602,0.007976237508669163,0.0011935105441891673,0.00949120537965023,0.0017481847802375307,0.0012623610416038122,1.0282908558655249e-05,0.002689601080231879,0.0008751813483743672,8.153046302210641e-06,0.0013297850860031289,1.6736363700228846e-05,0.0051405533097941755,5.190063786461876e-05,3.3295572463358888e-06,4.5833544253924033e-07,2.9162325029859906e-05,7.0264522931693245e-06,5.0018220847940156e-05,2.4691511178882397e-05,2.770787091773636e-05,0.0004210538166955203,4.26472570148507e-07,7.247175542047245e-07,3.78617387265806e-07,2.13198207563942e-07,6.7782753904326e-07,1.8433105161413416e-05,1.1392478490358687e-05,8.933793028921957e-07,1.2964051908193794e-06,0.0017825321046072338,0.00014427150940992116,3.356077513752952e-05,5.454192637975026e-05,0.012508185902970979,0.00011598225329669253,0.0053738292681955345,0.015443419231049752,0.06030110658883939,0.006005148412324317,0.02276410783726367,0.014677292352770132,0.0710848416376826,0.0011477784176399518,0.006575803395884883,0.0002683430567187251,0.006036595541834525,0.031739690417768716,4.423721714118666e-05
313TT,0.00028130234601234105,0.0003015094976798925,0.00015130159463048706,0.00015212276673240652,4.7130762480162116e-05,1.0989293281535736e-05,0.0009851267943091504,0.0038134529549187744,0.0018784682701911955,4.0906944766980975e-05,0.00012291094674690892,0.0019060913968215916,6.042907821399167e-05,0.00013812946075092701,0.0038032496397646305,0.0017597524579820822,0.03945672316841293,0.008472836266983088,0.00016220432932673637,0.1659242228476474,0.056958002485736875,0.016818463228819032,0.0033585715885362482,0.00033134117935021347,0.0009609468653289149,0.011043695555515503,0.0008800953104892056,0.00019509806058916386,0.0003326433982052783,0.012456008148467056,0.0010353573260359,4.578289926973243e-06,1.064562285351504e-05,0.00026670265501885915,6.949171103996541e-05,1.0818453334146469e-05,1.311333275908131e-05,9.046492647717541e-05,3.655762300563995e-05,2.297507309087244e-05,0.0011705874533511614,3.512281963338411e-05,3.272988260129063e-05,2.318595227870487e-06,5.6966003536129636e-06,1.056154882856624e-05,8.751485984170093e-07,1.447223892826694e-06,4.962867962417502e-05,0.000333624539278843,5.357205461528073e-06,8.264477648413795e-06,0.00020018191226891814,5.228164873091139e-05,0.00017964744936782294,0.0012532461881299304,0.00011428634789011156,0.00021289291209951346,0.00041216828441348585,0.00639000069970839,0.004678142073644036,2.049078287679222e-05,0.0012623022631896626,0.004920471690969571,0.0003671215065642085,0.000606982387988835,0.001036915662823578,0.0009853764682357477,0.00010513822983456553,0.0007992052299403732,0.00014535932976124778
315AL,0.00015296949068176606,8.479165890195452e-06,1.1569317147047282e-05,8.554513452831498e-06,4.2503818014555084e-06,6.77863612185501e-07,2.677904401778652e-05,3.8403631079241136e-05,7.408478916924378e-05,5.5020681078159806e-06,6.421087098536372e-06,1.6483988642671236e-05,1.873546943826778e-06,1.0299838311780324e-05,0.002092657556100699,1.3027809701887996e-05,0.0002755570449857583,0.001298834490355335,0.00015325414014795454,0.004480665206667437,0.04280008390857659,0.00012602274191136407,0.013985816366324266,2.0251408853529862e-05,6.736410849014302e-05,0.00014289712123816652,0.00018420250758512628,0.0002305369789130656,1.4429489925966175e-05,0.0005496384154443619,0.00015835572505469033,1.0202033454852497e-06,6.573093233776821e-07,5.752881972104832e-06,6.859318060985757e-07,2.2647522842590093e-07,6.347974221499955e-08,8.693508142371671e-07,7.455634451882004e-07,1.1563044509718633e-06,6.211167721475848e-05,0.0007321673787841482,2.105086694924924e-06,1.1842500300903985e-07,3.7366461593450984e-07,4.815726018551266e-07,0.0,1.1131646904524287e-07,1.5908213662360908e-06,0.0002933437857901189,3.3130296221064694e-07,2.4620046065944574e-07,9.485634581171471e-06,4.587920398900113e-06,9.347881967187081e-05,0.0003945850753462221,0.00010336945771857945,3.3471454654258054e-05,6.770895413420746e-05,5.7576564660786796e-05,0.0011004954380158985,0.0002982485985485921,0.00041294554642527613,0.00014419894425430477,0.00046108278235405613,0.0018251416067988533,0.000474922297993611,0.00023566366840680614,0.0020323137684719206,0.0014494692854736123,6.739694536262923e-05
322,0.0008549889308223054,7.215112129706845e-05,0.0005044723635363517,0.0017451393488705964,0.0005756733550933724,0.0003885548209238787,0.0020913752430316733,0.009066484006210308,0.015508089249074626,0.00994828541035885,0.0057708854902280525,0.004885484729644781,0.0015750212464850026,0.010610980213403325,0.007264224572409517,0.0012412742110540697,0.01887368400982367,0.013481331628108705,0.023021307471995336,0.00919019609357359,0.0005105878848248947,0.23375868943746492,0.10096684599926518,0.00048195822111102445,0.006482013670719766,0.019744592355285865,0.0035608072263647664,0.000900144838903114,0.003279129227778507,0.0012672453644077212,0.0014356280706188473,0.00013262250836828385,0.0007425544655341864,0.0,0.0006541125638341778,0.009428718592844705,0.0004043460744777142,0.005076838140615848,0.0012218042013936563,0.0011293160516920016,0.00034487833549494407,0.0003855209390351084,0.00038757736934705284,0.0005428288947658397,0.0005845017302991331,0.001043460317687867,1.2547990711978438e-05,4.165799014468051e-07,0.00033750351178461773,0.0018265512523742706,0.0009586281858994888,0.0007104900432008272,0.0012574008625267535,0.0008688483087203602,0.004138973768651018,0.002481875485394737,0.0007976498180931514,0.0009994526778983703,0.0013185446293323504,0.0025856174510374436,0.004126489404384535,0.00022451318021384035,0.0009885454304528517,0.010278824456852518,0.005042888798401103,0.0025392375732004036,0.0005149439974926277,0.0060066065921747635,0.002257984486544589,0.0049867521256729145,0.00018187411869970824
323,5.9072626928714495e-05,6.195649384771148e-05,0.00016870672877104342,0.00014983292502754423,0.00015251830216710086,0.0002691957496933708,0.0002829323895135036,0.00024306945955094515,0.00020931519836905681,0.0014036207262804073,0.0001991954732877467,0.0001929597996757423,3.41539310955983e-05,0.00017532390567948956,0.00016549865544680182,8.798364263064506e-05,0.0008264637525223053,0.0004962731480760553,0.00021415793402984948,0.0024728615456578967,0.0008620181229077055,0.0012037949973202938,0.012679566535512277,2.8094173488532584e-05,0.00013504469436246124,0.00039012335783773414,0.00418742858077453,0.001495905843086665,0.0007594129767494645,0.0007993514669373403,0.005588442418858018,5.918568553318998e-05,0.00023877693744896536,0.00017817241561468025,0.00048586974055520726,0.00100179559972975,0.0003130295205634737,0.001176346057665274,0.0001983744745497299,0.005966659247314934,0.0024355127590800544,0.0006310623819368328,0.0053611141510943585,0.0008470999299974487,0.0018400777650572088,0.002670620310931253,8.58890873530954e-05,6.464182110183741e-06,0.00027110769005588735,0.0010469597634637608,0.00146336644181286,0.0006672507129017743,0.0020439111397280237,0.001361900573789452,0.002403296215533901,0.0002799914290594287,0.0012385992974886168,0.0012813047761763363,0.003145295754909693,0.0006447132800932495,0.005398949641023989,0.003176714724453206,0.001580546531827539,0.002673693551587285,0.0010931875354093226,0.0016575281535940417,0.0017216452269757058,0.0037371408203332925,0.0005889038529054174,0.003537941648271731,0.0012851924777366262
324,0.012514815348922414,0.0037168267855452767,0.019183913031097212,0.021779381376009235,0.006904700868964882,0.02515773235916946,0.016369121691840162,0.005348797045151129,0.004636956058360614,0.004982776255078638,0.003376147400330092,0.002214653356652027,0.0005243024579807496,0.004025318715942672,0.0010297595341786671,0.0003578488704619911,0.0028454891469777144,0.004912735072261979,0.0019003824779012062,0.00962450672746999,0.00010858143251872569,0.006821933404455181,0.00836603341922525,0.0305519116127968,0.017119079559712216,0.013014459106921722,0.0014610631881405377,0.002846896668642156,0.0011319867788669754,0.0005954032670526315,0.001063234217082592,0.0644470995312701,0.03440222199086842,0.05627365580775771,0.041046855454188076,0.013133295498063366,0.0025698753452432672,0.024108592047875722,0.013169221514990486,0.00034378213019405264,0.0003203811569927908,0.0004691637213939056,0.0005807563819385204,0.0020406737478569476,0.0031558310393818173,4.5879845260954694e-05,0.002312498821420293,1.7933306003139825e-05,0.001989420008626785,0.002497593841760549,8.531060427594536e-05,0.0011106959526236899,0.0012003004925970583,0.0008890468411555734,0.003878005486209282,0.011984584875160343,0.0024967672818626387,0.0021620321222735944,0.0017843081428680855,0.00219020307911154,0.002486735945743255,0.0008715372895914547,0.0037253811220720025,0.002063598955454954,0.002685703336832815,0.0019110481322239265,0.00811829274765991,0.0016468437379925133,0.010489753155654431,0.030218002741885547,0.04312523963581562
325,0.051508412162203955,0.018280505778508167,0.03286783973833639,0.021529223319536363,0.008408021681770508,0.0029425141644433186,0.008669891325661894,0.04145635655584503,0.027087697362060237,0.0068383868391696575,0.017853576940754446,0.006698617883611221,0.005926591075143695,0.018511495145478667,0.015945917938160786,0.0037496309221752505,0.021754250759184166,0.03487147319391483,0.009002882987440893,0.21434594308975996,0.002325939056185565,0.039132557161240845,0.046189808725724806,0.06791224145958923,0.22169183839933915,0.26282285197647853,0.0012505924616543092,0.0007149492225775855,0.0003879233191899872,0.00018711902928783328,0.0007070151573995226,0.0011643042080197602,0.002559396709276529,0.0010786364532573772,0.001434456061778007,0.00040389096676081605,7.626881171114301e-05,0.0006091008855608803,0.0018019905495209438,0.0004962213112711651,0.0016128208163208092,0.0009303346356804414,0.0016539894910671295,6.816578466380822e-05,0.00015063924412088257,6.264425875721222e-05,7.156875339112477e-05,0.00017588723073131088,0.004982660476912241,0.0003874298761936635,0.0001967563131805369,0.0003475426868872997,0.016692627859321053,0.004894211680286514,0.008122285191856884,0.011182070410967148,0.0020413241592986153,0.030822400463968978,0.023114273858455155,0.007356295590669891,0.0027466049072627993,0.0011873745472856896,0.0041773256256695465,0.0005092937499480818,0.0022140141320015974,0.0035618391293725385,0.007993244094718745,0.0080038641589717,0.0012067545280419847,0.018167295708761952,0.011332696336584668
326,0.004089758247673716,0.0008165935148710872,0.0005990491994796402,0.012912235824701912,0.003980452150618865,0.00019391762966043544,0.016352691535799022,0.011670848259405,0.007781346162491929,0.004120418455653588,0.006075441163860734,0.02250283184485555,0.006036283673022764,0.015246214423564034,0.027235506248579806,0.005812045925270793,0.03112304006372392,0.023285562292314252,0.018242146367774575,0.01153271543054878,0.0020475660650997036,0.014788992497004582,0.033557077032401,0.0008021651308987818,0.011052000993636226,0.07529578964048766,0.009623089967601525,0.004599170155480423,0.00604157975017409,0.0020035495132516303,0.0039024896726370527,0.0017685936917725654,0.00012292480812493438,0.0,0.002159260335837337,0.0009900010920591855,0.0008055159426532887,0.00510823976744472,0.0016194096726352399,0.00041553944163569024,0.0004880577275464485,0.005220946984065268,0.0012588678200835808,3.5988362794085214e-05,0.00015215796504146166,0.0011084021965144567,5.025338853910159e-06,9.852636764181485e-06,0.00026671156325020005,0.0049325887680229715,6.811393368178818e-05,0.0018270648163284126,0.0027417850562564657,0.00017728738816772307,0.002258055639743112,0.003259408697814114,0.0014216230673491505,0.006524854082350817,0.004881654610057284,0.006015203616070444,0.0067870231871567845,0.00023576401316965448,0.0015817651929876172,0.0008038473808180342,0.00722322018461484,0.003947385766577159,0.004752704690296393,0.003376800693295358,0.0005333412484137802,0.00602291199654753,0.010386899594702478
42,0.11096526600812309,0.040607994022918856,0.0453009417857565,0.04888229690592276,0.01851538280585414,0.01376140032497261,0.06354806722198289,0.11349259989204029,0.05560321813293747,0.11346049219701052,0.06755080317364244,0.08427083381960854,0.04163951852845198,0.08929200299685845,0.10731395982214409,0.042300516329312025,0.08283785193159322,0.062205859267666634,0.09799186641530071,0.06749918712174789,0.037335022950966676,0.0776638653780925,0.052375597909870585,0.057752871061558325,0.07086519398657692,0.08947875219303705,0.028027486902803433,0.020883083365334495,0.009534639042357173,0.011533879242967362,0.01737317904017819,0.014422596066431164,0.03297361956857713,0.03268433209711303,0.027922056337511172,0.010343910894460106,0.007583534268466263,0.018983397320174098,0.014062341632564597,0.020775105868772424,0.001645189109790021,0.01721917841125235,0.008243819313020963,0.0014763898344581168,0.0026016790092447967,0.0010519396653906068,0.0038678642782587415,0.0002730110307637963,0.003304069970262853,0.03626799151266689,0.0020186739778993174,0.0059670376503268415,0.012110986914567265,0.010293018322234884,0.013091899106855353,0.02816121884991123,0.007412940387368103,0.024261981133871798,0.021841488910544056,0.012252458295465432,0.02393921900076476,0.003934344744425323,0.017302614426925815,0.012217013095681347,0.027667960526832278,0.016091051472747978,0.027735808562318415,0.0158343000207585,0.01850284110832458,0.023612714344147332,0.040996811800156956
441,1.3840987882393777e-05,2.1093629032782255e-05,0.0007206771454292843,0.0014419833165819841,0.00046222952925611065,1.800112982865858e-05,0.000955793218161481,0.0015260966747803583,0.0008346878473483773,0.000278253856741084,0.0006918640548237416,0.0032504121109379618,0.0002280608963176433,1.3690915915367692e-05,0.0031425922734216486,0.000964039641097993,0.0008278701023774266,0.0009473038710689784,0.0007555827649891902,0.00030346286641697365,5.471939796421315e-06,0.0012075078482358772,0.0003539208252512489,1.556164099584163e-06,0.00032887471375597365,0.00039660666537884147,9.183596887583554e-06,0.0014948637936389453,0.0016403978675487666,0.00025458215605101797,0.0010234454950045855,2.0902469469361054e-07,6.582228405755497e-05,0.0,0.0024709886777055877,4.050054509520622e-05,1.8548607244377984e-06,1.9492123873909203e-05,0.00018351808599047182,6.366603180910626e-05,8.864186981907584e-05,5.437799846411518e-05,1.1489344609834168e-05,2.0111579692871167e-05,6.366470390335169e-06,7.282943041993674e-06,2.6013512887034317e-08,2.7688329437094246e-05,7.992970938128826e-05,0.001108174770696701,5.9195598002875426e-09,2.679103187619592e-05,0.00012810766918780643,0.0,0.00170954602885424,0.0003432466407145279,1.865301395892406e-08,0.0,9.150791687864175e-09,1.4853217843707692e-08,1.534845605001083e-09,1.7769001095960384e-05,0.00010640130365721801,0.00010174126498152292,0.00010710246495168558,0.0034315457017066336,0.0,1.920433513745187e-08,2.503519129469993e-08,0.0,6.5076513712133315e-06
445,8.896639328117519e-05,3.5478274984442337e-07,3.8593967106922444e-06,1.6683825159688708e-06,0.0,0.00010464857571198811,0.0001238499544993783,1.1265874821720155e-06,1.5864820560842543e-05,3.4153573951191265e-07,2.6212839817553285e-06,1.7231084909174508e-05,3.4093084354829324e-06,1.4912934879542706e-05,6.363579716640888e-06,3.7387264002018996e-08,3.432474468783607e-05,3.6904091964131003e-05,5.955708938932986e-06,1.979910027362543e-07,5.680335415461111e-08,3.565800654967152e-06,0.00021574159953839113,6.668876461079285e-06,4.517937170330256e-05,3.909821623335696e-06,4.20412718407319e-06,2.7335289663510268e-05,1.0115455060799583e-05,1.7696971603757271e-06,8.695352462991968e-06,2.497151811102821e-07,4.18853025264673e-05,3.949832965739526e-08,0.0006655344018019968,0.00020464820000813412,1.2546159954536068e-06,0.00011073638567697619,1.1344235758108415e-07,1.532979984839604e-07,6.28084382159516e-07,5.651633097520872e-08,2.240697820044938e-06,2.8256587070737238e-06,3.24944489838259e-06,8.288312494848692e-07,3.2629721960588304e-08,3.0007580041669754e-05,1.5164288960540004e-05,5.5681460647482294e-06,7.916582925825423e-07,9.20970144043252e-07,1.9671177130950934e-06,1.1534287490840131e-08,6.278365166501084e-05,1.4419397330765228e-06,9.427769079029241e-06,1.8068115378417653e-06,2.20080306600404e-06,8.078071730697814e-07,3.232637772012974e-06,7.937020100950207e-07,1.7482141574494709e-06,8.12203231530637e-05,0.0013312096249591414,1.7934078330622324e-05,7.26057996658511e-08,1.0816198014452531e-06,2.8808699022805395e-07,2.070818876938166e-06,4.5871251599461024e-08
452,0.00023564414645159447,8.415377491735548e-06,5.85372860521902e-05,8.559920876183645e-05,2.4549016254796176e-05,0.0002435561262822448,0.0009280095560300672,0.00011510453010333459,8.712335107735728e-05,1.654896542091893e-05,5.0587101378333505e-05,0.00026225169166663463,2.984034290079718e-05,7.841075286392062e-05,0.0002046880839631971,5.138158541265662e-05,0.00022309473912968252,0.00024249014832988406,7.131156335009476e-05,5.083862917551648e-05,5.047812749175674e-07,8.289702225700114e-05,0.0007092056973851832,4.046308255332151e-06,7.957918224312487e-05,4.01901336032665e-05,1.3298673883275618e-05,0.00017748258396959812,0.00015614700734538833,3.0020084705317807e-05,0.00010661585374445948,1.009336644473607e-06,0.00011454287820464005,0.0,0.0018654723345280994,0.0005351080444517507,4.071724745964402e-06,0.0002899757176668827,1.027532086211978e-05,4.060756903316473e-06,6.572674167212207e-06,3.286555802893239e-06,7.5329806332813505e-06,9.737607745676137e-06,1.06452206312601e-05,2.9007519749150077e-06,4.420533858247044e-08,0.0001580615197501434,9.762621599996867e-05,0.00011902410084583044,3.0885302049060763e-06,4.391800731352718e-06,1.4292581512530432e-05,0.0,0.0002783234488194947,2.277360331187948e-05,7.411411570251464e-05,7.0780547596179045e-06,6.931577568961869e-06,4.109076532625798e-06,1.0755500646461133e-05,1.4013909464977208e-05,1.7676843558555475e-05,0.0002565478952439118,0.0003066220750350523,0.00028472181367936335,3.415623696914709e-07,1.1465649323422905e-05,8.414106980150695e-07,6.362750505931199e-06,3.697256052987545e-07
4A0,0.003459245965967292,5.690314134994631e-06,0.00042315616910165737,0.0013234549582363927,9.640023242813299e-05,0.004495709602650591,0.05175012019058362,0.004678408515294918,0.0001879965543345117,8.137414781212738e-05,0.0003317474271259029,0.0018925428707931512,0.0002872662284241861,0.001053512202072392,0.0010829304058329575,0.0002032161532246732,0.0025948371938415205,0.002796026216637906,0.000579252229519984,0.0010925749243645162,3.992426632354993e-06,0.0005053658800331524,0.014377812993815768,0.0004950381205456542,0.0032128437737019874,0.0003545029375026888,0.0002715470258467943,0.004789433332295678,0.0009350718194927266,0.0021074022807535723,0.0010710865211909226,1.4182182054706474e-05,0.0016672438608283846,0.00886593011395599,0.028700444943186923,0.007970059358053087,8.289712368584019e-05,0.005327228114375622,4.571517268500043e-05,2.5406193667856976e-05,5.8253519275318314e-05,1.7725024853556222e-05,0.00014812720262139442,0.00018525616131209106,0.00021485625712690528,5.376284590213024e-05,1.4468542726471595e-08,0.00212536964108978,0.0009957545996151864,0.00046252752646518347,5.42877401743651e-05,6.675176642277058e-05,0.0001616069647296136,0.0,0.0013883130674040714,0.000166511793196336,0.00023948235626973418,0.00024116477156831747,0.0001479137019471678,0.0003025576293570398,0.00021213578180358535,0.001859352157347926,0.0011216968589841043,0.005315345585036683,0.006946260575085995,0.0021929515119206828,3.1157364066432082e-06,0.00011808865172055725,1.2965236495921103e-05,9.209230754053094e-05,1.3912199864666595e-06
481,0.0011869707275837962,0.0021497287486740295,0.00024917671108486784,0.0005047353168352699,0.0012204711579096262,0.0012434449018677751,0.0006500488515705391,0.0034464097240431597,0.004643363816913121,0.0012942883450892916,0.001359534785585663,0.0010556170416782386,0.00026245560661765523,0.0006451687638455429,0.000934524015140152,0.0006245685562187752,0.001513036240051035,0.0011343069839171783,0.0009643843409326071,0.0007075291023147218,0.0002764555148302527,0.001630647028670704,0.002149649233379614,0.0002662994269857118,0.0006962419069343109,0.0021802714508216705,0.003603836942308175,0.001025772292842917,0.0002940929426450715,0.0002745039027644978,0.0004171772521990547,0.0011308096839488524,0.00035936881374424895,0.0031637226533116143,0.006892446359897267,0.00042428776161046336,0.00022921761549898843,0.005544706790754864,0.0019266774280081362,0.0007996749785702442,0.0011226575148936765,0.0006102087306120249,0.002585550079735701,0.003644386305233495,0.0037609421222710914,0.00012505291258231582,0.001986395255427104,5.2536095087686936e-06,0.006492077792292222,0.0035161513575375438,0.002014410086777797,0.004917420369558334,0.0017400267485698437,0.000573973339392129,0.004121544300802281,0.0035215838113788326,0.0021712042881806633,0.002576679092683545,0.00046708736235252937,0.0011602033541827255,0.0026281525994249345,0.0007206316359067891,0.001538472979292982,0.0008116853753576197,0.0023818917961098236,0.0006263483651973299,0.013267094685510945,0.0092969558380259,0.0053899767074194254,0.0018516102529397519,0.0003801897839930045
482,0.006617395407971963,0.0005935796888898314,0.0024686855532239462,0.0073705979083336474,0.0009735882279741384,0.005287148621700791,0.0015867406585463376,0.007909765433496904,0.015557839407126987,0.012358563035766964,0.003051683809183876,0.001530361990878387,0.0002069911070537563,0.0022290113969030078,0.0018601146973305552,0.0007256912621342914,0.003857211195687504,0.0016400720915154745,0.0068851814657914226,0.0015449069879564818,5.429223779152027e-05,0.01330278154337637,0.0016346753595393067,0.003889317227257422,0.0059378140513013655,0.008262465814487526,0.00014069516647107193,0.0001315637515621817,0.00019277420238360656,8.124828403732815e-05,0.0001039928740710293,0.00046602171319712826,0.00304533200030066,0.00040652136919679246,0.010378409691973166,0.00019530047173608664,0.00010814749006368449,0.0009134456857446768,0.00015904727142867435,3.766384344673544e-05,3.586728402333793e-05,0.00020655337373300884,8.807732333311478e-05,3.775559670084476e-05,5.7466955683905766e-05,7.344983993254006e-05,1.7592820187876773e-05,3.800003050650744e-05,0.0001390032102240464,0.00018171807807727832,6.855368414352851e-05,4.7338896269688444e-05,0.0002395934476202812,3.5120913011581136e-05,0.0005644929018769622,0.000405909315754746,0.00015161216586337113,0.00035346353415083493,0.00020565557121263485,0.00030505491899480915,0.0008113411278720226,0.00012339145592824482,0.0003886350506475125,0.00034861607463237406,0.0010780457303116505,0.00019379147875338702,0.0003919498648655793,0.002654063119116738,0.00952351324891209,0.0011136076888443882,0.004517983815771311
483,0.0019800543952372034,8.469086147579393e-05,0.0016094878719539153,0.0013182602614799162,0.0002603761406204136,0.0003678842733583048,0.0005155724577346764,6.170709570288625e-05,0.0023361751935379554,0.0015408220459753154,0.0003490276917576765,0.0001497594553307701,3.8140627564746965e-05,0.0004575959702285584,0.0001029948590762175,3.0696735262103676e-05,0.00014583851673311747,0.00027722620597054964,0.0013949106327549663,0.00026926242003708377,2.9516720597428373e-06,0.00037510975359582684,1.7646780536631947e-05,0.00021868975403586732,0.0007797501944461176,0.00037966106215354484,1.345685503809052e-05,6.557479133683764e-05,2.748013475134336e-05,9.88286560208567e-06,2.3243653507533808e-05,7.643610620654602e-05,9.539324577741985e-05,6.629546002523412e-05,6.769145435499183e-05,1.448603952971947e-05,9.962101436465706e-05,4.035376573532348e-05,9.593803830317574e-05,1.6413169898036642e-05,5.455754313275012e-06,1.6376533162260452e-05,2.1400712861895922e-05,2.9538142167058816e-06,3.7405432451580386e-06,3.86363706423742e-07,2.268660064511929e-06,4.128818008966398e-06,2.0855377746185256e-05,2.7137085252778108e-05,3.7968697379235434e-07,6.267696868550994e-06,0.0003199383887541749,3.781769973455546e-05,9.583352857907353e-05,0.00011575492829929859,0.000117475451365858,9.629236643971552e-05,6.298444819468568e-05,3.8507745578064716e-05,9.125272710959755e-05,1.6302924835788946e-05,6.989868202342267e-05,4.0958732441084885e-05,7.038833630724471e-05,3.441940050311212e-05,0.002440381773954459,0.00039438879664028593,0.011344762040817165,0.0002779228316579247,0.0003707960540411895
484,0.024416826355403348,0.010679464230408544,0.006145310214466269,0.014755149310081747,0.002753485446308087,0.0038341125130867074,0.015717724585218383,0.023525914659229298,0.031586006250874085,0.035231574344328366,0.012759565894262805,0.01090267418130644,0.003451618523273548,0.012643060522256517,0.011525766172863699,0.005429175447219432,0.018067336848888726,0.008646751715461773,0.03371909123960236,0.01525337714909537,0.006302901476834322,0.019110206481845228,0.009625351897461294,0.014951872037410916,0.00905405870648858,0.012734238575279555,0.005530613176126886,0.011982715760102491,0.005957438379786582,0.0038477657154259875,0.006858114796657597,0.011209737161883705,0.00639261367665798,0.0072002621637812575,0.03939357093764417,0.0027935225282605296,0.00279175115932518,0.025115406443580575,0.008785163641580265,0.001757269318652874,0.0008687605231753654,0.0015454425684748741,0.0021246026536136968,0.00020133869086326852,0.000557945750171315,0.00026000622145991135,0.00021204030049515164,5.921287113515755e-05,0.0016118806621046827,0.002567473409667019,0.0005142275746582107,0.0007823677499055882,0.0019579253607316083,0.0007569825838873554,0.00214024853611419,0.006949960512291568,0.001396619076800462,0.0017774009153189425,0.002486292145254109,0.0018987593882080402,0.004516447587570054,0.0014174525965528087,0.00400020394947677,0.002460834122608238,0.0037306710325609085,0.0027157329335463004,0.009870275999609351,0.002130240799157738,0.014245448103527649,0.0036476782311555453,0.005663943330525822
485,0.0,1.3374776329290369e-05,5.550457699212744e-06,5.3696347434256904e-05,0.0005711358409845253,0.0011374058343732215,0.0004192277846935641,0.000804347679155175,0.0008620845718317044,0.0003572209198442301,0.0005677090125202176,0.00035336737197779323,4.4381664041855575e-05,0.00011192854367792315,0.00017297622520473169,8.301533654758443e-05,0.0006568503728188209,0.000460500348093096,0.00023836977674648513,0.00010873256706917089,2.4545687111437395e-05,0.0005321481244763991,0.0010182477835525422,9.566107640244991e-05,0.00011356756043891167,0.0006619558532086435,0.0008229647649613062,0.0006153005440633254,2.6584505917731016e-05,0.00011587190348683418,0.00016859678885447488,5.8951158173760324e-06,0.00332779188976262,2.8862181789277948e-08,1.6082782242617506e-08,0.0,7.167800088319116e-05,0.0007883394206043642,3.770580764041057e-05,0.00044624884495859886,0.0005930861978675696,0.000516661010413094,0.0019573951589408126,0.002810062221971725,0.0022850448010584136,0.0009347126234683784,0.0011640557960280126,3.991033452206929e-06,0.004611907839965329,0.002528298757043365,0.0017062588479391698,0.0037387988391801917,0.0015396606008312914,0.00036588254434470185,0.002881861392051554,0.0019115171529231537,0.001777471461703045,0.002205596994841803,0.003452075490438437,0.0023811849209542536,0.00132521777710479,0.012541755911840551,0.0007202510373118027,0.0005562983955200126,0.0016119417196079533,0.00033473507276066393,0.00011463487695579902,2.17827609024586e-05,0.000247030341605732,0.006674904089892453,0.0024130114584086926
486,0.0004609232880073248,0.00011819825847726877,0.02687809684682393,0.0006195913208547985,0.0001435833852789076,0.018329091000188896,0.00024738127811374993,8.508199853591906e-05,8.491891178729515e-05,6.498299852474682e-05,5.8482476177873e-05,4.7187979384898126e-05,6.453444128081649e-06,4.757755987408932e-05,7.110387768197153e-06,5.081757200847671e-06,4.4395894508567435e-05,7.275680325408505e-05,3.735213081828789e-05,0.00010530169120083255,8.21159744173873e-07,0.00013506648662051882,0.00016628507747805884,0.026570093614039836,0.0005507483160057346,6.588677182139762e-05,4.2185264737930305e-05,7.032260546861095e-05,2.8107746069112906e-05,1.4718668157608358e-05,2.6564786627396716e-05,0.0016499244509764885,0.0008777892164997766,0.0014410607775387314,0.001049180819710126,0.00033595485635954015,7.682578923096095e-05,0.0006165837168424492,0.0003711691440351072,1.5180510353286694e-05,8.080389011515679e-06,9.29951434033943e-06,1.569368456070934e-05,5.211338637673907e-05,8.067566694795706e-05,1.1244154447398563e-06,5.917860965472326e-05,2.127930296373554e-06,4.443410407468595e-05,6.139444715118407e-05,1.9594751637109133e-06,2.815515341898083e-05,1.0507895849501995e-05,1.7670395160410865e-05,0.00011416290685480727,0.0002787347840518616,0.00010382740233320703,2.6630492597862807e-05,2.343497032160159e-05,4.542817647115501e-05,5.968091506930784e-05,2.1967763133639978e-05,9.874152134345714e-05,5.068841638539891e-05,6.368597394271238e-05,4.5501387442417386e-05,0.00019964045911415943,4.1878199163839054e-05,0.0031231306606687337,0.0007309103232197862,0.014287354485543585
487OS,4.246022644761962e-05,0.0010275182060176021,0.00012620049685856612,0.004562384595590993,2.983927890957079e-05,0.011942874560199487,2.800562235447237e-05,0.005899986220263158,0.005995226987728661,0.0005658789028227257,0.000191544539543288,6.300757946819839e-05,5.999941424711216e-06,3.860666581264738e-05,3.57614905327849e-05,9.437644210383707e-06,0.0026839873402222216,0.0007518048039395514,0.0004684078943734148,0.0009506388754843198,1.0839618944897517e-05,0.003385015611730016,0.003973448255181255,0.0014811778233340173,0.00018321390186836042,0.0022647560183068132,0.0294395616260784,0.010908817284949803,0.006280212363142524,0.0019208549388644812,0.01344015792494386,0.08993713390111341,0.012090192841828088,0.06485347921708005,0.1233040601709712,0.009551868989294476,0.015953152900716732,0.11525837421842411,0.030683201822280664,0.0015536333229685614,0.0034444708302401165,0.0001111595991413323,0.006158483551246183,0.0005786779877354414,0.004847494493595694,5.977206852063676e-05,3.1198216629578915e-06,8.156362005972457e-08,1.2123428184023715e-05,0.011154036170332494,0.0015828549906532327,0.0014194874064103562,0.0025572284343571743,0.0009704906632541119,0.0022739635170899576,0.01048203976311732,0.0007554300339251219,0.0018021699381377335,0.004524861850841629,0.0012333688325895525,0.004274805972941451,0.00285408583216917,0.0028850891768443816,0.0004338621591806918,0.0010937336023854449,0.000981254617571296,1.915613837832772e-05,0.00031599566634296807,0.011215203824921294,0.0003777211952526392,0.008166093603612002
493,0.0013560101663627321,0.0,3.4460917845137003e-05,0.0013388822547740508,0.0,0.0009682523793106002,2.4466889302031952e-08,0.008013444088099368,0.010961074029805132,0.00027275599679321065,0.001332539898213864,0.0009171957972317788,0.0007346492845872287,0.000596202302680554,0.00015705825179878233,0.00016257611016407857,0.0009993160991692597,0.0022040428598875147,0.002771824228740434,0.018177090445202836,0.00466178327201474,0.010925818028279577,0.008722558583945715,0.0010354471260559824,0.001711729721359038,0.011330447402159084,0.015039126635747514,0.04081751054516012,0.026845604868152333,0.01620362844033604,0.025699631801988615,0.00023234173153597408,1.6295207989791757e-05,0.01414079141154772,0.014426635414828451,0.0023760553917693723,0.010655047205167505,0.003926110336511716,0.03925099485582506,0.0007107595558696494,0.0010650264060921178,0.000489112698835163,0.0019784942362121648,0.0,3.569342023301336e-08,1.93083077714686e-05,8.842820632057774e-09,4.0034345022014796e-07,0.0009139841744977536,0.0028396176014140193,0.00046555191348852183,0.0004017650682407112,0.00046246632963086994,1.553396300663232e-05,0.007829399214517705,0.0023389474186144062,0.000176100283852379,0.0005866085946420293,0.0014734441743193898,0.0005450908556876821,0.0008422766150008494,0.0011453196273607028,0.0005816518288447339,0.0002729203280730108,0.0019613535234819356,0.0006906766244272529,0.0006172228683700596,0.0019763910387634153,1.4301357937266283e-08,0.0029379958731779727,0.0003693775238497195
511,0.00022744558500557502,8.146585923935354e-05,0.0007162399096553861,0.00028351928468650547,0.00016041246797661432,0.001752688639591789,0.0011758050168716705,0.0014870908127083676,0.001295486867639136,0.0006041091680092994,0.0011713553318676432,0.0009075449501609729,0.00020490564263693427,0.0006065968709690599,0.00021216392235957402,0.0009397011772907165,0.0012894230151398716,0.0010087782402362858,0.00040386694900101954,0.0004206877608219871,0.00012476529964015198,0.0009594904374062381,0.0014143640497478543,0.0001240523798351715,0.00015535080279172576,0.0005483192652662441,0.003159675124730786,0.007387742698117977,0.001604174344312232,0.0019744380823979515,0.003091504408376717,0.0005001335032972633,0.0013507567954861598,0.0003794652103696512,0.0003250741287756519,0.0004975642243987456,0.000715141729674749,0.003516545466093397,0.0011128912083901597,0.0876422743595755,0.0007809290773404888,0.0017929350300897576,0.009889236550144396,0.002717117357369546,0.004068112831751211,0.001236419590768524,0.0023613260127363076,1.4935572752530352e-05,0.0012699990682782632,0.002268185509199333,0.00528612822588726,0.0048080830876687,0.00424090104436493,0.0016265691440889444,0.007353223341959922,0.0023074651485620592,0.0031536980055745832,0.0019458228389318498,0.0031866503628821784,0.0010400724463175428,0.00419142966503909,0.0015097599474814586,0.001817689420532942,0.001366147227271405,0.002200713012760503,0.002060624323522556,0.0014386759978123578,0.007068174067831527,0.0012264854073635945,0.0070484876350563365,0.003105900626394719
512,3.9076328840486126e-07,4.872086331183536e-07,1.4967278236848075e-06,1.3554244555384464e-06,7.018852728002028e-07,1.8427579020467544e-06,2.297482189766491e-06,1.4016994819182354e-06,1.4343174850979646e-06,9.070708090250467e-07,1.1751675476272922e-06,7.752835062710657e-07,1.7354846386944258e-07,8.837264500444175e-07,3.5422108891477926e-07,5.043718120927969e-07,1.838276906351164e-06,1.3685057370884104e-06,8.851277468602731e-07,8.833238932370963e-07,2.469684465915924e-07,1.1201897625802053e-06,1.44876820029686e-06,3.7096151606874104e-07,4.173082052284554e-07,1.3480974078351767e-06,5.212877384356252e-05,0.0027756945107603884,0.001386687465470882,1.3467229686347992e-06,9.283358873830813e-06,2.981020229542075e-05,1.7872812190651046e-06,2.290094100088291e-06,1.1911817927866707e-05,1.4161627619997348e-06,0.0009863305212180833,0.00010260647254723031,1.4483834357081857e-06,0.0004614965754180928,0.19343191937127624,0.06211304285421322,3.900646267153379e-05,4.272375821708148e-05,6.58431538731365e-05,2.169048991475387e-06,1.173970077342708e-06,1.0608973270167e-07,8.273405785651274e-05,0.00029064303311808503,3.482580659869504e-05,0.00010868530933817565,0.0015299464677215441,0.0005739284968683333,0.00010134178676618394,1.763271283748734e-06,0.0013071446414292755,7.573439961061253e-05,2.7223434384461418e-05,0.0038548711621711608,0.006889854444383349,0.003485890482085119,0.0003589752810293226,0.003086187804150934,0.005464453519013522,0.0004390463835860149,7.57837739492704e-05,0.00439715851036076,0.0007050087725699563,0.0002565280529490806,4.581077937390369e-06
513,0.0013333762526728371,0.00041800328092644434,0.003332501698443051,0.0019515981062021535,0.0020215410874288766,0.0034638448225042767,0.004381628713232249,0.0038139835291221337,0.005908013695456829,0.0016738923691409873,0.0041947938987959,0.0029789066515031036,0.0008504429110507032,0.0018546484173474135,0.0009324516025367587,0.001995237452597819,0.003528834642737924,0.003822090211484555,0.0018483951554784303,0.002139747265867508,0.000691853000843862,0.0027677220252256924,0.00636868390411302,0.0003734274272223723,0.0009451446726123873,0.002922672746061339,0.0077396633482310585,0.013718698086099976,0.00440481774824449,0.002168028848897182,0.007800386376117408,0.007009007449962185,0.0020494007489655227,0.0027043780424004724,0.005180859660562529,0.007543857859387692,0.033330558183109406,0.008812796373346287,0.0011389915499091026,0.010013074679899847,0.0074548644552896014,0.1091284686235543,0.029460804609507233,0.009021831307456258,0.01171003647294861,0.003957200955851175,0.004626244516161626,5.614789916491353e-05,0.012125019557992067,0.006772264895255731,0.010820082702526216,0.007309745507416621,0.009645333702811764,0.004863593058207809,0.014734615606231452,0.010548507310361726,0.006355511616527264,0.005545275532902688,0.004429601023358742,0.005990253336729409,0.004314466184126305,0.005631853119873457,0.008096881371442969,0.019240319821541983,0.0068737114907992235,0.006276257678081867,0.013002962232126708,0.012527412551223497,0.016221735742313167,0.031048549886541155,0.006594983409210734
514,0.0004873485539463667,0.0005847923685844781,0.002327577690798063,0.0018351419854800244,0.0009452475062541669,0.010377590332673851,0.0043831837609294485,0.010146118044621514,0.011169764846052763,0.004536653581706661,0.007681138342007523,0.006415071950724274,0.0007980784030468622,0.005161224068448131,0.001441562529790103,0.00422320861387238,0.009961444836852138,0.006738037690990503,0.0033112900895962234,0.0035531069835989795,0.001040888047831913,0.007910105222463857,0.006600313850867178,0.0008671914234562086,0.0010546935309951266,0.004218529878438091,0.008390463467078146,0.039711274513887396,0.01113227331540602,0.007595700979247857,0.01838401115382508,0.003636480103599717,0.0023854579348651875,0.002937307111571675,0.0017950196666560796,0.00301754593527863,0.005972867086665071,0.006801935880543595,0.0026060769338994948,0.01808573743600195,0.004086102721275929,0.00860866402523332,0.042168348115558474,0.01912373670641765,0.016059252630352364,0.005131098503948476,0.016948989122156706,9.933430639803702e-05,0.004470556650161249,0.006244385237665259,0.015702459229052248,0.015504803434129166,0.015938723406547135,0.007936854772334582,0.04050073765939013,0.01751130359504395,0.015345317788153838,0.0038566282858611776,0.007857097054190793,0.004082028488836847,0.007228165732975529,0.010163619656709847,0.01112241656152343,0.0067622940191098165,0.017627338784737892,0.012306721006855077,0.010302647475191041,0.02260651160679083,0.008705965892493898,0.022079138630303384,0.015596323850224383
521CI,0.01012892040998343,0.010801043266908563,0.008331417111957607,0.01182714856896817,0.008919458658722894,0.013753471594231213,0.006681581384770358,0.008338563542554226,0.007698570075001559,0.006220517959496389,0.007299222468825717,0.005116974005041521,0.00747103587987588,0.008745400444134277,0.006089008229795414,0.0026478474953144306,0.009397366196880887,0.012316956623436614,0.005763809195254199,0.006309688739894598,0.024371042882410692,0.006800868800111527,0.008887019677043704,0.002380318160325593,0.005831747194392631,0.00786323951561154,0.017749243444787288,0.017152345604609792,0.008662515018866616,0.010575439315879768,0.009249954644730378,0.011060339624203927,0.08042479632699505,0.02662832997545223,0.01210209464154303,0.0438773637677872,0.07070456461717475,0.012417078345965414,0.0027085853885921783,0.0133154171585133,0.016329124282521947,0.014497883438700728,0.01114712573712737,0.06507887869560769,0.08240552799449508,0.0008275487316276818,0.04098140573985947,0.05239079250900611,0.04406458690105092,0.03738509216301174,0.0058710984467381265,0.005880244430031098,0.008429548222582753,0.03509098156156161,0.007604452391712267,0.009441902686230177,0.0027551731258110427,0.005628501401058196,0.007066252656734784,0.004210857472529966,0.005109785789015613,0.006530654505891304,0.013238825555746134,0.018447258385286235,0.015579855254993237,0.011127480659704016,5.701707755491003e-05,0.014416894906251912,0.013944435867630828,0.008244108306026517,0.010892486399116608
523,0.0008634143751711789,0.0004872089813902545,0.0006208652738172616,0.01946952672996629,0.05154589050781707,0.0014371391637090236,0.0011202977004035406,0.00047479146376476256,0.00069323759673272,0.00738690504838281,0.006793574642323752,0.005158596172116128,0.0005060410298838998,0.0036668578047476886,0.0029756477264335996,0.0013846805236647458,0.007849168236465798,0.005299207187909918,0.0002801771250373775,0.00025327381355727123,0.00044820178864652717,0.00029696670759193634,0.0005721079844073843,0.00012058556313365655,0.00017254420574539732,0.0005272130304286952,0.0020962580613388105,0.0011518919082491262,0.0008462229250535231,0.0007277534141384805,0.000903525335895683,0.009648208197964416,0.008396216784676292,0.014202005505618029,0.0012577034272272707,0.026097091156963563,0.0060967856783336605,0.00999341403628692,0.00042157055883585847,0.000811359673479178,0.0039407868879037175,0.0005268914792140491,0.00042582900431001216,0.04201882586424733,0.06255314707833404,0.004140019543040892,0.6045145821890235,0.0013556157156792853,0.006366600175470456,0.010762149356892707,0.00157320512295058,0.0010229962635082044,0.001170009646580368,0.014590556008101975,0.0014701039171329496,0.0005370176817453434,0.00045241688678100423,0.0015102242412120797,0.015204515398379618,0.001584427115420332,0.012600281988416687,0.0058379728891414335,0.000959192391611647,0.0010194663121564755,0.014887171354522518,0.004022920079714716,0.0,0.00038100697232910946,0.0007628326529867445,0.0005744840380246967,0.009950152867120667
524,0.009377802478429948,0.007757646516854677,0.019560116497376465,0.009163639803518754,0.014080237938600863,0.003534571932297174,0.00031634372632081,0.002870009695927264,0.00943098549776237,0.0032883814616769254,0.003351862621941305,0.004642852317878002,0.000828013384876464,0.00810263093106225,0.00583261960307323,0.0033566784503811778,0.0062036263518211645,0.0038868176030747536,0.004769151228044024,0.005254856585586529,0.0014976511261621554,0.0028781120559180817,0.0011812465799640784,0.000867201723808624,0.003055984641676629,0.0037317644330909076,0.02443126548175743,0.020555395976596887,0.006676530034525158,0.006723759058753707,0.009077698601542878,0.004780359816869217,0.0005515296844741369,0.0187452053901143,0.05128752780857915,0.11884814235579774,0.009540143907104802,0.0200990255181346,0.017102117548285,0.000803580774350353,0.007767400022324155,0.0019976974712722527,0.001792284521903733,0.004328785738063536,0.01669905240652142,0.34085332288468306,0.07595364925733321,0.003190253139179612,0.03599014074573256,0.03132239829851785,0.008303201177819486,0.0043499366255976765,0.004889692136952661,0.0005370010557961683,0.00868074148724406,0.01190719347488996,0.005406975339672744,0.01303750596226664,0.019103466345428605,0.015638822335520736,0.03986241409190944,0.014246244110296593,0.013317878609583585,0.006192278924730839,0.0105689859582346,0.0033488471080894747,2.0410588858830102e-08,0.003161727296877823,0.06637068796260683,0.001845010819967471,0.035441890330098674
525,0.0,3.637939034034476e-08,0.0,1.6521941355515205e-08,1.9972604947094067e-08,0.0,0.0,0.0,3.381198629508988e-08,3.655053457177834e-08,6.1691584806742375e-09,3.037707020943362e-08,0.0,0.0,8.653058340335021e-09,0.0,0.0,1.3916481801311645e-08,0.0,0.0,2.5206130695142542e-08,0.0,3.8501579171021694e-08,4.361324647791592e-08,1.68353014309774e-08,0.0,0.0,5.1901156815209006e-08,0.0,0.0,2.988075296228193e-08,1.952553556956827e-08,3.12771607623952e-08,3.7589320509464565e-08,0.0,0.0,0.0,0.0,3.778843650166943e-08,7.1535952230855016e-09,0.0,3.105672997356213e-08,2.7913121040149043e-08,1.4030309002694777e-08,0.0,0.003048812401249132,0.039360412457805416,3.915793080966524e-08,7.059940314222032e-09,1.0524983604665422e-08,2.453437594517606e-08,2.0056895845067e-08,1.7007959496119555e-08,9.201423090084132e-05,4.526049638089428e-09,0.0,0.0,3.471275362230803e-08,2.030892134100052e-08,3.423681465684621e-08,8.785938712292536e-09,1.9490633731052654e-08,2.7951053974141742e-08,2.8656274362301644e-08,0.0,0.0,2.7646696242103455e-08,2.9079540019082342e-09,1.1111901519551132e-08,0.00048158473464070836,2.2793664473620942e-08
HS,0.0,0.0,0.0,0.0,0.0,0.0,0.0,0.0,0.0,0.0,0.0,0.0,0.0,0.0,0.0,0.0,0.0,0.0,0.0,0.0,0.0,0.0,0.0,0.0,0.0,0.0,0.0,0.0,0.0,0.0,0.0,0.0,0.0,0.0,0.0,0.0,0.0,0.0,0.0,0.0,0.0,0.0,0.0,0.0,0.0,0.0,0.0,0.0,0.0,0.0,0.0,0.0,0.0,0.0,0.0,0.0,0.0,0.0,0.0,0.0,0.0,0.0,0.0,0.0,0.0,0.0,0.0,0.0,0.0,0.0,0.0
ORE,0.005289968302595816,0.00041962757695518426,0.012891271412579583,0.00237288014581011,0.003974598894833028,0.013407580557026635,0.011443105751967395,0.005774655449756609,0.0073754192565978,0.0021252226731763536,0.017876047373230706,0.004584076171130353,6.265844469883355e-05,0.005718810862508418,0.00039681114314202423,0.0012898293994066405,0.016826661651236086,0.007199110806324626,0.0050315043694901225,0.009103425779979406,0.0023639145214486264,0.010365157741415333,0.030585072453282926,0.00013085414232972097,0.0011668623416564946,0.012620996139261582,0.0489394274165828,0.10513405204675634,0.11988446270285313,0.07930361360527448,0.11482696910783878,0.0012439604603005539,0.0021718439829933843,0.02091720806906125,0.027119687357731945,0.030089430878342927,0.008437155490735728,0.029408001352546117,0.06767010424843914,0.01692985109798447,0.021415306128586553,0.040027902995143534,0.02088966492530137,0.019989547927548906,0.045242043183924864,0.019486624641746067,0.004490808281078758,0.0016443590300911468,0.12281099474415391,0.034785005689877635,0.05004909158289034,0.011629499227314984,0.05259007382471627,0.05568520376881505,0.025838184249112453,0.02946081464644296,0.09182873348653221,0.04305855939127752,0.08290567470452306,0.10401522371993328,0.05611246521321513,0.07170266295849205,0.10782341115391875,0.029158166142426542,0.0624559180877957,0.08986859952554058,0.0011708967404333865,0.028980785031761547,0.011144077569280998,0.005884385730335964,0.007779985497483207
532RL,0.003342766318068424,0.0012740823363572866,0.02327984491127167,0.025908831698227237,0.01923922372739413,0.0037227160476869504,0.013415338883343376,0.0025434926208147764,0.006694047467161611,0.0030837079405407718,0.006826286356704566,0.004541395906061043,0.0015846519756617895,0.004837428205079561,0.011223327704774319,0.0028067054715110802,0.0036252990437627727,0.005890133694430876,0.0040830134595978155,0.0013875139426125203,0.08061998018154963,0.006796524747626942,0.006509995034113957,0.0028799987577816616,0.005086922637438037,0.004885498509707365,0.015727727970268942,0.004903252179427274,0.005986343262095917,0.017123316547778038,0.008270634280964454,0.04867586859717544,0.07575443065778775,0.14581903492049442,0.0683872497813208,0.010174993991596425,0.0008974990721742535,0.00970848115688596,0.006342772927282339,0.004323632278798041,0.005006639580822177,0.011264329622712042,0.021520167808607008,0.002805580754026505,0.01158936704067545,0.002658470571842405,0.00019135826364120441,0.0018679481891944857,0.002393446439216198,0.03161357873791815,0.005507638356602708,0.0049296939550817825,0.007629982706699873,0.03547172076225831,0.007909512857768926,0.018962200815361287,0.002742783630533121,0.0040029256485925,0.003430072016934827,0.0016110461109980591,0.002121067387142851,0.013230381121042597,0.01324780389388779,0.005842829944563396,0.021934230986781635,0.0024406562929395843,0.0005896599961523263,0.0003458981968728123,0.0021664134243412347,0.003914365360415819,0.001899385192066668
5411,0.0007064094475079443,0.0010609728872910025,0.0041886000226990395,0.0050297911110743455,0.0017021864589276438,0.009224939580845989,0.0036292426824075623,0.00397069826331336,0.0033247828414125526,0.002179606526044597,0.005045196723384172,0.002488505856946291,0.0008069379581573849,0.0009033710929761519,0.0015894444050231263,0.001001594086139104,0.0036546606075764185,0.006533467685053214,0.0012143200462900834,0.002338508344649612,0.0019411611922294327,0.003933485307139421,0.0043537805005026305,0.0008261127812605022,0.0008796717101883308,0.004306214708768501,0.008559830415653237,0.0034382784732312683,0.002765019532815475,0.002512851838518038,0.004476266020924302,0.0010932906733706618,0.011409141286180735,0.003588140735579063,0.0008103517085699645,0.002556972605148079,0.0012835709350227005,0.002345202302847056,0.002314222759042039,0.0076616691606290225,0.005432449875582534,0.0033466349702674174,0.010693994259824936,0.004867857265866769,0.015939722527725596,0.01066347046616848,0.009849811512609165,0.0007005721654515538,0.006635352983414224,0.0024141534523380564,0.007272734823672966,0.005101292542100211,0.01655169396422835,0.013860304315943515,0.007102615837377295,0.004039611281236746,0.0008157883831576182,0.0036276474190128365,0.01657776865898101,0.00554475916906143,0.003365243447368925,0.012751746298078894,0.014725682393504688,0.00231900400981981,0.0028310920226636985,0.006093004862701126,4.272896285810516e-06,0.0004392809192481648,0.0009027587887573656,0.006639963469906433,0.0036080473979276106
5415,0.0010010553912633729,0.0004182891556161717,0.032514791871318206,0.006805472319739803,0.0004895935268049934,0.004199522026680131,0.003591806685000573,0.003446035546452389,0.0031711208083472675,0.001444904784383442,0.00548970748954891,0.006508363731257339,0.001270800762311783,0.0012329281804866056,0.0010222612481756745,0.005327382191429852,0.003583882173369138,0.003250379442873926,0.0015875618762170305,0.0016639615314473246,0.0003573075929514108,0.002255988538883679,0.006017259510616595,0.0012284904262630457,0.0005168290160042686,0.0025419481215340225,0.011483025361871797,0.02343126436902785,0.003957975970206295,0.007125688720927807,0.006774724420138919,0.0016942484104249605,0.016532243746022395,0.0007468823926399338,0.0024122606328825973,0.0017976134682049802,0.0003465155257746046,0.0020633096675348227,0.0010341720198281147,0.018072607855422456,0.003061561366822554,0.004843729521480564,0.02683041408345732,0.006538255666296896,0.01837156211689482,0.0072882499393106,0.006685491063276739,0.0003539487323626222,0.003897528238751299,0.001764882257532048,0.012112163766421663,0.01723344614804656,0.006717759960982791,0.0032512233056650403,0.017155251029463373,0.0050687087435106115,0.005941589972128921,0.0037634663894520284,0.00606493693933445,0.004416147615532446,0.007906055029585498,0.002620908548449408,0.007299117695940873,0.004348625596288979,0.00627960186677992,0.0044589842389328015,0.00851910250340548,0.04684853303025118,0.0018741593823836224,0.015103775200175557,0.0160152338901161
5412OP,0.005138902059154246,0.0062422615059719525,0.020993786402522446,0.0184962881781555,0.009009587412308532,0.024893753062000642,0.030752243319866084,0.01818082972852908,0.01921759436644094,0.011720485555432491,0.015603373869024282,0.010264702604117762,0.0024096411640132528,0.011778208188593547,0.005065520497062075,0.00665101771638316,0.024266403917968485,0.01873057625078507,0.012099852642913096,0.012295777940242877,0.0034657333278367043,0.015177582987232147,0.01877690093710586,0.004008155174862009,0.00513450555642034,0.018369757536256283,0.06077615826852654,0.11287601016940531,0.037471845232500085,0.018475873409627457,0.06340611937784567,0.006761790311858739,0.025089670309371995,0.03140184312094691,0.01228006019231178,0.019487552474992308,0.04173070160708751,0.010179571723645793,0.019584865783257438,0.04310428730266452,0.03271289239205771,0.04014101009776041,0.08277633331132728,0.03844825667328658,0.05664611771150979,0.029573006513803925,0.015004738652232777,0.0010582746971780767,0.034567905643454945,0.029944760399944297,0.027003325368201207,0.04419376461204115,0.07476866778049707,0.05886403020343845,0.04401893207063178,0.02241399006675338,0.01949254617032667,0.020682748582296316,0.03694576475437572,0.027286829385528386,0.0279272080098809,0.04147998947165103,0.04813402879395441,0.022388027953857765,0.02592925118782668,0.031635379339177254,0.07926752081653497,0.030932881154319643,0.019613170300659868,0.03318522000170173,0.06192735817495047
55,6.575466411614395e-08,0.0,0.16603754774391455,0.07213849593704628,0.02141390356688719,0.0,0.007536683669840052,0.003182828145832977,0.015619481160684965,0.0037175074035456055,0.010085249654065478,0.027816238848854098,0.006737951810332547,0.01493705886649737,0.013432291030519248,0.006444195789223953,0.004928640639467111,0.019707032657879448,0.025273142273936608,0.017761367842516734,0.010716321952731757,0.009637959587390273,0.005085091493776723,0.00369185401828889,0.011408139004418325,0.007224772917852619,0.05618226311068218,0.010460324615579133,0.013129307052033872,0.0443194070640119,0.02473039345240309,0.010471315499716747,4.5147425827188197e-08,0.014148125545475803,0.011435469328775481,0.003243457689986924,3.664851510727801e-08,0.025982723615418566,0.008688215863287531,0.008759307344027646,0.0026060296853807614,0.004880722048675205,0.004880784406128549,0.0037745763437027346,0.02605494653116345,0.004663551049808965,0.0061589637596950264,1.775568988839113e-05,0.04886739922246321,0.05275799772284601,0.009105119920492823,0.005540309787101586,0.010132415897499915,1.5806371433946254e-08,0.01978452325400271,0.030476624527317864,0.01634775559608048,0.027068144363530767,0.008444766501383965,0.01652978726940662,0.004745662114877755,0.01617759411466573,0.012407037728257662,0.013530665041659767,0.07362466295347714,0.013540165527032461,3.91122814839802e-10,0.0,0.0,3.631732794686046e-08,0.0
561,0.0008838996067849653,0.00047184531555555324,0.0027037628963627776,0.004688129587598473,0.0077914902796573085,0.016527987060142697,0.005206283937902019,0.007193575301847484,0.009636977885099115,0.014670077075482907,0.026651058528061104,0.005653759388077182,0.002463228168198855,0.0044110860093002835,0.003625823228698235,0.015503281570265164,0.004601298565021349,0.010155296768380952,0.0034900848178281672,0.0030866116825979816,0.013088198783214454,0.007446174839863092,0.03686830497423342,0.0034979478417277478,0.0035714954594029636,0.006985027768944671,0.03448026163245582,0.03244012953999296,0.010861326712652553,0.01580980710121397,0.020504314614524552,0.01886669429565759,0.011914806612823268,0.11819118907619666,0.027517434678830957,0.09113762133955522,0.053489815629386456,0.046014051062029666,0.03822918345158514,0.043970229561869564,0.010133972774776713,0.0382146699138018,0.05033969588019456,0.018124586504632178,0.022090020882972676,0.010752820983297037,0.0009069500546290676,0.0009504939644320026,0.11282089047996675,0.07111996891576922,0.024703380268662884,0.050008189998383044,0.031462828028149856,0.024234751185133522,0.08030500512919514,0.03792846106033571,0.020140895581057826,0.024100447012422265,0.05481840032500204,0.04367100219969439,0.016023295454434202,0.024396243763461573,0.01860420920091229,0.017660852370687152,0.013581398725534603,0.019978392282087115,0.010128867883643892,0.02968735466656852,0.006244541377659715,0.020748810315570528,0.022112465738795564
562,0.00018708384549967724,0.0001680045517857318,0.0019635998107127603,0.0007198906573072619,0.0010037322718127455,0.0015030182826304144,0.0009244383635033388,0.0009588317643852411,0.0015644306373551805,0.009986135108355047,0.0009454148014199117,0.0005558539589540169,0.00021967979525330735,0.0004205763318650872,0.00021772465144922907,0.0003423758473464283,0.0010375503341423736,0.000579010501642243,0.0011054906009050037,0.0008589961448888972,2.6369899483065716e-05,0.0019367528053675892,0.0009774024398064988,0.0011108344494331066,0.00155662791713698,0.0009608247395971301,0.0007150858359133678,0.002354606915021186,0.0008030079155615734,0.00046541010409190966,0.0006376069942117348,0.00021601531338399764,0.0016232917239107389,0.0,0.0016209246785691847,0.0004109026559617703,0.004179034995853284,0.0020930352850253285,0.0010996909015578422,7.921056833631908e-05,0.0002474359830744102,8.652925496307611e-05,0.0001214160319503724,0.00026155604739315887,0.00016233002758615021,0.0008837846261634324,0.0008617759739921559,1.205681359768542e-06,0.02719315234321036,0.0017434013989108814,0.000648479733205338,0.0003415345073215033,0.0006543891785765268,0.0005590539579815019,0.001847692889542025,0.06436232206069847,0.0008548893543704246,0.0011172949247940174,0.0015288730455148324,0.0021746314320633653,0.0013508599199182245,0.00048563579152746715,0.0026119792484253996,0.00278207342075584,0.0014730813247677528,0.004184066208967799,0.00012375537967316026,0.0009185147366283483,0.0019858107413117,0.00814677815501625,0.00869385885604191
61,2.4823270929938597e-06,2.698034071762545e-06,0.0,1.1992561530456293e-08,0.0,6.340856465949048e-05,8.970433998684749e-07,1.41063404453417e-08,1.980882312314798e-09,0.0,4.1780930440787276e-08,0.0,0.0,3.384704490101085e-08,0.0,2.1995169435482403e-08,0.0,0.0,0.0,3.920617256600073e-08,0.0,0.0,9.644448280263723e-05,3.0523995225131355e-06,0.0,6.921386356110517e-07,0.0006662518491460837,0.0006209856968132436,0.0016942027418854067,0.0,0.002169979219518675,0.0003274496730896772,5.0712017147397744e-05,0.0,0.0,1.1171915017831443e-08,6.549806520429166e-05,8.91435096106528e-05,5.104487375364767e-08,5.1162232536069196e-09,0.0,7.074462672597924e-06,5.3769855685214836e-05,1.9159930710841665e-05,9.55416050261335e-06,2.5562723600069903e-08,0.0,2.920784710566465e-08,0.0,0.0,1.659121073371617e-08,4.501243750236598e-05,4.532194332722882e-06,0.0,0.00020541976795586378,0.0,0.004381791686718817,6.656640063099232e-08,3.362089077173386e-06,2.648703109547889e-08,3.208724955114436e-08,0.014335425348404002,0.0018905103237983475,0.0,0.0,0.002166852455346755,2.7636297730853503e-08,6.525042008015081e-05,0.0008822728668072437,0.004254019290567412,1.4978144645960538e-05
621,0.0,3.561639409153717e-08,4.673415499591224e-08,4.844138455554465e-08,3.9076054014674954e-08,0.0,3.068260769537847e-08,0.0,1.445779974781556e-08,2.309282161241809e-08,1.064480349023654e-08,0.0,0.0,1.2389333912602558e-08,0.0,3.906970353367836e-09,4.5429777516561933e-08,0.0,4.65466708218803e-08,2.4252350943546694e-08,0.0,0.0,0.0,2.354804418147807e-08,1.6727928485080195e-09,0.0,3.7892497250692334e-08,3.0472087025319404e-08,0.0,4.955044130829784e-08,0.0,0.0,1.3447325181980503e-08,0.0,0.0,1.924712900482701e-08,0.0,3.711918860033561e-08,0.0,0.0,0.0,0.0,0.0,9.944200767306868e-10,0.0,3.2547760961983105e-08,0.0,3.2322712885224654e-10,0.0,0.0,0.0,0.0,5.879364672595355e-05,0.0,9.007658337959781e-05,2.146639699700412e-08,6.738946235134946e-09,0.013860948140562934,0.01550224956605684,0.000408722363546651,4.395328476249537e-08,0.000836316549422854,2.954617178274461e-05,1.8459309808949978e-08,0.0,6.985754552229997e-05,1.5794459682854854e-08,0.0023298864133548926,0.0,0.004980399385711592,0.0
622,3.736749246965054e-08,2.5388647058936625e-08,3.929892441771089e-08,4.2425596602464865e-08,5.768223258276149e-09,1.945179834895853e-08,3.4284024900521654e-08,0.0,1.9030855927293607e-08,0.0,0.0,0.0,2.704673137054738e-08,4.1830577930511485e-08,0.0,2.8097015691007806e-08,0.0,1.758211213282319e-08,9.510052975862199e-09,4.69978158634328e-08,0.0,0.0,3.2323335044079034e-08,2.9778412710534416e-09,0.0,3.8008996555168e-08,2.672406887066237e-08,7.526677308666626e-08,4.323277996224368e-08,0.0,3.234213780037093e-08,0.0,3.37552274040414e-08,1.58599856553092e-08,3.2798011144271754e-08,2.706877320311046e-08,3.5795921991088763e-08,0.0,0.0,0.0,6.269689821469033e-09,1.9573292354589793e-08,2.6938076477208235e-08,4.1678960476265734e-08,3.4457272525551845e-08,0.0,0.0,0.0,0.0,1.2096930347128124e-08,0.0,3.0655980294667814e-08,1.3481151125285652e-07,1.818221839992811e-08,1.2329098949771264e-07,0.0,2.7501505367205417e-08,2.5535708763430008e-05,0.0007667426174831071,7.370871999830182e-07,4.2007269778846845e-08,1.5106738939883588e-06,9.589092986298422e-09,3.986013777956025e-08,2.0376252320655533e-08,1.7383048550573074e-07,0.0,4.2459342721467325e-06,0.0,9.164744975770999e-06,1.1116782160768638e-08
623,6.103258131478886e-09,1.1443460961708908e-08,5.680116883660582e-08,0.0,2.598871120182214e-08,7.722842121029178e-09,0.0,2.419360295859999e-09,0.0,0.0,5.2177732513236056e-08,4.951090971250393e-09,2.63381268853152e-08,0.0,0.0,3.761440721860125e-09,0.0,2.0866486746913083e-08,1.9365595725011667e-08,1.4394443733409337e-08,2.551714810683341e-08,0.0,0.0,1.5220206731450176e-08,0.0,0.0,4.948912661449281e-08,0.0,2.214267027631387e-08,5.225866622565617e-08,3.23951560466067e-08,9.522647284398687e-09,4.176031762438497e-09,0.0,0.0,0.0,0.0,0.0,2.3646032954573424e-08,2.2991980854634938e-08,2.1832541625269726e-08,3.1836148746739166e-08,0.0,3.0118992363800912e-09,1.2005170905132003e-08,7.531291171355819e-09,0.0,0.0,0.0,0.0,5.090540879710961e-08,0.0,2.655699173731639e-09,4.5238049162598936e-08,0.0,4.260044406638999e-08,1.48580028153786e-08,0.0,0.0,1.5886864823677627e-08,0.0,5.777125507717023e-09,4.57243205690618e-08,0.0,3.7465032157800056e-08,1.971730043341197e-08,0.0,0.007737747736519232,0.0,0.0005577230330282412,0.0
624,1.0897428955579603e-08,0.0,1.0381639152068244e-08,1.3344820712639155e-08,5.975602045278249e-09,3.146965214392404e-08,4.795316440059141e-08,3.129716036936814e-08,2.7825244093919176e-08,0.0,3.849820246645144e-08,0.0,0.0,3.345767441081175e-08,7.135634804604655e-09,3.2017089736470604e-08,2.6000734842122836e-08,3.964326929760295e-08,0.0,0.0,4.377565460546338e-08,0.0,1.9528989320419844e-10,1.0490107813355825e-08,0.0,0.0,6.963033833703095e-09,0.0,0.0,0.0,0.0,3.362224767850955e-09,1.3794573487488263e-09,0.0,5.096824949061246e-08,1.0782686755847287e-08,0.0,0.0,4.4037443774682435e-08,4.5125062752123114e-09,2.2415181020426194e-08,0.0,0.0,0.0,0.0,0.0,2.5534136359831073e-08,0.0,3.4989894996790116e-08,0.0,8.920242364181348e-09,0.0,3.0200575537089526e-09,2.4554541124553442e-08,0.0,3.692581230721328e-08,2.7134378854951714e-08,0.0,0.0,0.0,0.0,2.981621275781613e-08,1.2048386243790032e-08,4.519256311197099e-08,1.090337747819709e-10,0.0,0.0,6.251509862848738e-05,1.790910701298543e-08,4.510362059719699e-06,9.148967952127247e-09
711AS,0.00023688162496110458,1.9009493381794355e-09,4.356787540775142e-06,0.0,0.00016440213669065968,0.00022227896922198396,0.00016756070828928747,0.0004118159953688719,0.00036970991595259325,0.0002733448220945057,0.00030016453741202006,0.00019018411922663782,1.5929301905111407e-05,5.798445028216327e-05,7.251573587998467e-05,4.5533002710890864e-05,0.00027109542182214227,0.00021610486482552356,0.0001691585908699246,0.00010009434328723313,1.9260703736731404e-05,0.0003939167705903129,0.0006123449191967398,0.00010189822642510273,5.0870414280572764e-05,0.0005272285468890198,0.002461816935658264,0.0026360449780150836,0.0016633979125904499,0.000414924262310355,0.000896826869880556,3.451780054218002e-08,0.0017120280589055772,0.0,0.00020200113404655746,0.00033101672288619644,3.314903476049051e-08,0.0014909376566011282,5.89374904157174e-05,0.00041643462543973785,0.057823578236097024,0.03477137500683514,0.000971447074783543,0.002468866636423736,0.0013986188087004856,0.00025027415534873267,0.0019940558435307828,3.7455000178534484e-07,0.004672118102795195,0.0010666596253587986,0.0018417416728861967,0.002020834444744597,0.00234213877977375,0.005782746663571608,0.0025138761617653463,0.0011688401087805226,0.001310922794247799,0.0012895589787401706,0.001919482913448084,0.0010856682610922211,0.00508956469134196,0.1502083104522849,0.00624082177741767,0.0009577560139030998,0.00430186378004142,0.0018769455674240434,3.7814141058257793e-08,8.98807696577245e-05,0.00039392738512410765,0.0010538430575064669,0.0001691231783098723
713,0.0001250772086294862,9.667923332762598e-06,0.0,1.229614152735084e-05,0.0001721091601961523,0.00020244635483807142,0.00018926961982606503,0.00021708229408711304,0.0002884296356337641,9.389505928956662e-05,0.00015470857021193774,9.060711813295103e-05,1.153979086389682e-05,2.112705373669291e-05,3.713346075185535e-05,2.2915221054387106e-05,0.0001873927746508018,0.00011834806345336067,6.407301618323865e-05,1.652980612264604e-05,3.6841045580870193e-06,0.0001443942479854556,0.00029234910282698875,2.5976815691232596e-05,2.8518954825199196e-05,0.00018618670533001406,0.0006648628722623237,9.765953317055731e-05,0.000365569338542546,1.7983239381425134e-05,0.0006956017702659046,1.599569080286533e-06,9.584786829805283e-06,0.0,0.0,0.0,0.0,0.00011655081678557521,1.4301388240123583e-05,0.00013106866222019646,0.0001691961989120664,0.00010399985274017726,0.000559492488569143,0.0008091701117689649,0.0006509541724582564,7.225907092221664e-05,0.0003292338748487934,5.166265801821792e-07,0.0,0.0005298597090943902,0.0005753828273882071,0.001113812194197816,0.000422013354299849,0.002038324041741749,0.0010166163733515,0.0005734724712185146,0.0003323628233062883,0.0007687740341119241,3.842208667652612e-05,0.00030425549536479987,0.0006608945932176528,0.0006284096353811812,0.0011482853471085352,0.001213172411721459,0.0010634471878023365,0.0001090111300984658,0.0025266065245097297,3.418910765972053e-05,2.0364019411825463e-05,0.000986717949121069,0.0002242059043450079
721,2.588136960090092e-06,0.0,8.114290059424935e-06,9.687725058790823e-05,0.0009435389424358748,0.0016317236229882238,0.0002591559602466597,0.0011686133558186035,0.0013793119956859886,0.0005687057862737213,0.0009201141721207588,0.0005818826431322923,7.300095736899854e-05,0.00021939459067329067,0.00029692583676032094,0.00013605381752606555,0.0010535541824281953,0.0007550519591103882,0.0003841748052385411,0.00022866635414564741,4.704771810328403e-05,0.0008553079465901479,0.0022782684451521863,0.00015411708024922356,0.00019106623840628955,0.0011802328755864974,0.0017474102597924766,0.00019053846251118422,0.000206796987319777,0.0001948378255675073,0.00027784003555979443,5.6291896038595955e-08,0.00018306955826777793,3.006835966047706e-08,3.4895304111949112e-09,0.0,0.00023771354162476865,0.001779355103590037,9.222507115187674e-05,0.000862570004791691,0.0013467380071047817,0.0006961145669488708,0.004873886381495093,0.0053595501007813835,0.004367062133930639,0.00047240184786479156,0.002234222530118932,3.6530572438404047e-06,0.008534333811653493,0.003917922713665338,0.0029872706502809257,0.007543921199906875,0.0022182758055493165,0.0012948324471143658,0.005066136568463218,0.004466560162753604,0.0023106400399768865,0.0033543939843136664,0.0002679771455580749,0.0011750675837737807,0.001820704548383242,0.000745491652780962,0.0017488607774528145,0.0009434404986022882,0.0038212568053391876,0.0006094667711056073,0.005858989180671084,0.003170774333209622,0.0006623567310900633,0.0017375374649857332,0.0005439349208668515
722,0.0008790295021318235,0.00012264047246019204,9.101924233540172e-05,0.0003491127917715178,0.0019353664238301687,0.0033361047323064636,0.000312723337674449,0.0017055575886033244,0.0017614095035797853,0.0009568255224256265,0.0011193362020622483,0.0007609068787560587,8.279542617580177e-05,0.00043572946508551425,0.00034741759087857007,0.0002003399677583864,0.0011960381130775206,0.0008864422880026076,0.0006018105801328556,0.0005829865033629969,0.0001634241873477939,0.0013173968825755228,0.0021568755766069453,0.00033860768694143987,0.0002373966114197126,0.0015155891907322708,0.004438294755917292,0.004691043150479975,0.003336599520233954,0.00396314821517057,0.0038133890817085387,0.03259151351175117,3.829977175025813e-05,0.00032705007335100654,0.0020849168512049685,0.0017832264592364633,0.0014573570233435253,0.005791837659532112,0.00173619617046091,0.0008004631017847153,0.0017288200129114088,0.0006765740173036448,0.004294160572001826,0.008239567173180397,0.0045550897398670045,0.0027141593146797352,0.005513791163074891,2.958601534421538e-06,0.025397943226721075,0.010476878947016433,0.005604325228039497,0.010165081947975238,0.006383728161907365,0.006489248166910301,0.00996585109796828,0.004348239650327124,0.0027631254933572318,0.022257907033579515,0.020867372707275553,0.028514561362012036,0.01593645156878295,0.0028345310032728104,0.010406136199229936,0.03946970655503003,0.008286541550482474,0.0015866970632514806,0.002175472718188204,0.0010191824682120542,0.0029804497323867615,0.007521819678967212,0.00161767419058261
81,0.0006635338648140074,0.0007215029883062742,0.0005225517112049015,0.0012876022628737454,0.0015979462076501727,0.001435472051183742,0.003634049563251413,0.003725006156609612,0.007273675377534717,0.004510594292969897,0.004265536439869884,0.0022687550368257056,0.0013890433993650787,0.0015718742999084121,0.001238038707284407,0.0013981654048585686,0.0020677671334496275,0.002362390849219059,0.002378873779157569,0.002126174230498136,0.00024275770748609935,0.006374777629688377,0.004210865684977292,0.0021960154464002162,0.0025243206981429853,0.0038811970843880767,0.009592662919802916,0.0108891796982552,0.008742909598016282,0.007906511012402327,0.006297686858784743,0.0024818493831456,0.0012361613171695636,0.007757746045019809,0.02106916212014167,0.02491349283732059,0.009808319284124562,0.009571411366635614,0.005135190198405202,0.002512270393810103,0.0010799770178656087,0.005446631192064955,0.002815856602582459,0.004003758271548576,0.005930185536382219,0.004405713572913632,0.0008288359081825415,0.007735400434154265,0.003196633840790476,0.01696849665371064,0.002293570974096657,0.0030996549793817236,0.00400936005739778,0.00866906702255094,0.01444296027999829,0.040240632459629805,0.006247073208928206,0.0045485259934731495,0.01073459951679889,0.005225984726911953,0.003818685653386049,0.00444090434651184,0.008920466706799707,0.00500718669776251,0.01016806687149251,0.007052233323328383,0.005232832922845289,0.03137581941425409,0.00535667315525464,0.01412478138281881,0.009365690881842408
GFGD,0.0,0.0,0.0,0.0,0.0,0.0,0.0,0.0,0.0,0.0,0.0,0.0,0.0,0.0,0.0,0.0,0.0,0.0,0.0,0.0,0.0,0.0,0.0,0.0,0.0,0.0,0.0,0.0,0.0,0.0,0.0,0.0,0.0,0.0,0.0,0.0,0.0,0.0,0.0,0.0,0.0,0.0,0.0,0.0,0.0,0.0,0.0,0.0,0.0,0.0,0.0,0.0,0.0,0.0,0.0,0.0,0.0,0.0,0.0,0.0,0.0,0.0,0.0,0.0,0.0,0.0,0.0,0.0,0.0,0.0,0.0
GFGN,0.0018020046216660449,0.0005241075535553199,0.004689975464370134,0.00011625919343489585,0.0013870145215147877,0.0020692905278230406,0.0009710352866380894,0.002526946509738547,0.002211247244650408,0.0024955237902442983,0.002026047988467167,0.0031715855724896687,0.00712139563146113,0.0025872944611763267,0.002694206040796349,0.0009435104381632968,0.001508881024970411,0.002118192312525672,0.0020886245994411186,0.001761826120403323,0.00039293657596277165,0.003460276741281047,0.0030552432538992593,0.009671772485238934,0.002287019698672702,0.0028136431691994463,0.0036671515139936966,0.0003070416722396751,0.001899690796863408,0.0032383060885711606,0.0026586140403623416,0.06637859013447828,0.0009941045311272715,0.02905137477255917,0.0019157932694292175,9.608394338923099e-05,0.001674254105724114,0.00280219548192822,0.0005986271522365848,0.001227123937026802,0.0016804489268311049,0.005911826781296873,0.001073352669650642,0.00200873163123274,0.06435110957851271,0.001231339311835341,0.00037402298575336213,1.2409609584897518e-05,0.0002277871183896748,0.005081881660504535,0.0002271278209812132,0.0029965501353021724,0.0011535647088973479,0.0024684118503822006,0.0011954259088086624,0.00036087201998242634,0.0007846977123197366,2.58858301132386e-06,5.047600873880329e-06,0.0013074900217125605,4.170041621705336e-06,0.0023007430956851226,0.0020966704672136837,0.003616209947504756,0.002609150214885834,0.0036633491782386454,0.012782387698569679,0.003970834890753672,7.422443919009244e-05,8.136559925165645e-06,7.1827239755540605e-06
GFE,0.0007072424608134133,8.436575695177735e-05,0.0014417675796098027,0.001725888090319894,0.00011850847497845957,0.0029081584011187195,0.00021359272735743386,0.0005098942871476829,0.0010924741656676345,0.0008348133711704723,0.0007608375175340883,0.0007618763824193589,0.0002811651390678289,0.0011266071841953957,0.00016063911669950126,0.00028407827048593367,0.00030252013636462534,0.0002531984558265813,0.0003403352627289728,0.000546668850379206,2.378456617883493e-05,0.0010764159524744843,0.001088103306269448,0.00047909104777275966,0.0006062069505782053,0.0006917064642793365,0.008924584935746327,0.0047633216707745965,0.003625871992114132,0.002239136526405525,0.0047743662623544415,0.0002964455245917692,3.283876424347862e-05,0.03715138508350695,0.006265153448292672,0.003367568903333516,0.0031535066090449975,0.002792071090497106,0.00386833766913172,0.0004962430701473939,0.0011775880553280685,0.0004578521645622091,0.001968753913353294,0.0017475766703911753,0.007486145107311635,0.0007554574124785064,0.0004548045762897566,1.0488300669760872e-05,0.0009894687451216942,0.004005631757145832,0.0007153321125294574,0.0006622115609215129,0.000815783853837615,0.000545805646257642,0.0009941578449991545,0.0013224732248752057,0.0007408326822045987,0.001011751786638967,0.003051308797769272,0.0013158544585876117,0.0019191989600098722,0.0009368200807784141,0.001186685033287914,0.005056412525499104,0.0073309267356553905,0.00072260767694459,0.00020955191820963142,0.00034211851272086,0.0017666306812958998,0.0012858264726125928,0.0006694309494423278
GSLG,0.0018014161876186284,0.004950256326932259,0.00027844422516863095,0.0002181393380520814,0.003398319528337819,0.0044883254392731,0.0007348071272120359,0.003513638173018256,0.0005534346516177657,0.04919379219176485,0.0008556357538516261,0.00010988812499002796,3.80216714645153e-05,8.036734608074406e-05,4.249928442886833e-05,8.767775786042368e-05,0.00020419411627470361,0.00021803739268842437,0.0004487898258261582,0.0002986768353507236,0.0002552129960875515,0.004081140518773013,0.0002677478884695369,0.00010092298090605664,0.00024162396154547332,0.0004403040775018468,0.0004325706372058669,0.0007338582283285142,0.0008771969466142607,0.00015507577864522527,0.0010156073435552372,0.0,0.00023210038929619451,0.0,0.0005922645777117648,0.00021629781744806476,0.0010954874957842275,0.007604342197635714,0.0002108481700721682,0.00012709471834724113,0.0006424371165572962,0.00041037264648562485,0.0002780954888277468,0.0001741314219938848,0.00014046242491489317,0.00013095561715568177,0.0001870987964860275,2.097663586734342e-06,0.003186888232749148,0.0003646680605920361,0.00019016131914498905,0.00023716399047670758,0.00020702669109671693,0.0004478376484554339,0.0005731445924208584,0.0070317201146724816,0.0032881622544946327,0.000620946785831052,0.0009385981404568532,0.00036168655597969995,0.00025825257889965444,0.006146434126388585,0.0021433561695496164,0.0004527681204166855,0.000491591920627946,0.018721890093656473,9.005699363965063e-05,0.00031636579168594205,0.0006052933943662905,0.002679826565434529,0.001030640536548801
GSLE,0.0046640138227940185,0.00033905625637991536,0.00972084429208647,0.011599930130893223,0.0007715346604032665,0.019500244202074808,0.0016956570061700113,0.004588334500175205,0.0093081138414253,0.005746981778843579,0.00428232702237912,0.002205672544353361,0.0012895022180305655,0.002175601797553747,0.0012747168568531398,0.0022724418826555845,0.0031857216572414694,0.0019877798997775874,0.00352789219225601,0.004713232993372063,0.00023073010808556975,0.008982419397124552,0.0055208922927831435,0.0035526489632751925,0.005432961945883342,0.00589329750134024,0.005335424683971387,0.010236921775650165,0.013210032541164408,0.00961986132128103,0.00783248938472861,0.006961506083980679,0.0012716392411860707,0.004833737402757564,0.012024296160687132,0.002140584587952224,0.009641999080346306,0.00887169120077931,0.0077093049128301675,0.000957364954511943,0.0016534298890381954,0.003003975686473539,0.0031086166298479223,0.0017677697143459778,0.0022123037475759305,0.0007954669632064308,0.002321314981017269,8.237674042413657e-05,0.008343791927472857,0.005403520401803745,0.0027182551945928446,0.0014785030139762047,0.0023947988758663305,0.003848473740235372,0.0028580615454936883,0.011862524290971342,0.004773625821566416,0.0027592080058472866,0.004663376183430951,0.006978998038016847,0.004010683985665038,0.004779051587665492,0.007640117137169103,0.009077018237622575,0.007732927320189975,0.0047606319679357545,0.003525548766101691,0.0019520239798976704,0.009420461887497608,0.006237001535197763,0.007153769648194919
