bea_code,111CA,113FF,211,212,213,22,23,321,327,331,332,333,334,335,3361MV,3364OT,337,339,311FT,313TT,315AL,322,323,324,325,326,42,441,445,452,4A0,481,482,483,484,485,486,487OS,493,511,512,513,514,521CI,523,524,525,HS,ORE,532RL,5411,5415,5412OP,55,561,562,61,621,622,623,624,711AS,713,721,722,81,GFGD,GFGN,GFE,GSLG,GSLE
111CA,0.21731430048942946,0.010765429698432867,3.400669196862489e-09,0.0003520942283230002,9.281490677390024e-05,1.8384566264197555e-06,0.0009129753338431404,0.007137018592633423,4.1669469151102175e-06,1.1990850741185147e-06,1.7844111365639302e-06,1.15457127114153e-06,1.877331472984268e-07,5.590934781541256e-07,6.619581401526634e-07,2.810891484187446e-07,8.643330176218317e-05,0.0007162814923993336,0.209964291781781,0.032243793994387,0.0006718662490579918,0.0013082433842632648,2.154357499270449e-05,2.7370435965360393e-07,0.013377772421996838,0.0003895609028713624,1.6252640988497438e-05,0.0009436811294767879,0.000520397839795728,2.696815776387916e-05,0.00010129533634623724,1.594004509923943e-08,2.3589319863764458e-06,0.0,1.9706104721942723e-08,0.0,1.3882846753036148e-08,9.06800837762546e-05,2.3686922834077846e-07,1.2933316132982843e-06,2.146035101287402e-06,1.2003255371580641e-06,5.835940137353158e-06,1.1610787175108704e-05,8.114663574395524e-06,7.392746780335358e-07,4.121925001884316e-06,3.83548023886092e-08,8.614882213306254e-07,6.085499127132574e-06,7.482321860981091e-06,1.239046294394848e-05,0.00023972219045240002,6.22564838539956e-05,0.0008480446887490057,7.5185061118215135e-06,0.0004235341224492438,9.190233119849266e-06,5.025827652007208e-07,4.025540095094551e-06,9.182093489305945e-06,5.809475794616913e-06,0.0014760747528938095,0.00027168001932572174,0.004013304604997209,1.444630347585925e-05,4.3284808856297446e-05,0.0,8.715865032794664e-06,0.001514098766319706,2.6002270374361866e-06
113FF,0.058973517505542715,0.10845762364545242,0.0,0.0010608219672096633,9.412606548436793e-09,1.7928893480273114e-08,7.068694220104735e-08,0.09019145067684602,2.5055554004829365e-06,3.9976205676296825e-09,3.942266023411576e-10,0.0,2.1435491981257068e-08,0.0,0.0,2.5560448939257586e-08,0.00099484375599357,0.0011897606987329788,0.0051843777640340405,2.038288417433081e-06,0.008508589845132294,0.016528470266466786,0.00023023337223658012,6.27485110996938e-09,0.0003137742142320816,0.004901101441185687,2.1177685603989964e-08,8.07330088883824e-08,0.001322123075129053,1.939525166920615e-08,0.0,0.0,0.0,0.0,0.0,3.1523065589088923e-08,0.0,2.856546342813079e-06,0.0,3.0876531928435466e-08,0.0,3.927051247888592e-08,0.0,2.5837337007242115e-08,0.0,1.8855397854355074e-08,0.0,0.0,0.0,4.5025492478974393e-08,0.0,0.0,5.50450329900857e-05,2.6642298751593048e-05,2.4130234596802065e-06,8.49427295898107e-09,7.003027482295665e-05,1.8609836408082534e-08,2.056671590333613e-08,0.0,0.0,8.55992708131007e-09,0.0011011738270100121,0.0009129376744020638,0.0036925136945836078,6.469147344660861e-05,8.145154389124534e-09,0.0,0.00010676041369338551,0.001548796886897751,1.561237057643711e-08
211,0.0009251686899562157,0.00018615451347125077,0.05327260617545504,0.0014388932902103704,0.0005183272587213478,0.03842720182437151,0.0013704700169803116,0.00045037466441483394,0.00032634439638949903,0.00048436684636804137,0.00023155918867200892,0.00018821433667107898,2.3547176205369916e-05,0.00033473626444818153,5.8025586855352895e-05,1.9305661730879872e-05,0.00018256562274163613,0.00028979520375674176,0.00015142857749105834,0.00011768225435874494,1.4413198117103747e-05,0.0004163791542398017,0.0005504074202131488,0.6040273016609569,0.010917468329743557,0.00032111645454020125,9.790806576014994e-05,0.00025004349925641196,9.194186608153924e-05,7.117986812645786e-05,0.00011142888319501444,0.004841317761220561,0.0019090995163865629,0.003982795541674052,0.003165244244472089,0.0012217970430934498,0.0008757228420833841,0.0016208372731123368,0.004153194162977266,0.0004956927298569141,0.000142051955818808,6.104423858789562e-05,0.00021924183659342706,0.00020808693101924793,0.00031376375825211956,3.7793889800223405e-06,0.0001269650166398483,8.987165961073752e-07,0.00020428410884616315,0.00020916434304417533,5.627206627810255e-06,8.476679928426639e-05,7.302338282698917e-05,5.399186104185453e-05,0.00028873793419092585,0.0012811872406153298,0.0030077148110515925,0.000333949877584901,8.424932030680748e-05,0.00021115526044094898,0.0002897595398532788,0.00012793075162217886,0.0010714475721954222,0.00025543604045707947,0.00020538532431755617,0.00022818998894467862,0.0005629812122668817,9.304990613208433e-05,0.007944232590427891,0.0019046590886639292,0.03625044896611315
212,0.0026137477345514366,5.209715949442334e-05,0.0002484099296329263,0.08099489353715539,0.0006854320423738058,0.008660272973207333,0.008593144077378052,0.0001879548354823421,0.06660448003564916,0.03996902023383478,0.0010810296130528624,0.00022718989034578897,2.522946229104493e-05,0.0004988230224213122,0.00014336381206862716,0.00012365076687360577,0.00020094348502431425,0.0008189172609597911,0.0007497034614818713,0.0009823859591400056,1.806832908308562e-05,0.00448417637536412,0.00016445628486578761,0.004083760097426581,0.005575644517466557,0.0010785774057780464,9.716989343014476e-06,2.623799642670554e-06,9.994176605087998e-07,4.48992853114426e-07,3.4872269596672327e-06,1.5000818868201246e-05,0.0008961389094128563,1.2367670457428996e-05,2.1506686537822747e-05,5.4654742162794015e-06,7.35834622817531e-07,6.8779090672439385e-06,1.5097018596310142e-05,2.14409384152733e-05,6.69190517475886e-05,0.00016080656389343915,0.0013289197390696985,7.441703741756133e-07,1.327416889290499e-06,2.1673701595383744e-07,3.6799418114557005e-07,3.136262730508164e-06,1.4878366940429722e-05,3.5736467873413792e-06,4.774408495059787e-07,1.2795082912161792e-06,0.00041500899861433247,4.1772189632079034e-05,0.0006985398111542777,0.00035220283123153773,0.0011532523105364247,8.652227638769086e-05,7.304938045678924e-05,0.00013249937603482698,0.000537376494510463,0.0014868283177558676,0.0032515050279273727,0.00043055859793390865,0.0004943421412078835,0.0009616771289306692,1.3726707455420066e-05,0.004533483598498608,4.661525984501336e-06,0.000667705933977601,0.011328763765362435
213,9.000087683895977e-06,2.135449015296242e-06,0.06686031582079298,0.028644403468272323,0.020074246809939966,9.224952799672499e-06,8.66187518133281e-05,3.519433147312901e-05,2.4699125878616543e-05,3.117931861429542e-05,0.00015156345039792676,8.233371752507363e-05,2.3070334587484788e-05,0.00012200090249720171,4.550164667833615e-05,4.106402110656214e-05,8.148325516586652e-05,3.396676576406367e-05,2.2340944560472284e-05,1.3588043332129415e-05,2.9776060541488125e-06,4.1086859672999175e-05,1.8409150786543194e-05,1.0504911214119407e-05,1.619059134232058e-05,4.0687048307338664e-05,2.0316150647741857e-06,2.623477084857692e-06,1.2312841991784717e-06,8.826079856126262e-07,1.7376279148333366e-06,2.5226904319732774e-05,1.4550244100075012e-05,4.585251947980143e-05,2.079589485709841e-05,1.0448021445431706e-05,3.603446200161545e-05,9.057292784321418e-06,1.1961962042467651e-05,1.5559218025334987e-06,3.9953548247032077e-07,1.2643758150967286e-05,3.969539235755041e-06,1.3695431766690744e-06,1.8314740006174524e-06,3.981034725509427e-08,8.211527549671415e-07,3.851199223008634e-09,1.2163122016707237e-06,6.523510728442517e-06,1.5214734375190203e-07,4.4104329864643055e-06,1.1544047310160062e-05,6.739944436240893e-06,4.054950215769331e-06,3.566513418605155e-05,2.4092055681065754e-06,7.142536140596764e-07,2.7403090015422775e-06,8.084325117538304e-07,1.3889638965336798e-05,3.738795580637767e-07,5.584110601446543e-06,8.522278074395532e-06,5.259245233598931e-06,6.772553999151488e-06,1.5373089970058794e-05,4.614745073381975e-06,6.712814044941683e-06,1.1203056139690565e-05,3.9673133864784096e-05
22,0.016787550691322345,0.0009321924952150045,0.017020541909635235,0.03250252863395984,0.0020382819307559813,0.04365139188771017,0.004936216048055468,0.01170319888327744,0.02825488160022267,0.016617796657669964,0.010980940580794166,0.005075196227166226,0.003374763127963709,0.0070641365119995985,0.003461398969608609,0.006239388405418811,0.00731959422259384,0.003799200224211094,0.007809379188254907,0.011449344354888686,0.0009126233285406994,0.025784257458191795,0.012706715039606476,0.008645424662608234,0.013531197615434197,0.01581137129990374,0.00502257348419422,0.013280901768257698,0.025221707390347452,0.021487478166860523,0.00957653054457019,0.005484346419075438,0.0006474708555607413,0.0020942693702731066,0.010477746707401694,0.0028172338609407793,0.024612901195417466,0.002989378359788243,0.014216125477680922,0.001152697979866316,0.002149165346828376,0.006639226543212535,0.005830620013654628,0.0024798818177519544,0.001585161044422184,0.00044398125631788345,0.007778362068998794,8.448251368701757e-05,0.014056321162628895,0.002579989871425791,0.0013217363189686338,0.0010099819819838775,0.001886695696855484,0.0045642119489394065,0.0024962556256630016,0.012335157797683575,0.008997760650443514,0.0029168826925774338,0.0060068703520730436,0.0104632693259191,0.00473348291305515,0.004285666657270253,0.01381499790432359,0.019308271822379965,0.01618056642487883,0.006365166555724772,0.005531431659794476,0.001736411205040437,0.026617489518936704,0.009730572386808363,0.010412062334832807
23,0.004260669027711338,0.0005231699519102195,0.0005479978809291485,0.03693658508691368,0.01095713739394065,0.006419594753371934,0.00023033997722055055,0.0036780548147776963,0.008418965642028075,0.004758039376357206,0.00422871876753687,0.0023589952836166874,0.0014199390795399075,0.0021584323810796262,0.0013030910965623128,0.0015179788445474605,0.002338074892809682,0.001917731389743468,0.002606433205587454,0.0022573830939654088,0.00025374625162817723,0.007116622292062359,0.004273844240522143,0.011500491686863772,0.002846105112100346,0.0038941557603113497,0.0019657662728432453,0.006008869692109608,0.004027256579613303,0.008147975686480034,0.0032683293009916317,0.0009104709033184497,0.028761998079172287,0.0005014890865974626,0.0013597189430183687,0.0033933983802707274,0.018355399062968267,0.003098445043803308,0.005283345993790375,0.0008446701294551757,0.0005693240856803831,0.0028737104528454693,0.002205720743840467,0.005226399272685479,0.002320211302943452,0.000740672199624906,0.0005126528604251684,0.026841093112961394,0.02172097408903136,0.0023965742970912824,0.0005280816425063953,0.00012561569412667694,0.0011135356423972816,0.0010765001625149108,0.0008763983048435512,0.0017024620723215783,0.0015969569942484686,0.0007722877925854127,0.0027752329936050406,0.0027050682331468787,0.003383493938530629,0.0011256404808810086,0.0037997542468450963,0.014544713819897337,0.003771760356005581,0.004570140293267537,0.014357735654671296,0.0013237756012243905,0.006907228952057707,0.014094990882402422,0.148022471642864
321,0.00160707406171435,0.001018066089280918,3.9070117722785056e-05,0.0030610238776426,0.0014573017159916963,0.0003312734032712949,0.029381506465578782,0.20215149492464846,0.0017650010821602554,0.004529754458938489,0.0006969870067243103,0.0022592911326425494,0.0009662211027618485,0.004870932228780826,0.004085007748525543,0.0005747790803477669,0.088115033499988,0.007279117464854575,0.0003544953349176195,0.0010755525968740045,2.0844874836399146e-05,0.021745481356725868,6.23212042878944e-05,4.466508920844088e-06,0.00030176249782397574,0.007347842611243613,0.003301953227983926,0.0006848602833312601,0.002532989666931097,0.0005524966815451897,0.0009736433886286113,0.0,0.03567611741692688,0.0,0.000524856874012459,7.123411731941712e-06,0.00011586318632250088,0.000585912085829361,0.0006146884809841397,5.951370032021414e-05,0.00038640229477262785,0.0007203103413450994,0.0015821947305221778,0.00012384705189975658,6.62753215534061e-06,6.028672491718301e-07,1.563868472298693e-07,2.4922952464420258e-05,0.003530600943614057,0.0012593867692659326,2.246557451532206e-05,2.9026089785622865e-05,0.0002631692497970887,9.707229641446806e-06,0.0007638599409405503,0.00023485296668949407,0.00018200653817759815,0.0003217125496370068,0.0005011101180725145,1.7930460444386262e-05,0.0027713660968634664,3.493076260856879e-05,0.0012785341393320865,0.003104070610065628,0.000988094076499693,0.0020135525629090627,4.3637439230640394e-05,0.0001638333590299002,2.804102159877844e-05,0.001261087541587407,0.0010482854492409582
327,8.639712278542761e-05,4.9355408720453245e-05,0.00405173033173911,0.005465930948733226,0.004491522517856895,0.00011036769353206211,0.04002107121314241,0.005339806700121387,0.11603279180677806,0.00895023951077002,0.003133627590372243,0.0031894806319410175,0.0005723104836519917,0.009219378734890387,0.00822389036114588,0.0006148557362106028,0.0031603231829804884,0.0037376997219709753,0.002624173358525312,0.000640199226775261,0.00021875224336663545,0.0019271554419607716,6.414283173259317e-05,0.0020522094868632695,0.0016526587964864727,0.006248723181593544,2.643046041773923e-05,0.0006961206678959748,0.00012088740779860442,9.433223299222357e-06,0.0003309707286539115,1.4938481365508055e-05,0.00016987254977626057,1.2302300542643308e-05,0.00023435355933705985,6.3548283831691794e-06,3.865179797438324e-06,4.581567413232976e-05,0.00026057512295748114,2.969744505704327e-06,8.462973492695185e-06,0.0017276285925701034,0.0006697257060558049,1.6200873978026537e-05,3.377723035753642e-05,3.0174035404879077e-05,3.859347329512168e-07,4.553883906484919e-05,2.283517210905657e-05,0.001438554653947285,4.050319298327963e-07,0.0001816439250947534,0.0014150172437053206,3.18384193305839e-05,0.0006241230841745962,0.0016971094572357064,0.00018775944048952183,0.001448515491307748,0.00205889320450377,0.0004569589399233613,0.00208862878900528,5.2172100191211496e-05,0.0007253444239122678,0.00031817592135678375,0.0018441253230401472,0.0014658758520390803,6.892529750779544e-05,0.0011177299132225408,1.250760992642808e-05,0.0005383658286345556,0.008286942677777505
331,0.00025938772421270335,0.00010537775146591771,0.02223257928796657,0.006741654780605818,0.0022043293389761333,0.0005420405967242913,0.0038170996324092574,0.0019655416706863683,0.015153016879173538,0.2883765011291002,0.23255064009997545,0.10200047878949162,0.010154893013229927,0.15584519893094553,0.06487491638160435,0.015063809691120072,0.047067733261009624,0.035935514437567415,0.0017055268440369573,0.002559154750586632,1.4119390067507206e-05,0.006435188518254793,0.0003101673941644752,7.074780715796775e-05,0.00013782344350458714,0.007104238056475356,0.00027449067304919473,2.202848332253268e-05,5.2228485798133205e-06,5.577384711667542e-06,2.4290859002657674e-05,5.5275777300318385e-05,0.00736822057667426,8.427801166277272e-06,0.00010331768551292487,4.115176061571149e-05,0.0001551792278889185,0.0009320444279985664,4.73376124253608e-05,2.0992629702452814e-05,4.0642704461322936e-05,0.0003943335675845634,0.0011983021514834296,5.490151566192007e-06,7.697771219622946e-06,3.951310480662935e-07,3.044122516522866e-06,7.880404118443007e-07,0.0015741768579387572,0.000277863630661348,3.737278392655122e-07,2.0053211430837986e-05,0.0004956772795428684,5.3816006486029834e-05,0.000617728050241683,0.002099447033900017,0.0008711730828236836,0.00014919501190278653,4.659755097985386e-05,7.911392683946683e-05,0.0014104737514589885,0.00010946102354986131,0.002411706240488156,0.000164851548478904,0.00017951405610392498,0.0033550646112723154,0.0005656358678529926,0.0019874941860568806,2.562325489321394e-05,7.999028588153856e-05,0.0021520337213706124
332,0.003092414878957427,0.0012372185700840997,0.02386642088102506,0.010892725400432318,0.005528731548248192,0.003180615369010907,0.05334123039278434,0.022730044716754477,0.01586278934396516,0.04113431422338043,0.10233541604568419,0.055816154919632224,0.015403762407165884,0.08146272301289378,0.031410723162997305,0.02740812048794587,0.05402508966115577,0.02209860410593056,0.014398719443880676,0.009360625806343326,0.0021608841264966557,0.026217850108349615,0.010764761194101347,0.0014426115873990956,0.008856541467505254,0.02666271061202628,0.0011732564712629886,0.0012755496461100064,0.0006746945927092841,0.0004860528795414555,0.0010412788767013765,0.0008079472596282168,0.0035897616897402457,0.01670313543287493,0.003607181474387376,0.0029685648586684726,0.023274496044810373,0.0033788051405333323,0.005168424854269099,0.0009724912224601352,0.00019036338139220312,0.008303066962003874,0.0025750688285363756,0.00022821175694271828,0.0002219151848873321,8.096441811709027e-06,0.0001022259898011554,1.59118896783976e-05,0.000416582807328184,0.0037031763298346018,5.262245276323655e-05,0.0026870441367884464,0.0018736622549370458,0.0006367729371099277,0.0018522962847139328,0.021086107538526053,0.0018545906145560577,0.0002920624949373444,0.001662510357152713,0.00012530788803162126,0.008590709721286695,0.0,0.003038583011991995,0.005175516775679242,0.002886402384012097,0.014654699833780531,0.008411405506296888,0.0028448396937879685,0.0022316199434618132,0.0013209681456365636,0.017025728448062022
333,0.004849401016775644,0.0004577083109457389,0.02546571977619325,0.039238901085525205,0.02159605081008048,0.0010288629721381048,0.01975447607675665,0.0029424378403578953,0.0010917769394915428,0.008101265253839245,0.012756820943961081,0.084977240233848,0.0010415055553711116,0.015426970513488817,0.04362310759662439,0.00782776140651416,0.0018764080668129293,0.004028868180379611,0.004645111715126886,0.0006243977752549822,6.721222083169262e-05,0.0048791492607367605,0.01616580284087963,9.491773032809433e-05,0.00570920131916725,0.009443456153339165,0.0007604656143537193,0.000743581907974978,0.00046920634897107855,0.00040120975292399873,0.00042449259119698807,0.0,0.0006433895254172929,0.0002835769738292754,0.0009876217534132415,0.00040292022793543997,0.0007307652819276656,0.008017414453069142,0.008581129445391467,9.554369827854484e-05,0.00012159945208754619,0.0009447935165066823,0.0014832434620339703,7.518609335456284e-06,5.2457089980475114e-05,0.0003069153130641778,9.629844221174567e-06,1.8886025231009134e-05,8.791347423157672e-05,0.0019610030736841675,4.3796850703783864e-05,0.002041516166081805,0.0008659746584163274,0.0005032856699373275,0.00336215719820893,0.027267433805212057,0.0044110523698574645,0.0007404264696750106,0.0007490577905494888,0.000554508266529808,0.0009005052482629279,8.4104266947484e-05,0.0014413213384767622,0.00021830122863547298,0.0006723444401680903,0.007789408370786505,0.002593301850370731,0.0009381885426653397,0.00040790599697721847,0.001847226509384765,0.007929117257617583
334,0.00013332959258991495,1.9043913569381407e-05,0.00028851538765910424,0.00033665777039949867,0.0006825256594267754,0.00012970440403770633,0.0042822167088119225,0.009903690088150651,0.005842664804653144,0.007422750851159404,0.01680902200732916,0.01931458708271665,0.104347875807701,0.03156516153094091,0.030859319378364544,0.047956334894989384,0.014267430071110199,0.013054700558123812,0.0027082040110597465,0.008103637911086833,0.0016263707716577364,0.005830726075409654,0.014575729979562536,0.0005372105556238253,0.005278073423136148,0.010063563544486155,0.01932283836642274,0.00415011103415966,0.001445400999655116,0.0015767505664525383,0.0009260375170318565,3.0634007181714626e-05,0.0005114416839246677,4.2915008421240645e-05,0.0005209636198473686,1.7044797253600724e-05,7.418436991975278e-05,0.00019634758379018656,0.0009560370475804339,0.003996179793890427,0.0029756171534750775,0.022418278023606963,0.010753700420305113,0.000749632487702227,0.001804392393102776,2.1290992520614752e-05,0.006275630476745413,4.4889651032933646e-07,0.000169024777226938,0.0004501262744732174,0.0034335669988813096,0.0066450687888938405,0.0038316190593308177,0.01358221966780462,0.004770516166642618,0.005822200194689816,0.003289720013433002,0.006201336936109035,0.0013019003907746073,0.0006453623469144273,0.002143644204632007,0.00010839266951899863,0.000930398255106082,0.0011087557095646712,0.0001884174567980257,0.007078610715952202,0.022117639480632334,0.012570581160093623,5.638566485888699e-06,0.0009149148470980449,0.005326298033533024
335,0.008340205068628037,0.0005611504410898419,0.0005080292846573579,0.0004210112529649202,0.0028142909133169677,1.9620999074076017e-05,0.020965130399787396,0.002288366402110746,0.0009152947596749822,0.006100355788553554,0.008582775498580202,0.03967643527095468,0.005188808917377662,0.07173327002161634,0.0143881663509573,0.0029462142317839357,0.0014602538853809744,0.004261249519038838,0.001285615668238961,0.0008669916176552714,5.989059084467747e-05,0.0024895522161068433,0.001065847427239739,0.0001633265003092807,0.0012378819383828338,0.0028083498931436766,0.0018826364866706587,0.0011814187734102719,0.00033074376936820536,0.001019701874624605,0.0002271035335124206,8.28905194585433e-06,0.00201671304720541,0.00042992571733956,0.0002814567663317031,0.0008387410232497487,4.716136766636999e-05,0.00011865611777056023,0.0008734127872570826,1.0309089588595254e-05,1.9491981617589143e-06,0.0031634089558024367,0.0002991745092335158,0.00010864422431717497,9.452576168554802e-05,4.1274585559781176e-05,2.898672225693442e-06,3.5702789536265364e-06,0.00033679016547474876,0.000864425457165157,2.1022618186514543e-06,0.0027354457180137483,0.0017171720368074018,0.0001253900650967525,0.001262947209447448,0.007481128028477344,0.0003136459033221635,2.2147127631468518e-05,0.0006889923542840352,0.0016575855631953472,0.0032120592066019874,0.0001363696680819862,0.0034164442688181316,0.0015264473270406524,0.0005348425454120952,0.003660630002808653,0.004031404130385108,0.008915200981803179,0.0007365613503271272,0.0005211284765692384,0.009222703460953299
3361MV,0.0024926328889568533,0.0011651145218821524,0.0034955008407097977,0.008503587518855183,0.002463582206276984,0.0002990437052849096,0.0015434060952330513,0.014374916221702982,0.004100597793845124,0.0055595776377301495,0.004148030140917458,0.028941899731243996,0.0023781766456121567,0.006322345342871821,0.28181820706352234,0.011498624348238064,0.006708659576077346,0.004028237222927142,0.004052808672926635,0.0033561729857213333,0.0009653076734405233,0.006888918831632772,0.00193089845983645,0.00027174621808726294,0.0014322483110773376,0.002563919118720624,0.0036386920901385184,0.007636471945180152,0.006158502647184359,0.0011662836278775138,0.003550747651986822,5.925501050140597e-05,0.0009563947777895936,0.00027200244115356016,0.013792582027812273,0.004984113548733226,0.00010802467809113386,0.0008545933014142284,0.008716922153414691,0.0002778418316846855,0.0004540436627141649,0.0012003552411350403,0.0008234115815097381,0.0001005026103485808,2.9700165220224638e-05,1.6590341245692326e-06,1.4898559113498667e-06,9.102637492370934e-08,2.347916504443027e-06,0.005191568476032492,9.96798252046829e-07,0.00013496443757701602,0.001108621797700018,0.0007286175731140456,0.012333826817178851,0.011970560796547932,0.0005124403683513486,0.0005885821592370744,0.0021481812789947707,0.0006651131106270183,0.010141218397504712,0.00036310532272661747,0.0009215427034210961,0.0007858137771184324,0.0014598686819814659,0.01595366154923501,0.01480795546973745,0.0006077413967586247,0.038488921923659596,0.004128658451693492,0.005096805921328433
3364OT,4.728857433415045e-05,0.0001334498405939717,7.622012384317412e-05,0.00018114953062450486,9.024827459574497e-05,3.179939106983861e-05,0.0001431589866493638,0.00019154335945799236,3.803982067999937e-05,0.0003102161413666645,0.0003220647889959345,0.0016748217460215596,0.000184010821714805,0.00031893037612731217,0.002200161189522618,0.24347404309824594,9.279727656984073e-05,7.792201268565261e-05,5.297147529423686e-05,3.629674920305484e-05,9.994196912006414e-06,6.808398732062522e-05,0.00010512623049397872,5.13240302011872e-06,4.924356684443458e-05,0.00014036144264915779,5.531880281267638e-05,3.927024655805694e-05,2.929915823626396e-05,1.0764772492674917e-05,1.790953314651892e-05,0.004984596011592053,0.015148970518375273,0.01792611278232102,9.434924264838312e-05,0.0010156057637699678,1.0104225765998358e-05,0.009737724831658225,5.377784752667257e-05,7.473398668215277e-06,6.6174167837016355e-06,5.9751610005109357e-05,2.4113495667497618e-05,1.8012877862793624e-06,3.3022059634738387e-06,1.8661175497084948e-06,9.171100305391374e-06,8.70202529287452e-08,1.8518701529988475e-06,2.9068035791679272e-05,5.1345696615594414e-06,2.4004010597646363e-05,0.0004519975356904858,2.628017472732047e-05,0.00012358271968758474,0.0007918932939362673,2.8917084676017223e-05,2.000033222007273e-05,1.756863845912415e-05,1.486157703108207e-05,5.459748886241594e-05,3.5068608762695597e-07,0.00043435280978145564,9.98919233284179e-06,1.527475589193848e-05,0.0002299471482759812,0.05536300948081152,0.0028470313157651717,0.00017384087981977016,2.6318768882888847e-05,0.0005154955882585062
337,1.0693777970677636e-05,4.5316270227501255e-06,2.0321592879369338e-05,2.487238381737259e-05,1.1297190583707607e-05,9.760579232002017e-07,0.00907744179638339,0.002428251161434378,5.089600323851845e-05,4.514696449172306e-05,8.363366034037533e-05,0.0006200370275324332,0.0002923029081482787,0.00010417504815714872,8.218029122696518e-05,4.290503699264784e-05,0.039625367313994575,0.0012224187610613087,1.217166539320147e-05,0.00024920906629684726,0.00012001739769280847,0.00012183661844103859,1.6495848237654314e-05,2.0898327735317377e-06,1.1209251517685794e-05,0.0010016366130310677,0.0002497180417498838,0.00037539477273727605,1.098945671246718e-05,1.8378872339570204e-05,0.0007578701154777102,6.696729992682829e-07,0.00013181716931980785,1.0946430799505005e-05,4.390482412823997e-06,2.353204370868705e-06,1.4276107924896086e-05,2.7306160161553135e-06,7.385908570756508e-06,2.41875273110592e-06,3.5674508196424124e-06,8.843120325588736e-05,0.00033509074210493834,1.2269133415202869e-06,1.0858962943371633e-06,6.046625837724907e-07,4.3701002153046877e-07,0.0007191016238964674,3.4596037643090114e-05,8.474589338970937e-06,1.4082463813912116e-05,5.510058123664893e-06,0.00012540135797006836,6.315094153084362e-06,8.709492516337156e-06,2.2243910634886786e-05,2.482170620683617e-06,0.00012376206928982618,0.0001235154855839211,1.2318435622837566e-05,0.0008964358548876021,0.0011312810569555354,0.0013423217789866,2.8272911632167494e-05,0.0002659990952613075,0.00027781146245525187,1.2763231059867767e-05,6.703804896084015e-06,0.000524180394251048,9.130392724968806e-06,0.003966688903058457
339,0.00031218011859631545,2.364992818196497e-05,0.00021564703459026828,0.0003845778544557053,0.00012780659510473394,2.4648570235577062e-05,0.001254516449364444,0.00041711862657392145,0.00044355217117986065,0.0001838424325829913,0.0004925935459409378,0.00493490132187402,0.0003138114235210959,0.0032810098076873923,0.0031958592951283984,0.00026630914296874985,0.0006651421064361951,0.024878310615819355,0.00016581657166185585,0.0006159286245562474,0.0066090751271052905,0.0002759170608539476,0.00037671545661042196,2.0099198514703836e-05,0.00043420276857244393,0.000971494285247508,0.0005052131372571113,0.0009541634155315951,0.0004564235490936625,9.662700093689272e-05,0.0005210949622366023,1.2697830796106819e-05,7.208625352194516e-05,7.862987478948519e-05,4.695782789860882e-05,0.00014112768335056275,0.00010941257551593003,0.0002878363034568031,0.0006287191229726848,8.418640709075307e-05,7.304726591197208e-05,0.00018976231010919074,0.00022138475129854956,9.581210211918089e-05,0.00011024451671675956,5.206344399216042e-05,3.2096340991248834e-05,3.4855885161591414e-06,0.00015290582465704962,0.00016465813048885882,5.7605878517904875e-05,8.610392469692831e-05,0.000786280974231214,0.00010251788951477585,0.0014642775486590558,0.0020101180929946475,0.0005584867008021129,0.010476473400323249,0.021104999640128255,0.0010986118803573731,0.003626627971306368,0.0006132505509463906,0.0008359166374598669,0.00016567406546676,0.0006403217721842924,0.00194888375954631,0.0037600966908379863,0.0008667552408553509,0.00015483792262251258,0.00175709546963905,0.0003803912584321306
311FT,0.07966166915496131,0.002020670545224699,7.704152645580658e-05,6.658109898817644e-05,3.059906951552617e-05,8.198001025987575e-06,3.331841829530386e-05,0.0003070082996296907,0.005823387444676986,4.535371934606632e-05,6.886307108394668e-05,2.2615639909566077e-05,1.833402308755157e-05,7.67869393832742e-05,0.00011062093902388872,1.2443739903541647e-05,9.168432373977446e-05,0.00028601038779235726,0.17301203742792504,0.0010661845885794562,0.009298362726326267,0.0017495820555168847,0.007568179133860361,0.0009720126341809517,0.009114789690407894,0.0016643105134629122,0.0011958568872881576,1.7910011195972317e-06,0.0021210130347104287,0.0007195167896936897,4.363910074562896e-06,0.0009292733452802231,1.3240784437205475e-05,0.003963980601010098,3.590619826445207e-05,3.508623806951942e-06,4.544147744008711e-07,2.635742016259826e-05,6.497933593911917e-06,4.10305870930411e-05,2.0078241167791486e-05,2.7098677385773742e-06,0.0003903598381886474,5.11882628202901e-07,9.066202710276118e-07,3.9154534870785484e-07,1.9634250025447941e-07,5.405355147021666e-07,1.7502855015399108e-05,1.6136945016360954e-06,7.628352598056365e-07,1.2210346618243321e-06,0.0015479450194182355,0.00013055702202970296,3.022553286474166e-05,5.403116050098345e-05,0.011231265014637256,0.0001030812639016863,0.005153337554774543,0.01521235567354578,0.056906439267546745,0.004966822838299638,0.021996602055650193,0.013186259307220293,0.06497539857705453,0.0010971592031097856,0.006540286093379361,0.00022831202854852416,0.005676206973266765,0.0322176651047162,5.279472322586953e-05
313TT,0.00022377100016058332,0.00012915263198910054,8.705775766371951e-05,0.00010906299663359959,3.917324229966585e-05,6.168535300311403e-06,0.000802743104148882,0.003206751747928667,0.001716436808156079,3.2640251765033896e-05,0.00011127702295315797,0.00181792720385082,4.5494799144671405e-05,0.00013644754401161689,0.0028441566658329426,0.001395019895253538,0.037016534584593364,0.007472342261817577,0.00012025396693712819,0.15322469802447902,0.06536075676836203,0.015775926411554116,0.003116016343713344,0.0002251185679005953,0.0008407415762600691,0.009315430974476862,0.0005307359981769023,9.853733947813131e-05,0.00021192521246010643,0.00996659061576082,0.0007407283475279112,1.9377071103639695e-06,7.269338756766259e-06,0.00022772659842807444,4.92294428837936e-05,9.382647100697949e-06,6.375113073372591e-06,4.460337488507962e-05,2.3626861519698504e-05,1.754968438822391e-05,0.0008554915819171938,2.0052734970138065e-05,2.6804373598521022e-05,2.2305052037350785e-06,5.126567162799282e-06,8.688100961544845e-06,6.621921376625994e-07,1.3273740089442505e-06,3.7379549594387526e-05,0.00026077018852373597,4.600352279905227e-06,6.782955514637639e-06,0.0001748304117063024,4.640230394797617e-05,0.00015975174237531784,0.001146066617057908,2.55663620202464e-05,0.00016378354402008457,0.00029520276561905714,0.004119911156283664,0.0031443131426141632,1.4748369664387878e-05,0.0002919118170095852,0.002827866131214104,0.0002602914344552956,0.0004031843518020053,0.0009024343386813232,0.0005478619070264429,7.467414593534372e-05,0.0004803254638690039,0.0001576612869471958
315AL,0.00012004745267880298,3.3579042267523664e-06,2.671572690232443e-06,2.6009100094358164e-06,1.4860443983853678e-06,1.9174703475011112e-07,1.1239519659596103e-05,2.1363164280089832e-05,3.416376436516925e-05,1.9053243100733745e-06,2.3653341605944137e-06,1.0634354073275082e-05,5.624304964303971e-07,3.6883720608160345e-06,0.0015111659362400539,7.690603418354872e-06,0.0001998516087289533,0.0007470551659194536,0.000138274938483526,0.0008399977666225399,0.04009364870208798,8.865501315311446e-05,0.00019494010853732518,5.714759164319849e-06,2.7104479154078824e-05,7.010801854016901e-05,7.740057585158469e-05,2.9439876972623213e-06,2.7628422434702783e-06,0.0003733513664227746,7.321198780236315e-05,6.856831477479091e-07,2.1847962377504025e-07,4.086794238603158e-06,3.199354879694823e-07,6.849560719908564e-08,5.162232412373498e-08,3.10175160763478e-07,3.098963624396844e-07,6.152260374034815e-07,4.927671903856156e-06,2.360873000102085e-05,1.028856666857933e-06,1.1664841719846463e-07,1.589023134758503e-07,2.961647759383497e-07,9.80058712870624e-09,0.0,5.648811536478248e-07,1.6945600714861062e-06,1.1916691603078968e-07,7.913804840397981e-08,5.126511191747641e-06,1.0700177989471405e-06,4.077057406501054e-05,0.00032729390271745915,9.992978589945207e-06,3.895443184100664e-06,1.1043576457232054e-05,3.3952914285246114e-05,5.9849935595098854e-05,5.878460845564739e-05,0.00014116851509314544,4.594104351202318e-05,6.110062197819691e-05,0.0008185805571560049,0.0003260708874241239,3.617332800092949e-05,0.0016835914539411847,0.00034641798616316595,6.642720153241804e-05
322,0.0010314861926197384,0.0001015511706046782,0.00030753029974592093,0.0016174948677145427,0.0006775859307222734,0.0005491175505928745,0.0021651072206634457,0.009901335925179168,0.016671118635812377,0.011414500503621723,0.006110117253891727,0.0046068970160024324,0.001473981847041227,0.012706481852841582,0.008085167497152075,0.0012981834703759353,0.0221128204284004,0.013229391883912228,0.02310069056956878,0.008956882941397688,0.001778039268269791,0.23167136641718988,0.10588144512555703,0.0004230186081853525,0.00641990068321386,0.01899444713484632,0.0030057297844424693,0.000646755813989802,0.0027664719580608207,0.0011278772566364666,0.0011533097520084836,9.364502272670026e-05,0.0005613999382854581,0.0,0.0005440336350785179,0.008093463571583975,0.0004326306822661774,0.004056262081789234,0.0012131265384611794,0.0008953356912522896,0.0003623736972250877,0.00034434018007425786,0.0003360684292514965,0.0006744463080026037,0.0007253217266801684,0.0010000628924280728,8.265834813365452e-06,3.8547257899962784e-07,0.0003466410643156717,0.0018516435741612574,0.0008531258625024458,0.0006310848486828969,0.001236704790460225,0.0006521661534899612,0.00412365304495222,0.002584004928629633,0.0008403807538402943,0.0009034854407349584,0.0011459499246791833,0.002260034927455947,0.004058693149109206,0.0001899228966476592,0.0009744266116412928,0.010647814032783582,0.004527701752193348,0.0037045475754897686,0.0006662930505806141,0.005084944043406558,0.002052721762242169,0.004505655587610286,0.00022709835692975833
323,5.973441127433008e-05,6.482391781415995e-05,9.018852577264563e-05,0.00012754271860114042,0.00017571883945723997,0.00027365574733126055,0.00028039493037855317,0.00020990015592206026,0.00019794267467508977,0.0014539456718928093,0.00018515094908404752,0.00017125850673499279,2.9840503904235554e-05,0.00017224877827435377,0.00014632319166024864,7.534854330709739e-05,0.0008033351413986177,0.0003735195934299834,0.0002022590043160442,0.0023182096470700385,0.0010229403682672658,0.0010396261586288523,0.01198993101286272,2.2150489468391948e-05,0.00012292686290550254,0.00034011953880705247,0.0035683440550580508,0.0010654499159894518,0.000625424771298739,0.0006883156921766843,0.004446493839089588,4.241487262899249e-05,0.0001934824415074555,0.0001489926152131408,0.0003583320016350326,0.0008700037830994989,0.00029858726302340227,0.0009161175920579974,0.00019296991086251318,0.0045396597248900375,0.002323579810957359,0.0005076637144692482,0.004563770380714992,0.0008087983130600496,0.0016446238819120905,0.0022121750495382835,8.469267046761628e-05,5.192384938581265e-06,0.0002522823996952645,0.0009273155663690834,0.0012723303124699081,0.0005556134981277621,0.0017925114885175514,0.0010722529850335607,0.002157435520727472,0.00027186286625004115,0.0012071906929629148,0.0011547900060402225,0.002995122421294128,0.0006081441311947598,0.005525059885922234,0.0029525937806343765,0.0014829994561390632,0.0024230510860197415,0.0010276971039854667,0.002042952161757957,0.0017257742980924997,0.0031796182585670887,0.0005855313132772851,0.0034180647717450864,0.001291109295051627
324,0.013745613409081326,0.0029428548051883135,0.01073141775843436,0.01711237259255277,0.006581169876717653,0.020707157262773224,0.018160321968179134,0.005161433865136607,0.004348436560601631,0.006012565157163878,0.0034518301508310225,0.002085724544037707,0.00046427891991108436,0.0050182429865301414,0.000966044714466755,0.00030941184486817634,0.003159322825998974,0.004800477878560458,0.001984256423907271,0.00779168464714951,0.0003736488852956901,0.005938985346245579,0.008272805647821421,0.024244730408380377,0.015488289236923788,0.011226353804567244,0.0010211718506961684,0.0019154397368935088,0.000847599075297933,0.0004435976587328884,0.0006919946537261715,0.06374695821687791,0.025177569895986417,0.052441028933322614,0.041689019875581476,0.016090479865356222,0.0027994028292055405,0.021287096828510148,0.01144973232034591,0.00025348247096426024,0.0003006390972049845,0.00037151422443119393,0.000508262261866354,0.0027407255298263606,0.0041346782102346154,4.880127131274287e-05,0.0016712038078789836,1.6428351799841096e-05,0.0019059134719923887,0.0027503983979329533,7.869163372308033e-05,0.0010490448994252327,0.0012434253703158388,0.000636137165479198,0.0038530189582423676,0.01127858345832857,0.0023103899727237643,0.0019402464998173655,0.0015880006911087054,0.0022334414494267828,0.002588973365245416,0.0007167237861402693,0.003451566835073556,0.0019599423664082567,0.0025632295238066276,0.0015033633129733358,0.0075160544219425186,0.0014055885853612342,0.00922188121259039,0.02557252209340107,0.03830006390641191
325,0.05466988189306994,0.016476911857502868,0.02172857320099177,0.01875630529537428,0.008495237671395662,0.001976408466782039,0.009411825353046374,0.04730927694698111,0.029751228693818202,0.005679431827544839,0.019255623471723982,0.006506159194172653,0.005580582106479866,0.021386053491838603,0.017092164040779873,0.003691792767789693,0.025053416100522335,0.03361260376940951,0.00970227556066521,0.20695202189639947,0.006660441873864505,0.04052386772977085,0.05561329241531387,0.04920586774168733,0.22382499876572826,0.2638103999047107,0.0010331926156787194,0.0004747185756607858,0.00030714297886498,0.00014830982972534947,0.00048134933993903916,0.0011711214931876181,0.0020063597319538076,0.0010256525033745328,0.0013609523857574027,0.0004676699022700228,8.02877670138066e-05,0.0005326513149186907,0.0017204429282851779,0.00046215993749396247,0.0013858549669050473,0.000657880353611784,0.0016324617745963879,9.151961753874032e-05,0.0001921197403187083,6.052338862469904e-05,5.43449362037398e-05,0.00015681387669038495,0.0049095158758490085,0.000388801908013835,0.000178081994130521,0.0003358688860355452,0.020171992344924648,0.005824022836788528,0.007966000827050615,0.012097813206174311,0.002079094283322389,0.0285983392658499,0.01924383768245153,0.008162171049625537,0.0027890910930063926,0.0010704088929350906,0.004090677433272943,0.00047752161116412697,0.002100378896403315,0.003242263916860689,0.004408826203965093,0.007239411140987612,0.0010995824402239257,0.017797699566330327,0.01423985447706007
326,0.003871073690264919,0.0007110858165177899,0.0003583721093612434,0.009755193305795364,0.0030693754998952546,0.0002616881386404474,0.015860000230902917,0.008500115709698507,0.007837793752001417,0.004587772790401753,0.005994660481034836,0.01996644408778629,0.005542341102462889,0.016941537804073245,0.02681380132739697,0.00546637570091579,0.03352035932660907,0.020808557764429695,0.018525040292170652,0.011598531605854707,0.007480036346991929,0.014562180523390087,0.03355831237093772,0.0006160854073918535,0.010097178477884874,0.07164892356024233,0.008337611218511922,0.0031460261111443005,0.005008160116718957,0.0017851312302525765,0.0028839444723876653,0.0007542607475195744,0.00010285532029085328,0.0,0.0016018607552273874,0.0010248072538792817,0.0006623979003813899,0.0048579912079598515,0.0014410473555860725,0.00032033647530319725,0.0005146370326262723,0.004330303507964986,0.0010823055550625998,4.2272634100840606e-05,0.0001498661774649624,0.0009767176356199822,4.17578217372656e-06,8.75046552220798e-06,0.0002683047888133663,0.00408883991910051,5.922221868134536e-05,0.001633506521987447,0.0024815854788870937,0.00013873371338912334,0.0022110924088500216,0.0032409101933173097,0.0011077037772208257,0.006103037861108557,0.004422720640225605,0.006027004047603554,0.006753951128040364,0.00015480165141856626,0.0015614015330480742,0.0007108251256067632,0.006558465817441521,0.0040200826161222005,0.005102360985439057,0.002790563735713984,0.0003128569377788087,0.005030669325211681,0.011026886395526405
42,0.10617075065143182,0.02947232988183412,0.03208507884428125,0.04482130126101236,0.018204589880710383,0.011426660851171763,0.05985325206516562,0.09394686363892849,0.055457081292231696,0.09892402199324135,0.06486949591749142,0.08225815326051188,0.038501123146968214,0.0930637070324903,0.1104207918337239,0.03942346325694363,0.08148008734103064,0.05067087006049211,0.09313771039732456,0.06469572639139184,0.046875959297803575,0.07287176848748894,0.051535451747757755,0.045903377356728656,0.06760430881130185,0.08561984027314593,0.027392579777782644,0.015050198430445475,0.00808456421722292,0.00896668459854208,0.014532750172014917,0.011704575245543233,0.025831066767020048,0.031175267958323646,0.02566086524678028,0.010883422167268035,0.006943415493772518,0.01521319375159619,0.014472432088700816,0.01893148702291849,0.0013659601512962473,0.016210769731457686,0.006210478850551116,0.0018402485811422258,0.002950045827440105,0.0009354781769031739,0.0028688763341314827,0.00020950198138673784,0.0028332988145233795,0.03312042838127223,0.002067013708384941,0.005337167757577762,0.012495209994846528,0.010966446286554112,0.011958693272089472,0.027390738053656345,0.0065289467660055575,0.021402269649407085,0.019071860888888924,0.011361761200270448,0.022440175854644848,0.0032012646892893735,0.014698344364172904,0.010522637908462279,0.0248937673292711,0.014864246355479767,0.027521071276590578,0.0133728318524971,0.017006132317058824,0.02068117396590811,0.04009618556770167
441,2.140592957343382e-05,2.3026363349267824e-05,0.0006060387124838452,0.0017684040134419866,0.0005925333069409067,1.5765411523899205e-05,0.0011875227250639855,0.0022836098239081897,0.0011565620202953497,0.0004184894212107991,0.0009141716518663039,0.004169160130547881,0.0003063136206738891,2.4161329977611226e-05,0.004151041383291394,0.0012236926741753314,0.0012547987937692505,0.001170100181373241,0.0010876485578893323,0.00033751341305519216,1.2012391287822028e-05,0.0016425627393753706,0.000500034565543466,1.4383458341626986e-06,0.0004273567697989409,0.0005089883575124944,1.1995380757024682e-05,0.0014217841254887675,0.0018239189619310545,0.0003033224536223552,0.0010527113222476194,1.5047192315585248e-07,7.495054466297205e-05,0.0,0.0027439904757053063,5.601027923911428e-05,2.5482768315531465e-06,2.052567063167592e-05,0.0002525639468427087,7.344953854016293e-05,0.00012516069568817731,5.6879336100913873e-05,1.2227724234788474e-05,2.944289964112153e-05,8.52928595178063e-06,5.269847122721538e-06,0.0,2.9650814310396385e-05,0.00011065812492113736,0.00143431957466946,6.809604496723268e-09,3.1417116492294185e-05,0.0001724575301056887,0.0,0.0023875752653982007,0.0004499535707865768,0.0,6.979248563724361e-09,3.95155914843235e-08,0.0,0.0,1.804188130864331e-05,0.00015638638165504034,0.00013317056877660264,0.00014579285525191551,0.004069006713592568,0.0,0.0,2.7640997675753483e-08,0.0,1.0340198929685349e-05
445,0.000100671585303164,3.4162507486188614e-07,1.761438175924226e-06,1.0692849023075932e-06,0.0,7.639939837356791e-05,0.0001045977044192899,8.735613059665931e-07,1.5042357761778708e-05,3.3901092484516247e-07,2.1454472566983542e-06,1.5366832794575676e-05,2.2642248771833765e-06,1.9634871039196058e-05,4.6916523420302e-06,4.263267463136254e-08,2.9271567689401636e-05,2.4967086237719212e-05,6.223788375504773e-06,2.1824807381943549e-07,1.2563009532524202e-06,3.123867355008006e-06,0.00021238022851596326,4.852353611115774e-06,4.155662607266071e-05,3.217993692143811e-06,3.13975174261825e-06,1.914832713079459e-05,7.397448634316461e-06,1.4879533611077188e-06,5.877655314509006e-06,1.1287446371272749e-07,3.755623389620258e-05,4.182184861113928e-09,0.0006338166816982988,0.00022076278197455312,1.210053787308045e-06,0.00010218690182246471,3.0265946789045817e-08,1.320890583873318e-07,6.53843920210085e-07,8.552187084818074e-08,1.8819318418022587e-06,2.8390847065586943e-06,2.9424515468274872e-06,7.301963877591667e-07,9.994166560811654e-09,2.4013312461479256e-05,1.4644359199201467e-05,4.3259513181736345e-06,6.354310770113671e-07,7.616270481055616e-07,1.7448392963410667e-06,0.0,5.185665660923356e-05,1.3800611258335887e-06,2.5221354612078608e-06,1.6101789771976699e-06,2.1358130930314934e-06,7.337301561073972e-07,3.3074614547194285e-06,8.064293095388254e-07,1.6225968612011772e-06,7.844358538571144e-05,0.0012833936744652164,1.4928502688751675e-05,0.0,9.38154439753602e-07,4.794701202121629e-07,1.8899808349126056e-06,0.0
452,0.000274876348957018,7.049819228737343e-06,3.3747164014434894e-05,7.649442772966315e-05,2.3800406120699494e-05,0.000181568070626035,0.0008235315898039258,0.00011441578719273253,8.850711269885022e-05,1.858925565415787e-05,4.82802294491598e-05,0.00024880397676227303,2.4432781226244515e-05,0.00010526487693203933,0.00019573390038401414,4.9220230119217694e-05,0.00020570341328707249,0.00017935866307001023,7.663302741985385e-05,5.102099614037753e-05,6.98914467860624e-06,8.263291820328929e-05,0.0007375807920760551,2.9429517345675685e-06,6.982427623658645e-05,3.6531643309449324e-05,1.0906041366812264e-05,0.0001268480509832626,0.00012558927776346957,2.620950632192809e-05,7.859624460193894e-05,7.327195402473832e-07,0.00010496095185364034,0.0,0.0018120807071621658,0.0005949119185635058,4.13611512974011e-06,0.0002753764641713947,1.0543245537658479e-05,3.50371829201681e-06,7.057131584592472e-06,2.5986718542581794e-06,6.666256907404707e-06,1.0484982004504199e-05,1.0155370621142034e-05,2.563581532510749e-06,0.0,0.00012887067239879388,9.793095766798536e-05,0.00010927945670250083,2.6416740393559304e-06,3.883681419617424e-06,1.3771700004054422e-05,0.0,0.00027937611561811254,2.2692075766689637e-05,1.8416069260383278e-05,6.758575563988053e-06,7.027487549011602e-06,4.31068615812778e-06,1.1726964265808119e-05,9.943692139419842e-06,1.8580974640747237e-05,0.0002622979624960399,0.00029071068490356817,0.00025043447512255643,2.6414548913087177e-07,9.945332710474233e-06,1.367522210054066e-06,6.356789647950013e-06,4.3458883610367047e-07
4A0,0.003587076709347257,4.664095390865329e-06,0.00023718247132017539,0.0010669660941491836,0.00010359006153147275,0.003020738340254918,0.046979223328004645,0.0035520441968469063,0.00021614281635719268,9.836229356725693e-05,0.00032098588085881105,0.0018687860674624962,0.0002228433425674789,0.00146049670360599,0.0010558371801197186,0.00021572062044379725,0.0023871399350711858,0.002052820651128474,0.000650673377713445,0.0011360987714864902,9.255124399963734e-05,0.0005204739745880631,0.015744781760648044,0.0003258862850981761,0.002793220271089813,0.00032823901669721037,0.00023159659131954003,0.00378581745844431,0.0007818950656758114,0.0022944789440169015,0.000886166438148206,9.83736148222203e-06,0.0013692494981523077,0.00868761314973621,0.024883257765930186,0.007881821898636562,8.901729143142735e-05,0.004475273525702805,5.009986377311978e-05,2.3460583494583033e-05,6.709253197177037e-05,1.507540920557278e-05,0.00013814801268599485,0.00020837005563985734,0.00021602168627251784,5.323869463328175e-05,0.0,0.0017888090998046298,0.0010072607306482733,0.0004186977473291303,5.104366090188855e-05,6.294526181482567e-05,0.00016503625146039393,0.0,0.001418081406527951,0.00018038210803133942,9.412422919291894e-05,0.0002702149389885338,0.00015867966338297394,0.000358945773046851,0.0002475989777541172,0.0011483611220313753,0.0011951709942178593,0.0057184092628116195,0.0070263512118055324,0.0020762169132303846,3.647348351953205e-06,0.00013596029180998123,1.77822205420078e-05,0.00011530088055696836,1.805713756450447e-06
481,0.0012937004893422692,0.001745409831244904,0.00017854781071758325,0.00048771420810633006,0.0009841639826190037,0.0007525780271809092,0.0006556620013040274,0.0027805466792002343,0.004592156351287644,0.0011910955601243222,0.0011072206249141772,0.0008961038314617759,0.00024467564389204924,0.0006453450553184811,0.0008739011005972799,0.0005738885621965331,0.0013116320384826592,0.0008393921484629944,0.0008386919590448603,0.0007496099916758413,0.0003693489865857978,0.001443240577667844,0.0016857685574104885,0.00021131716392413754,0.0006550689320486783,0.0018537125842430825,0.0028168078094964535,0.0006735921017350927,0.00025235126527011447,0.00022928911030265916,0.0003690908786780263,0.0011866414851384732,0.00026254568682319016,0.0031658631611834335,0.006264369270455596,0.00044947495521857,0.0002138073664586184,0.004453714982103142,0.0022915032167015567,0.000561871831052471,0.0009451360420677141,0.0004599139129589553,0.001764102648309537,0.0033160183525503734,0.0030420945282331035,9.934581544064841e-05,0.0016203141793540209,4.640170153655023e-06,0.004841874476466156,0.0026811013476437866,0.0014421480906287962,0.0034762261878317434,0.0013066534096329012,0.00041286147775710963,0.002983841099632817,0.0030493943327755046,0.0017324992131709071,0.0020086751123845293,0.0004229059957753335,0.001011347942223196,0.0023190185644881354,0.0005124704585212383,0.0014318061619384196,0.0006525832393099758,0.0019100780575995937,0.000577547251215739,0.012220348625156611,0.010166540498378052,0.004503762664044504,0.0014956248296567433,0.0003893501380643842
482,0.0061214866737565946,0.0005642650264347279,0.001542454144400139,0.0067731959433853794,0.0009369362020453283,0.004328787686472895,0.0015324011977035333,0.006775105830576426,0.016118281900134736,0.012506381094898655,0.0030934431138064963,0.0014426253525192656,0.0001747390474964401,0.0024051335087381023,0.0017944111145904167,0.0006822566082802561,0.0036050371623929634,0.0014989803985557678,0.006453700184583185,0.0014837326005472508,0.00014382409865001285,0.012511280654961094,0.0016543690826027267,0.0034911979053017838,0.005745485605349704,0.00789393532898798,0.00011415026212750182,8.456246109308392e-05,0.00014796858053255687,5.658222747439838e-05,7.09406630433832e-05,0.0004651842768805529,0.0027512043414461562,0.000387135603067883,0.010157746491516219,0.00019174455644946651,0.00012983812575242246,0.0007699376747488341,0.0001539422244252489,2.9223076145296575e-05,2.9422645184107265e-05,0.0001947633348794948,7.332203204676569e-05,4.745560751058748e-05,6.955250835071494e-05,7.15133715583856e-05,1.2955701318781297e-05,3.130307239047615e-05,0.00013610764067820998,0.00017057173698210553,6.882831733067534e-05,4.6458983656589777e-05,0.00023387418113479867,2.5647184645398814e-05,0.0005626733610865836,0.0004101342690476213,0.00014479031102211795,0.00033185660804221803,0.00021427015364097575,0.00022467785318466794,0.0007101269430382618,8.460620436240231e-05,0.0003517520246268576,0.00026904181043047796,0.0010113988100057642,0.00016231115342397993,0.00043788918358347216,0.0025276129046901963,0.010650651070147753,0.0010405429282950554,0.005743570732418832
483,0.0022581826894152615,8.516155639884523e-05,0.001048261752075772,0.0015009659971299573,0.00029231633485563176,0.00034755250752033115,0.0006076861608292418,7.077765836745717e-05,0.002661319182726779,0.0016065984616255404,0.0004049915215699054,0.00016389692590001718,3.609532987307779e-05,0.0005739188852115658,0.00011367623155397683,3.750453663476157e-05,0.00018761184246692027,0.0003042617408604067,0.0015966185628292315,0.0004779250615251421,1.1040198409814898e-05,0.00044223843483128954,2.092396064838328e-05,0.00026246027047669915,0.0008605651076645846,0.00043480392434798714,1.3801491763802975e-05,4.9542475308482976e-05,2.386225166869733e-05,1.0430253959120359e-05,2.0050503697363068e-05,8.729364928312547e-05,8.608720253683538e-05,7.26474249028719e-05,7.701324458614542e-05,2.021481868126174e-05,0.0001238076330475585,4.216791103545909e-05,0.00014524113192836675,1.936242614373917e-05,6.937067535311282e-06,1.5275052232357893e-05,2.1524686539965068e-05,4.3069642734801736e-06,5.674909834229824e-06,3.9873889825569755e-07,1.8622728146490337e-06,4.179414399304431e-06,2.7395767157489333e-05,3.126020664734769e-05,3.886422194553728e-07,6.9139999939693e-06,0.00020298715743618764,2.710514921787775e-05,0.00011027853747489942,0.00014154685962717412,0.00014372777647340406,0.00010538898769274041,7.81573379963991e-05,4.6013050153039824e-05,0.00010582117721477445,1.8425312382951863e-05,8.88465838316763e-05,4.8964334766196224e-05,7.896080104252481e-05,3.683229064984466e-05,0.0027253512042266243,0.0004678285099137965,0.013082456586524332,0.000314993445186275,0.0005324029589349135
484,0.024520939116005964,0.0074968182100309776,0.0040269607146483114,0.015998042570285035,0.0028236211444753233,0.0032766345249272046,0.01566141738924673,0.020300165157606104,0.03305958823550069,0.02987357672827163,0.012148213426966946,0.010304936776191044,0.003165220546800127,0.012662219523228727,0.011112679547927867,0.005116217770865948,0.018566473351290348,0.0076964273187781155,0.032029000761519384,0.016690247719589737,0.007896649623162727,0.01814455542457095,0.009634897017725661,0.013662031864181343,0.00850646637347401,0.01173490142630609,0.005358181078593098,0.009569275650775411,0.00547644316155484,0.003507464249664916,0.005983829052443558,0.01092055217530644,0.0057812098200044635,0.007323554344859718,0.03727757334032333,0.0029118960588138303,0.002912778909408537,0.021076609038999113,0.01050724287677965,0.001579520716482698,0.0008341275592705613,0.0012098508201034389,0.0018445744694904776,0.00023963103788746934,0.0006322780722705339,0.0002346251761074341,0.00015983662142783473,5.0239700522031216e-05,0.0015190903930649574,0.002530688989221017,0.000493013936670259,0.0007164353201711777,0.0018611861062247477,0.0004899140879949141,0.002017533725619828,0.006715008955872667,0.001230229804575926,0.0015848760478424481,0.0023381002916374313,0.0016728410033408382,0.004071166472330253,0.0012529695221902787,0.003024612247446451,0.002160133492289274,0.003271583033293162,0.002572673380237383,0.010190614656863224,0.001849281433154263,0.015133518285028529,0.0032547996881606227,0.005777790619434563
485,0.0,1.461480690582163e-05,3.854095591547386e-06,6.641394321438121e-05,0.0007167898653838493,0.0010780323692085737,0.0005820823861447168,0.0009294561182709323,0.0011720590189907075,0.00043627460725326975,0.0006590149512482407,0.00041112064852037776,4.9680396326399405e-05,0.0001245138374766513,0.00020395356087260996,9.864221075509527e-05,0.0008383940614201497,0.0004934749256755281,0.0002790276423438222,0.00012722387989953102,4.6726311207049605e-05,0.0006686804239012594,0.0012121347795348493,0.00010444695481700784,0.00013233622084677743,0.0007700029660735389,0.0009160904488020229,0.0005783611765025708,2.8849714742514175e-05,0.00013711213625112643,0.00016558864352268744,6.29517107613574e-06,0.003611058479555744,0.0,3.042731363012714e-08,3.8732814511277525e-08,8.807550365998436e-05,0.0006900607456259856,5.153934595643438e-05,0.00044676449868387316,0.0007649196433938649,0.0005901679715831809,0.002059182895994004,0.004102825614231334,0.0029460975005974584,0.000965626048031099,0.0015106326609294909,5.1193118548339804e-06,0.005377858305556264,0.002898907847071357,0.0019265029041275865,0.004207253138839918,0.0017462191208408972,0.0003977822053000352,0.0032005217530351325,0.0025928462587147126,0.0022359364671786803,0.002687587331655277,0.0043477282509244795,0.0030709804884476583,0.0018321347771989116,0.013989446100436785,0.0009689626570879331,0.0006965214456071785,0.002056634245407429,0.0004756324250098197,0.0001364684409083858,3.436734085631914e-05,0.000295203251791325,0.007673133705287664,0.0029859919341679803
486,0.0005261793398380764,0.00010078744501118075,0.015842097553914577,0.0004933109347806084,0.00013098838391901207,0.020546189362163236,0.0002647294637294826,7.997136488853155e-05,7.580316865738457e-05,7.457542267953594e-05,5.9946736705648015e-05,4.4575055475094956e-05,5.9693266595152036e-06,5.45763060932615e-05,6.449827431792284e-06,4.323477121020135e-06,4.9105315278022546e-05,6.985956744066025e-05,3.74563727393907e-05,8.87905443505513e-05,3.6928496192646268e-06,0.00011861056436317524,0.0001653911271577364,0.02314101053911141,0.0005847125913320641,5.931950003353022e-05,2.997767616461962e-05,4.673961837247687e-05,2.0715733922079547e-05,1.0762993827198327e-05,1.7029933627901334e-05,0.0016527712409920136,0.0006497230495107882,0.0013600704870605238,0.0010784433323174788,0.00041664637345806136,8.564292462787115e-05,0.0005513005580948765,0.0003472260907747307,1.3623258973879515e-05,8.426404136140277e-06,7.2974427714878106e-06,1.4485555343660214e-05,7.085228204994655e-05,0.00010699092543496591,1.2164549421293963e-06,4.333139435742649e-05,2.062991084268274e-06,4.2668634887123226e-05,6.76519849031263e-05,1.8586013846976731e-06,2.6927192403493716e-05,1.0431654681466109e-05,1.1240012694191163e-05,0.00011572794855518259,0.00026477155897775565,0.00010550178853082365,2.8870457775668114e-05,2.5405455233570778e-05,4.623432663647603e-05,6.0979939549801946e-05,1.880262128808681e-05,9.575635585731567e-05,4.77916146120659e-05,5.973188260720428e-05,3.6118265691878955e-05,0.00019106088645460628,3.715464496285639e-05,0.003965327201816099,0.0006156527339244648,0.019037981345334923
487OS,4.0499007884652844e-05,0.0010229297280130304,6.848538968386785e-05,0.004608997296552565,3.2171490696611274e-05,0.009070880805987173,2.6806945329732842e-05,0.005621966309618483,0.006499883208037116,0.0004968439135144273,0.0001794756577829388,4.8289749714742115e-05,5.203235817016149e-06,3.472043976272184e-05,3.2127968544250626e-05,8.497286604189864e-06,0.0028022982233692232,0.0006435903435936378,0.0004401183008915497,0.0009259728860280927,1.2917228378299787e-05,0.0033506717046522506,0.003708610559337209,0.0012494670185225526,0.00016297449367471694,0.0019985808629496326,0.029668809669473984,0.008626661200141418,0.006339655187123026,0.0020743275205985174,0.01275757188104565,0.08442796345285149,0.011946871160787804,0.06909402516087436,0.11328601327587703,0.010211720775013065,0.01707304577459733,0.10261489126948464,0.03760070552771005,0.0014488226683792916,0.004235076567666816,0.000113768722462166,0.0060863266720784116,0.0007700704426438757,0.0057865562221241125,6.818904954820273e-05,3.74028192094224e-06,7.739836968881618e-08,1.3387530482235458e-05,0.012001992092943076,0.0016409590737203306,0.0014630074171288817,0.0025897143520860633,0.000696070036231512,0.002531344210652608,0.011625364002462222,0.0009160712824963334,0.0020144969668298286,0.00533904191888616,0.0016039170989619377,0.005485975997619119,0.0032185266355090306,0.004319779638939001,0.0005017053032567722,0.0012887099448327544,0.0013102249045590776,1.928855570456305e-05,0.00037460495595297385,0.011756742399330179,0.0004506514985303244,0.007956519793146924
493,0.0016557927789912403,0.0,1.8107630081928853e-05,0.0013253672156968432,3.3897779399890113e-08,0.0007439051363314655,0.0,0.009550880660050437,0.012189798315429134,0.00034902659855639195,0.0014213964268123072,0.0008797150408873024,0.0007551045203420315,0.0006311571364321111,0.00017123522146622128,0.00017081043679382724,0.0012572777088593835,0.0021287083099460675,0.002998675156757086,0.019770298426146325,0.009522609643778273,0.01181423048020484,0.009633958268117854,0.0008911010274987207,0.0019051144291190232,0.012184815900072353,0.013850987738043502,0.032454257698617504,0.02472165736720577,0.01612561758869552,0.021875244594761114,0.0002140715413382216,1.5874249215176274e-05,0.012870987451280597,0.011692435336973,0.0021785041499880384,0.011851916653216457,0.003469309502103949,0.04001315487248058,0.0005773261153542112,0.0011455007793258292,0.00043545974449347367,0.0016724037918186265,5.990688113057897e-09,1.1029182629306254e-08,1.9716376930457284e-05,0.0,3.6572934375977826e-07,0.0009199359847154312,0.002642860744222991,0.0004222062912491416,0.0003648364921945081,0.00042982434671482464,1.3402303270508988e-05,0.006811714365204301,0.0024619545988395497,0.0001876788258586444,0.0005660321993279548,0.0015379309957398097,0.0006007467656822653,0.000933248807950299,0.0009969504429701564,0.0006063092096712653,0.00027158376739853463,0.0017835441961805162,0.0007295486103804647,0.0006455915423327136,0.002119109932167949,0.0,0.002847501285288374,0.0004046413514708347
511,0.0002811035545913755,9.016918530547361e-05,0.0004355114221184855,0.00027803929884746397,0.00016504734250958808,0.00145801608940571,0.0014557293398292975,0.0015388591354557446,0.0015538877128097538,0.0006804930760517354,0.0012884315475508664,0.000926267973763961,0.0002466748385155624,0.0006885610416538764,0.00022408401729007244,0.0010703059370602056,0.0014973300290055563,0.0009966353920483723,0.0004152185008349319,0.0004540333493101288,0.00022589722601391616,0.0010679283926453135,0.001486293436410966,0.0001189161305429458,0.00015902434692313043,0.0005899240205544705,0.003035009374167508,0.0061562593312673745,0.001506766649695933,0.002026547650635947,0.0027189725186286223,0.0004863080891749027,0.0013169851075252028,0.0003752769827167606,0.00027773425007894526,0.00048818789983970265,0.000746243977560356,0.002691230213886189,0.0012949578273400272,0.08877609417415866,0.0008401335484575921,0.0017449100638923416,0.00898084099816303,0.00335435200673298,0.004753192976914492,0.0011746760734248844,0.002662906562685591,1.3135195640380663e-05,0.0013183402554608798,0.0021285172301974994,0.005232696840262161,0.004943502104399066,0.004414280714184883,0.001500209263820437,0.007477519313466998,0.002680787835958861,0.0034705968884526264,0.0017433009109144913,0.003519383103413571,0.0011701064780647694,0.004744885286982858,0.0013825464298113412,0.001977959496239814,0.001483031228487536,0.0023907894122566814,0.002453555318201089,0.001761298488134565,0.006557278343996578,0.0013961563097059596,0.007782516131079202,0.0036952209590188096
512,4.7243619962471956e-07,4.976389857906395e-07,7.908987256371262e-07,1.2475282168426953e-06,6.906466021374617e-07,1.523840556609271e-06,2.585254280348443e-06,1.2909023678139567e-06,1.6539257402201698e-06,9.055329985316358e-07,1.22602821339004e-06,7.467411524733351e-07,1.987288440002937e-07,9.26484562065084e-07,3.548894332278868e-07,4.825244934689405e-07,1.9668811392702912e-06,1.32422992489825e-06,8.378177454241892e-07,8.569537911589067e-07,3.9353751140900493e-07,1.173548995855742e-06,1.4024351203953207e-06,3.1718382093062967e-07,3.435542629899068e-07,1.3546924284959418e-06,4.643643867261558e-05,0.0024946722730593055,0.0014846696562043345,1.3713156282238107e-06,7.933504540242088e-06,3.1635808392661674e-05,1.6450858688875437e-06,2.2930040313607287e-06,1.0970943398948006e-05,1.3103840858188038e-06,0.0012446604710105212,8.603624309605316e-05,1.592999000945977e-06,0.00037736845095716993,0.20401235089378567,0.05781329602646674,3.822999712973142e-05,5.848851737189142e-05,8.080892430382001e-05,2.097412512923814e-06,1.255383196034496e-06,3.5224502582702876e-08,9.806130687385088e-05,0.00032379788493054965,3.728639451310974e-05,0.00011572631812713577,0.001552358305459627,0.0006157251783590678,0.0001239109721726066,1.8656429544645359e-06,0.0014695501988039835,8.748846154993137e-05,3.0851808742193745e-05,0.004524087873675323,0.008925245192689028,0.0023421842839629367,0.00045186565356918025,0.0031040240735672195,0.005418357428524888,0.000549125054985752,7.72045909887817e-05,0.003914296698595401,0.0007894718541024916,0.00030533277888186754,5.421111182316709e-06
513,0.0012327525016087055,0.0004075893429019762,0.001651989419881914,0.0017314600131928184,0.0017692104616664163,0.002474744756025783,0.004628938902824396,0.003283178568791282,0.005637875929533234,0.0015641167293981172,0.003998480579790813,0.0026970143877610253,0.0008016282811842432,0.0018346559549718964,0.0008496119447283236,0.0019673859180037285,0.0035868998766001867,0.003465863624758028,0.0016551043088546236,0.0019753297125976936,0.0010270839002199754,0.0026176390171816777,0.005851900333350921,0.0003220061338693317,0.0008795925013515189,0.0027514711577790755,0.0066209907218022805,0.010099674276271604,0.003721048395665166,0.0019068876979158958,0.006094001632241475,0.006305018632670167,0.0017511007945628311,0.0025621118113427197,0.004185871191211989,0.007011177941278508,0.033133651352475736,0.005946919985912145,0.0011639289207891347,0.008845243551306019,0.007330091399229567,0.1025287201298185,0.027057224958948464,0.010748757263178883,0.012455365130907487,0.003955789576041217,0.005298139041129141,4.697381771865329e-05,0.012241118767396387,0.0062711446535798614,0.010145994754471584,0.006517115768891694,0.008875965770863024,0.004148961144583356,0.013872692710112015,0.0107397520733395,0.006084039358023696,0.005354582517403463,0.004427519838761674,0.006100506661869711,0.004228836517629738,0.004559456037609144,0.008304646210388553,0.02156808643786375,0.007266512527156978,0.00660705644812639,0.014115032636726412,0.012678339506078933,0.013510368758120369,0.028679510570489092,0.0068406667562542385
514,0.0005789557548172209,0.0006506104377367462,0.0013786367469283626,0.0018987704913176354,0.0010126358532881593,0.008614523284227493,0.005340912367015604,0.010788510068814934,0.01364683309835862,0.005268123250156415,0.00835336935851065,0.006619082393455427,0.0008583713525916632,0.006011100998564707,0.001546753792103982,0.004788971082678021,0.011867155146587491,0.006869340599362942,0.003516290734345196,0.003963834017054442,0.0019645930685771623,0.00898460366761056,0.007203120102323975,0.0008583786285983743,0.001123051091480487,0.004733587096148538,0.008536785561734483,0.0337313194245526,0.010866624783404064,0.007807430419839096,0.016810018559929824,0.0036018160080496997,0.002290614072825038,0.0031349535975164758,0.0016178185631812107,0.003056608889291117,0.00659144013195082,0.005137987895537624,0.0030217951057876133,0.017003229478753077,0.00462338141297107,0.008560073052122237,0.03947227439886347,0.02383757265043936,0.019087913151362546,0.004986103090899803,0.0192881303340056,9.417960786966451e-05,0.004676278719824578,0.006371777435169241,0.015712569928103406,0.015460251928125172,0.01608858415212429,0.007756229900949282,0.04161006465600679,0.020693492071762517,0.016530838050346944,0.00412986127510578,0.00885460911056472,0.004681326182872312,0.007953580981514658,0.00943576526234627,0.012502113577553677,0.007496206377458448,0.019513260451197324,0.015208956033797367,0.013741033960847976,0.0210715576811566,0.01009029417424029,0.025018560075650075,0.01919737277187114
521CI,0.012218007566914643,0.014242706684340443,0.00656570470340593,0.013110271952726522,0.009496978449480819,0.011484033832235228,0.007446654111722663,0.008800591021158502,0.009053517502855074,0.006278098062233054,0.007223480589071012,0.005563572668330837,0.007573978146299927,0.010350703354680123,0.0063990487074735095,0.002740223626772787,0.010714283373092706,0.013286927888103412,0.005325812310262307,0.006698593759695915,0.025260312248576867,0.0075024595994726785,0.009744665081513343,0.0026178527946390372,0.005925044254233453,0.008820502045499244,0.01760186850198792,0.013999613575927005,0.009076989224807706,0.011319556767789807,0.008489611884507812,0.010923414571815108,0.07358554225255946,0.023597173981060152,0.009940177032054215,0.03787140181635734,0.045767492134058715,0.011317454007381796,0.0026268468377750056,0.012621801903940867,0.015880031899753243,0.019614010150988775,0.011215958994860858,0.07047333877796702,0.09460036575230994,0.0007818824198673665,0.03824591964433331,0.05011305801408327,0.0446124644591868,0.033444815543485565,0.005789591356589706,0.005444154883060703,0.008821796633360137,0.03523495178534268,0.007908342546907072,0.009127792500951679,0.0024283539607971804,0.005264681440779746,0.006485959815643484,0.004034488048991354,0.004662408563581856,0.005732590696247189,0.012605961110157169,0.01762970968174557,0.015076545993618429,0.011705037908990952,6.526263940156586e-05,0.015591902075565144,0.014445563973822986,0.009020412551398552,0.012023644526851462
523,0.0014191913477240368,0.0007349345679816816,0.0005218494045838637,0.03207592218318374,0.07631947367752201,0.0013882942790180634,0.0014446260532072186,0.0007116744099966518,0.0010052281022557943,0.009124739061370105,0.008238744575755134,0.0060502128508310455,0.0006251430225455953,0.004896357211028256,0.003653787527622969,0.0017135938612271885,0.01044840368114602,0.006051934616207431,0.0003529784014765478,0.0003588921737288494,0.0006884640290350198,0.0004798165026179108,0.0007689579182681175,0.0001725483818323621,0.00023490695965517667,0.0007184841903188088,0.0024805687845749673,0.001095000615849059,0.0009741503178886787,0.0009426631278047178,0.0009262227325910321,0.010167469649893079,0.008369392292196617,0.01650508492721138,0.0013054374151662165,0.029803449651874824,0.006986593801791679,0.008240480432104404,0.0005151259950274406,0.0008999433285247519,0.004783562895919787,0.0008703817250717738,0.0005362818126790913,0.04907550374046024,0.07006475151360458,0.0038110510988250005,0.643948923950424,0.0017670097496233007,0.008183066207166375,0.013411050889050551,0.0017696245761657436,0.0012215393491420846,0.001413453598821876,0.01733524082286333,0.001868409579989192,0.000737977484864168,0.0006153372553138611,0.0018057880845859815,0.015405578466055728,0.0020575915045046877,0.01250326936086889,0.005931290004142513,0.0012261480198740911,0.0013070279339897936,0.021273718444520424,0.00451960375485684,4.6880399472480264e-08,0.0005551151931230244,0.0011242762988329603,0.0006877699435375557,0.015440788333869158
524,0.009421121638235545,0.007351960401564784,0.010807504376656956,0.009431203280502166,0.014179941699229743,0.002864752772164492,0.0003717927650062452,0.0029637916540947115,0.011063829623852786,0.003208101072584416,0.003694256919067266,0.004693442440477898,0.0008019263410945759,0.00906500017604351,0.006631635111017799,0.003181900633466553,0.006972934692583992,0.003751509615293812,0.004798732555690024,0.005326677833900612,0.0026001901978322836,0.003071406242878872,0.001155562859004561,0.0009142044545511883,0.0029130831638839623,0.003760247018771438,0.021885255485803265,0.015774461810301513,0.006072646483411213,0.006515408111389353,0.0075173736673668804,0.005420246145454137,0.0005375897764905333,0.02095443867293092,0.05563077744262343,0.12173639157878784,0.009354622851095465,0.01471120749368424,0.019154681437631927,0.000655462977172554,0.008252138326093571,0.0020412744020749463,0.0016118273409889657,0.006127970451858728,0.020249107376017858,0.35293380457029977,0.05361692994680864,0.0040414000561664176,0.039393888425447714,0.029702865168749593,0.007568910514136062,0.004038729297399715,0.004581410588207442,0.0005837605586744897,0.008811745452082055,0.012939686211714409,0.006277939241547721,0.013964344538266187,0.02350375569392871,0.018434210325760345,0.04405120763312823,0.014680553431536616,0.01495757291475082,0.006347502036898235,0.010767105719079607,0.003747489809184712,0.0,0.0025955273862098417,0.09263567120662829,0.0018575198041801747,0.04030581804725184
525,2.2719990505250095e-08,7.0918003599546835e-09,0.0,0.0,3.5603014133448257e-08,0.0,3.293545998681249e-08,2.1354105011903103e-08,3.670845861568134e-09,2.996054727830497e-08,1.5253970360958563e-08,2.1001667717144347e-08,0.0,1.3121728388030431e-08,2.6227229933818405e-08,0.0,0.0,0.0,1.689040856543635e-08,7.43008587450843e-09,0.0,0.0,4.768703521415605e-08,0.0,3.004445087634388e-08,0.0,0.0,0.0,1.2922952704254374e-08,0.0,6.840529171559212e-09,1.3394468321729179e-08,1.497861187960244e-08,1.0314861411188603e-08,0.0,1.7163772880795023e-08,0.0,1.6936637170603114e-08,0.0,0.0,0.0,0.0,0.0,0.0,3.686736684999416e-09,0.003456742900384167,0.04609394512966836,3.514770924547526e-09,1.2065745120314782e-09,0.0,1.2415102288091827e-08,0.0,0.0,7.094892618944907e-05,1.745440232964237e-08,0.0,0.0,0.0,4.2789440383987466e-08,8.6875452023779e-09,3.6850327130894513e-08,0.0,2.381959285873059e-08,3.220991520115799e-08,0.0,4.315537766030881e-10,0.0,6.2586825414203236e-09,3.5814590151884596e-08,0.0005401773583440602,0.0
HS,0.0,0.0,0.0,0.0,0.0,0.0,0.0,0.0,0.0,0.0,0.0,0.0,0.0,0.0,0.0,0.0,0.0,0.0,0.0,0.0,0.0,0.0,0.0,0.0,0.0,0.0,0.0,0.0,0.0,0.0,0.0,0.0,0.0,0.0,0.0,0.0,0.0,0.0,0.0,0.0,0.0,0.0,0.0,0.0,0.0,0.0,0.0,0.0,0.0,0.0,0.0,0.0,0.0,0.0,0.0,0.0,0.0,0.0,0.0,0.0,0.0,0.0,0.0,0.0,0.0,0.0,0.0,0.0,0.0,0.0,0.0
ORE,0.005595396782584832,0.0008008928707876023,0.008602271435017657,0.0029979365187432537,0.004913100151123237,0.011673075840794868,0.016180954117471197,0.006015328437705684,0.008871970912072284,0.0022376103730741568,0.019051179651974986,0.004721526134891889,6.109530752816286e-05,0.007223836785797535,0.0003958807414428108,0.0013320484868155067,0.019603517987981756,0.007566163050799843,0.005239960035752718,0.009473699602789014,0.0034929628575552556,0.011408132110649801,0.03183987980365595,0.00015500581604139727,0.001254227713925403,0.013099500574932307,0.05285204183620752,0.09376110203611253,0.12783681912232273,0.0915158100036214,0.11406811178192655,0.0015382798062197633,0.0024212451009856316,0.021857964237319397,0.02381040293266702,0.03060028358801349,0.009181064792232628,0.02315883417355483,0.07633277094163853,0.016532189422956773,0.02418547439738671,0.039605498717580345,0.01975302563865413,0.026203526039522983,0.0520769393382324,0.01965720283418622,0.0043949088636280635,0.0015370718167055577,0.1133974483882968,0.03488649571157878,0.050651509055645166,0.011601635606861005,0.05214224974668639,0.05926692240286376,0.026202779034591065,0.03282467206782133,0.09502538711011121,0.044088616256187055,0.08851219829232673,0.11106034906468502,0.05952625967333167,0.06585956438921556,0.11904068584723676,0.029975407185598095,0.06744321698457613,0.11102210236274525,0.0010938962759659597,0.023433726297185292,0.010780563667284039,0.005894750322577351,0.008570760001697571
532RL,0.0048765984179208275,0.0016272846381870008,0.01268760128743347,0.026822417228353733,0.021115044995371972,0.0032963779321038226,0.016253566440672468,0.002724683183878567,0.008592331898753332,0.0035748022227712413,0.007832554326429271,0.0050798377292269655,0.0017673352980232427,0.006165885198640926,0.011310401900759931,0.0030914408951315713,0.004301144530606563,0.006408893083539343,0.004562679531528167,0.001497535788302185,0.08754530294650112,0.008203669588849546,0.007285881269030818,0.0027543557588357833,0.00578197516354803,0.0054851198830390595,0.017004296564606912,0.004402923394618247,0.006481943263096745,0.02028580532141725,0.007793269030712834,0.05089079059368211,0.08779997941538904,0.15997482602466254,0.0627504584517414,0.010515659993105653,0.0010014416475390097,0.007660343746844162,0.007178153470543732,0.004368406993746603,0.005571984761657813,0.011470740125741806,0.021703169555475944,0.0037715627110084964,0.014657129353370778,0.0024225031108726525,0.00020925325948998458,0.0020141338150803947,0.0023444184695565443,0.03444903863393878,0.005984370406167461,0.005517835698332018,0.008438381740777014,0.0384189308514819,0.008758621070942328,0.022370930409316495,0.0024466534479280337,0.004603802828271415,0.0038520890606729167,0.0017918764230175535,0.0027245507768402163,0.01365731656929134,0.015049367499107588,0.007079266042287371,0.027886053133072044,0.002934171878055889,0.0008009946136172581,0.0005536966519347142,0.0022817386472051083,0.003615104895941787,0.0028710450436982616
5411,0.0009195400068450247,0.0011511871803959448,0.0023623700405028428,0.005334109767022843,0.0016493254944479172,0.007165700743657972,0.004535833864935169,0.00439496833510328,0.0037103768383881224,0.002785148913055634,0.005383465182763865,0.002411610804968529,0.0008193741326492628,0.0009877353388072663,0.0018242237998113782,0.0010750456169708869,0.004180740488632577,0.0062013407403574946,0.0012137760721484512,0.0025850999377444186,0.0035912730438510676,0.004243700508498055,0.004879716782981474,0.0007197605407592025,0.0009515156411491536,0.004600102103285281,0.007897549596881683,0.002729909324252781,0.0025438834733676977,0.002518331158362204,0.003866681819747616,0.00100514159819698,0.01076194529273168,0.0035102040777268734,0.000682838222870668,0.0023765500007845333,0.0014143438721634486,0.0017037883832105322,0.0024943535084989673,0.006872217411342488,0.005606490671143609,0.0030216388215081108,0.00969138950104702,0.005850155891312749,0.017131135472450345,0.009868417033394403,0.010803882737712116,0.0006295960074502946,0.0064248546760319256,0.002288823430997657,0.006912861699793549,0.004808222999921799,0.015866464383867813,0.012669369359045514,0.00646300576123167,0.004244436750088658,0.0008728965026581021,0.0036813117588276258,0.01736049101772023,0.0059261232899112445,0.003496248229024262,0.0098729496613739,0.014509463253650412,0.002383342329347107,0.0027324786180261264,0.006791002376046563,4.874394990958896e-06,0.0003786723705765948,0.0008981511413095742,0.0071577742711254775,0.004332454810689158
5415,0.001193860603699481,0.0004591120620006012,0.022312127571074005,0.006940409671474183,0.0004832929640502219,0.0033290773595482264,0.004381075107742931,0.0031896001979690855,0.003363701369445532,0.0013601354535082836,0.0062888872082364775,0.006612026150414567,0.0013265516223664297,0.0012589311104773385,0.0009856157178465366,0.0058052519397328904,0.003679276714131934,0.0028838243415163075,0.001488608030032462,0.0015347425585186588,0.0005761867756183712,0.0021910281503796864,0.00587950028798554,0.0013483725316815014,0.0005285652334109414,0.002308785491880296,0.010119435587883967,0.01764298638723889,0.003381003316450342,0.006766552516151213,0.005408160759589153,0.0014800734979124057,0.014745514535719654,0.000758518465415052,0.001996550696654039,0.0016768754506235255,0.0003314329587005378,0.0014061109683752562,0.0010913880065202626,0.015542937846696409,0.0031737734746259327,0.00435302327745528,0.022274848602771794,0.007820348662044093,0.019864949793541236,0.0065715489445798995,0.0068174072358312,0.0002994985512062768,0.003898367792872612,0.0016331790553851973,0.011360632335394555,0.015950260076590728,0.0063002037273050294,0.002792675048767699,0.016218612472447328,0.005253530047273986,0.006328140702178765,0.0036832273223244417,0.006218606338089404,0.004706367704338919,0.008211878756602054,0.0022529840727755863,0.007151574415060521,0.004377801622809223,0.00620491557028381,0.004752946025945156,0.010917881078209832,0.037958017974917956,0.0017469373127181917,0.015066073497847082,0.017006528386746343
5412OP,0.00577826338891139,0.006580848307515334,0.011794370999346727,0.017829416582380568,0.009097770099341583,0.020480961188497106,0.03454106088617407,0.01720623648337746,0.021513322294897295,0.012282333001681791,0.015794947186158755,0.009739912726866974,0.0023776475552829343,0.012394140853818786,0.005095437364204877,0.006487315697792006,0.0269063438746587,0.017533278557971134,0.011868228601411639,0.012194911124701146,0.005672550667866408,0.015213444163144572,0.018519719521447355,0.0034524658142495654,0.0049641097463519945,0.01810369346841617,0.0591514709240835,0.09380619675637104,0.03581914866349679,0.018810278050487222,0.05813186518929664,0.006270407381812714,0.022784073114574296,0.03176909952682009,0.01043868981334041,0.018542746773547565,0.04406956743900631,0.007357532576420987,0.021355749537918637,0.03987845184080144,0.03557891713198509,0.03731768840329315,0.07706342888915298,0.04602686211800811,0.061781452839148536,0.028727884442558117,0.016704459645879473,0.0009503026994839009,0.03556496534570561,0.029390636126511733,0.02609958370551816,0.041033839728350605,0.072256214671226,0.055780280357919064,0.04385907992698701,0.02410433272848363,0.020574943812973902,0.02155077842291597,0.04041416993651755,0.029689600023641186,0.028846300969258363,0.03564862588737745,0.04982673937567726,0.02391150215516158,0.02669994853007662,0.03851586256039342,0.09454659810382188,0.02711081558094918,0.020997834209940155,0.0343516576628939,0.07389114357215845
55,0.0,3.0416074237946727e-09,0.09636355046966973,0.0824036011829455,0.025161272377752793,5.492918656354725e-08,0.010034821154517608,0.004089955415010165,0.018754337603582086,0.005046217058989065,0.011545107332918489,0.028851696070848632,0.008118036123252346,0.01724010252406222,0.015735831937707032,0.0074079238039263945,0.006653355482033098,0.02189131090624433,0.027649579088627762,0.02097252701809017,0.024669220072332795,0.01120620942395046,0.006295034805484531,0.003508010258751392,0.01341439212413943,0.008359710554271807,0.056809188082822266,0.008935391569686688,0.013202243370051422,0.04532187752504107,0.023776831992712952,0.01042621962677886,0.0,0.015137387424019579,0.011358568732113378,0.0029231979503825784,0.0,0.026429869416001443,0.010167183220959348,0.007543642803119652,0.0028359382412637894,0.004585448752311852,0.003919113669153765,0.005174413251046866,0.028322917653453687,0.004469777587613336,0.007262265915079041,1.5226775701360492e-05,0.05285335054542052,0.05209983908133033,0.008439934858066333,0.0054613143864146495,0.009594587954337774,0.0,0.018836500307299504,0.03751619458642836,0.019063402715630492,0.02827404216648347,0.009411797348377281,0.018792214821370643,0.005267264670923349,0.011630639638838012,0.013302169319101588,0.014183181402616063,0.07351629641313057,0.014358892129207558,0.0,1.5176266029977375e-08,3.212625047027485e-08,0.0,0.0
561,0.0009697058150429393,0.0004953367091588703,0.0014818904240502557,0.004514055978373019,0.007478865187275264,0.012145360256500632,0.00576263961571546,0.006566428168204222,0.010243186385764009,0.014136039307975681,0.02595845105578673,0.005320338692816658,0.0022422703906672427,0.004335037584504619,0.003398579801154527,0.014238749514578559,0.005061781635252794,0.009419349738350536,0.0033327864768845678,0.0028915666532779794,0.013605878717140706,0.0073277445904765485,0.034950865913936854,0.0025737307419095436,0.0033434144239783375,0.006630843463781227,0.030602266999721975,0.024088349813323643,0.009478993481108559,0.01481205944560394,0.01645973800688498,0.018275946107988474,0.011653515821696976,0.12448150905808075,0.021714038165595015,0.08455285705293664,0.053055000750639666,0.033527199258110776,0.0386860667211796,0.038181242132263114,0.010420820146062562,0.03290484227881317,0.04393179834936636,0.02014428802871633,0.02264188290480924,0.01016351333310254,0.0008934364746061154,0.0008747371298268716,0.11326249077717705,0.06977871570166162,0.02372137343619293,0.044560251033654116,0.0293028327882043,0.022407138757882535,0.06860098294115924,0.03887712919607705,0.02012327230773865,0.023730786732860717,0.054608818715839266,0.04388470456684997,0.015489260820466477,0.021934129207718152,0.018958035724665607,0.018312142812792632,0.013024909320849116,0.01977790727702636,0.012820605207456925,0.02613409596803784,0.00683973623828176,0.02000725807485255,0.02664434904191229
562,0.00016834064568806758,0.000224861171178421,0.0010958502298221244,0.0006723658558404952,0.0012236521289758554,0.001689458537839952,0.001003106709353633,0.0007839596908568827,0.001440638785542973,0.010551538085386725,0.0008414897921412099,0.0004742288920573176,0.00017204397123459612,0.00041182425409954043,0.00017924765886932222,0.00028647147936603515,0.0009630759488643414,0.00045852613025616323,0.0009189065194618464,0.000655348065893557,3.477416976652193e-05,0.0011751772958294691,0.0008220489761680044,0.0009393774467493958,0.0013071646785712994,0.0007966268557059514,0.0005484496891232576,0.0015706559722010965,0.0005952511329443348,0.0003795584996968333,0.00041949746744845675,0.00014552273696853108,0.001422561897874178,0.0,0.0012774565790316262,0.00035729168883131385,0.0037413391029177266,0.0018073716304469265,0.0010269610096695556,6.124965251204645e-05,0.00020144708312956776,7.00650064665873e-05,9.138994586130366e-05,0.0002752837992568534,0.0001508322392638861,0.0007677178023718628,0.0007148359207435822,1.173036995158191e-06,0.02634126110067794,0.0014702603342318468,0.0005578666478984744,0.00028986226585018117,0.0005585857329123493,0.00039937298024939137,0.0018551539030080457,0.06081860716604248,0.000986236490248277,0.0009976592039673514,0.001410246971725574,0.0020281619717573323,0.0014126469361805307,0.00035953492721198385,0.0022493809123570532,0.002472084440147746,0.0012788262248608399,0.006340315838097964,0.00015458613663746926,0.0008700810062143568,0.0017907126127682284,0.007487125668792948,0.009834836364944304
61,2.9471067164876e-06,2.8047740501739805e-06,5.000879173477029e-09,5.6584551391893166e-08,3.412360276689928e-08,2.7359510652046778e-05,5.775425052054226e-07,0.0,0.0,2.7340237083672338e-08,4.551467306271441e-08,0.0,3.4133427803870205e-09,4.751926918094035e-09,0.0,0.0,4.526326332716396e-09,0.0,3.0660415941633817e-08,3.670488496521041e-08,5.096045136156877e-10,0.0,5.653847159495918e-05,1.3816740850566002e-06,0.0,3.1602918293065183e-07,0.0006139351319567379,0.000589835214995426,0.0015900283277801896,5.6351114001643596e-09,0.001591548723857106,0.00030831379492440815,3.046964085193255e-05,0.0,4.515241265604035e-09,0.0,3.583594253957807e-05,3.7720880726835786e-05,0.0,4.2202452661068566e-08,0.0,5.126206890689655e-06,2.471054710729372e-05,2.398303711966538e-05,1.1077144209983523e-05,0.0,6.418209571228197e-08,1.6668058289705335e-08,0.0,2.1945123460425752e-09,0.0,2.2454319538862268e-05,2.3955309554981675e-06,0.0,0.00018074314393279288,1.2943753080778548e-08,0.004539980979484937,1.2798349100807949e-08,3.6054680205541112e-06,1.905733272797619e-08,2.0793726703327676e-08,0.015284255827421878,0.002576130461186388,3.5483515419701056e-08,1.4853460655792527e-08,0.0027398585336695577,0.0,6.196493979538732e-05,0.0013619599198568858,0.004034390619677892,1.8030744461578174e-05
621,0.0,1.614283518448592e-08,3.701508577095512e-08,0.0,0.0,0.0,1.9016559019776266e-08,3.903066272895683e-08,2.3715088316915686e-08,1.5573779946641714e-09,8.578190500596148e-09,0.0,2.106392518793339e-09,3.012479990271169e-08,6.420262060910306e-09,1.736159812722861e-08,0.0,1.576978627618073e-08,0.0,2.4333596135625005e-08,0.0,0.0,0.0,0.0,0.0,0.0,6.543017656119814e-09,3.2105445233107472e-09,2.741894594118362e-08,0.0,4.7732812867442564e-08,1.5799160994661558e-08,5.1828029897863095e-08,0.0,0.0,4.928721949620743e-10,0.0,7.829945660625004e-09,0.0,3.2670442601256416e-09,0.0,0.0,0.0,0.0,0.0,1.7926380777693963e-08,0.0,0.0,3.720479881193789e-08,0.0,2.0112443681664062e-08,0.0,5.3900710961424514e-05,0.0,8.327014109919488e-05,3.0987834422462195e-08,0.0,0.01246033434062166,0.015585983558625916,0.00043130075062240117,6.016007000221467e-09,0.0007337273219792871,3.0793355779803365e-05,0.0,3.097033055895234e-08,8.708035975131244e-05,3.689167334767647e-08,0.0035833426141158734,4.4706504872703146e-08,0.0068612078308744615,0.0
622,1.0222665725792598e-08,2.965815077183922e-08,2.2907103299847527e-08,3.2040290924468846e-08,0.0,1.3362201147815975e-08,2.829171887520046e-08,0.0,1.0220408750159127e-08,0.0,0.0,0.0,1.0859041433640805e-08,3.4275453571556905e-08,2.991783434256699e-08,2.4026588752778716e-08,0.0,1.637685665952764e-08,6.153573717073521e-09,1.9936512403231866e-08,0.0,0.0,2.0993174915932914e-08,0.0,3.361679223678401e-08,5.447227931802613e-09,2.07696542351785e-08,5.730049975996051e-08,4.6072077633577096e-08,4.90798057956233e-08,3.1559353408849054e-08,0.0,3.371821282517148e-08,2.2684618263255876e-08,2.8205697865377782e-08,1.9343316988051626e-08,2.837121835758225e-08,0.0,0.0,0.0,7.0531420235539085e-09,1.0611316396901583e-08,2.648332755143992e-08,2.1017469044311522e-08,0.0,0.0,0.0,0.0,0.0,0.0,0.0,2.482387495975413e-08,1.298172900980959e-07,1.2648145993603449e-08,1.1855451407874618e-07,4.7299933655872224e-08,1.5441877540025347e-08,2.3144628786300995e-05,0.0007229366465676401,8.400221734636868e-07,4.01583836945347e-08,1.360973458969875e-06,5.230227316388449e-09,2.7711086751961486e-08,1.0378346897365145e-08,2.1446329057641328e-07,0.0,6.611154894205678e-06,4.920597007384516e-08,1.269579895485154e-05,0.0
623,4.446713620561886e-08,0.0,4.825501580144085e-08,4.660390728905157e-08,0.0,7.1478656757821434e-09,0.0,0.0,2.6493376032543133e-08,0.0,0.0,0.0,0.0,0.0,2.8933819299226497e-08,1.1830687166969674e-08,1.335355335655593e-08,4.4584349563157173e-08,5.649265959421999e-09,0.0,0.0,0.0,2.902975629025937e-08,0.0,3.9482943416617134e-08,3.908219928990722e-08,0.0,0.0,4.200679414248497e-08,0.0,0.0,1.6338424521454307e-08,0.0,0.0,3.117006747727223e-08,3.626949998708559e-08,0.0,2.5165466948510307e-08,3.4427816433709374e-08,0.0,3.1258831959270144e-08,0.0,1.3461235798644591e-09,0.0,0.0,0.0,4.0029057098201336e-08,0.0,4.742974119380972e-09,0.0,3.622013226313183e-09,0.0,2.4722641187772476e-09,0.0,4.13943137295543e-08,2.1385955096626196e-08,0.0,3.8510413232786804e-08,1.9073933849422098e-10,7.511466781906506e-09,5.027339264695005e-10,1.1442139020461097e-08,2.473736564645199e-08,0.0,4.947053724263956e-09,1.4102260748999506e-08,0.0,0.0069215258045006115,0.0,0.0006836207019263668,1.5564394946812697e-08
624,0.0,0.0,0.0,7.992773116981334e-09,3.0851116351785144e-08,6.027261978558048e-09,0.0,4.2454014039439266e-08,0.0,1.940767116570794e-08,0.0,0.0,1.3805821538720084e-08,0.0,3.287262815968607e-08,0.0,0.0,1.1271483595334828e-08,4.091995040071333e-08,1.7234463545018988e-09,2.4499443463763127e-08,0.0,0.0,5.99644993656448e-09,1.6816266423735622e-08,3.6489217053895604e-08,0.0,0.0,2.5539975125314244e-08,5.157718038986679e-08,0.0,1.6298911979088964e-08,3.730606409668503e-08,0.0,9.88073218092739e-09,1.536613224681016e-08,0.0,0.0,0.0,3.44249316749193e-08,2.074720904604377e-08,0.0,5.25970124190958e-09,0.0,4.761035797574406e-08,0.0,1.1233850289772658e-08,0.0,0.0,3.071238618735134e-08,2.051847120657253e-08,2.507734532860483e-09,2.5304057266743014e-08,0.0,0.0,0.0,4.4646333823386876e-08,0.0,1.832568416962317e-08,3.111541320755981e-09,2.2342873995384593e-08,2.5983064450206216e-08,4.0091828677912176e-08,0.0,2.8454469067194838e-08,5.478062973943412e-08,3.12999558171954e-08,5.688058681737877e-05,3.460130255253978e-08,5.57417575256419e-06,3.8967281357360396e-08
711AS,0.00026155281251430835,0.0,2.125792907004794e-06,0.0,0.00016305406830320105,0.00015955279356287308,0.0001815371553172047,0.0003718065732844742,0.00037079720539779124,0.0002470332088474023,0.0002617834029549201,0.0001622239000556685,1.3715999178158247e-05,4.649370243721399e-05,6.0431938410950764e-05,3.974229537737402e-05,0.00026062479467132586,0.00017385929297858302,0.00014676570484474245,8.147231505479594e-05,3.0443232910744534e-05,0.0003662173978089964,0.0005520311110612662,7.891143798764197e-05,4.4771315642032065e-05,0.0004586531698148683,0.00204886336755345,0.0024410145384383517,0.0017718111374819218,0.00035146413990401096,0.0006923912882238786,3.659233979502348e-08,0.0017319239419542232,3.849847262927397e-08,0.0001467706757308787,0.00025593404547153917,4.974447880372277e-08,0.001077715709216262,5.7484565862955275e-05,0.00031703073785215453,0.053972487687308376,0.031096047420355016,0.000793885791274289,0.0027225437272565675,0.001388199610201957,0.0001990709092195866,0.0019551262128354517,4.034292541372955e-07,0.0040987810210114444,0.0009227814168169032,0.0016901238448399243,0.0018061843184877292,0.002123295007824126,0.005825529274216296,0.0023808779437949827,0.0012038196386532363,0.001336555849038031,0.0012159953253898328,0.0017681993338666217,0.0011047295173428606,0.00500627442704511,0.13512517793981738,0.006220610347922315,0.000965236842624264,0.0045967181518950205,0.0021410175583099654,0.0,6.594340677254523e-05,0.0004923388813610618,0.0009197324900959455,0.0001808697049524285
713,0.0001636780978548863,1.232408115717907e-05,0.0,1.4828961032594529e-05,0.00021262331281403,0.0001879783239923402,0.0002524147246915226,0.00024765733779226717,0.0003889040980603717,0.00011324305854861809,0.00017674899846627763,0.00010325017192643342,1.2718789233008082e-05,2.2737299602663875e-05,4.0999195523782974e-05,2.6792452273742123e-05,0.00023669167975056885,0.00012490517913385244,7.387597067227732e-05,1.9083933965931788e-05,5.247645866674392e-06,0.00017890642901552433,0.0003427541094996777,2.7692014731857907e-05,3.292119007181203e-05,0.00021328760357933527,0.0007335011782463326,9.193224744620358e-05,0.0003905752674859691,2.0995875920580993e-05,0.0006518953948334766,1.6902137740160355e-06,1.0704453422907013e-05,0.0,4.1208956201572376e-09,0.0,0.0,0.00010601715049068704,1.924612171982744e-05,0.00012924118809536008,0.00021528960510772257,0.00011934181418116671,0.0005800041042481363,0.0011642531837931607,0.0008264807949271137,7.686085910352911e-05,0.00042070787795796645,6.044361769351663e-07,2.6666415543210893e-08,0.0006109792886759373,0.000643399786855605,0.0012381561590608227,0.0004760516030387831,0.0021256526085739816,0.0011332766541983642,0.0007664665085756948,0.0004133432350039692,0.0009340101805024441,4.53417727271699e-05,0.0004063296839082571,0.0009115491644318683,0.0005910581895215766,0.001268536951814836,0.0013380383604379294,0.0012457554630684446,0.0001528889970309193,0.002735904086651508,4.0037199897399025e-05,2.8124773701189525e-05,0.0012615731664165541,0.0002590020237757148
721,2.8612197651610267e-06,2.058854660010849e-08,4.9153103413831065e-06,0.00010387184495525708,0.0010226489426757664,0.0013245717068913095,0.0003137511414316379,0.0011777054066762333,0.0016188272760625758,0.0005992894528062149,0.0009248294470652144,0.0005829854676624999,7.061735721470124e-05,0.00023947118302320046,0.0003085488853187554,0.00013925658483229382,0.0011598500599742892,0.000701059884828666,0.0003884146116353467,0.0002296745285914006,7.771931321102677e-05,0.0009283256833948964,0.0023456917425388464,0.00014485672643671876,0.0001921699657699624,0.001189067411801917,0.0017295398608705372,0.0001649638182973788,0.00020821448678813955,0.00019896039479243608,0.00023669319702115604,0.0,0.00018183334650564197,0.0,0.0,0.0,0.00025190455742883736,0.001275616234461684,0.00010886030698563358,0.0007461608276992756,0.0014792732015236193,0.0007002992386115152,0.004344225294667188,0.006766350204363553,0.004866431772301583,0.0004400474738780146,0.0025055283452227167,4.194399418816157e-06,0.008573289531688746,0.003922490812746278,0.002922634075181468,0.0073488229969230524,0.0022213848114346554,0.0012385418454232545,0.004857419147363296,0.005191889879168931,0.0025277089915610403,0.0035662875624252106,0.00027812775318204405,0.001379377350529875,0.002076283087459614,0.000688257345497075,0.001922723720999424,0.001036447649839345,0.004134597611467454,0.0007586281009740758,0.00724607257675989,0.004672389625426991,0.0006581335763898795,0.001931503871490144,0.0006582664520406702
722,0.001013624638104708,0.0001758178456924527,5.2630417572565693e-05,0.0003488186096300529,0.0020336608382270404,0.002585106107730477,0.00036434597693016125,0.0016896608664802315,0.001992454495630446,0.0009825320472735914,0.0010887229025938457,0.0007270634496398014,7.708561362840598e-05,0.0004550117460747521,0.00034160871344296657,0.00019724528991026588,0.0012748148649850985,0.0007957101564187584,0.0005897081258030598,0.0005758801972895688,0.00027328426894093825,0.001374911879920542,0.0021553241570846367,0.0003080317332267321,0.00022804520025939798,0.0014693424635603466,0.00412089113723836,0.003690338377772793,0.003127188128956434,0.0039445887315100875,0.0031268635210087094,0.02966082108074374,3.631235148723809e-05,0.0003041815902934528,0.0017721789647667816,0.0016309006395646237,0.0014818300240890838,0.0054805756156428576,0.002006061874576753,0.0006622221991707247,0.0019003493813338902,0.0006555041003545695,0.0036536328612214114,0.010146706263666747,0.0048512999211718635,0.0023120847501168387,0.005953006604642224,3.292177709529353e-06,0.025085468082467165,0.010095216785357077,0.005308823911240508,0.009497252206619953,0.006164165219642181,0.005991125083269376,0.009702202503212225,0.00484791998395802,0.003002386595877145,0.022050294974655334,0.022237970120939927,0.032403138640278516,0.018247891305595083,0.0025876344900266786,0.011150697806648117,0.04313841399102593,0.008825138531504129,0.0018423139386953497,0.0025774039708641246,0.0014638085530724986,0.0038244231498208983,0.008813342632687314,0.0019877823545623257
81,0.0007752434663038587,0.0011622290731354756,0.00031591967353309514,0.0013223122407027635,0.001656607571334606,0.001187414475937997,0.0045393732057310504,0.0038107655091758445,0.008368658386573061,0.004761230791727085,0.004472205133218203,0.002321665411565735,0.0012996987485884997,0.0018669691150499097,0.0012673130478414783,0.0014102825316830892,0.00233377584435559,0.0022970328039109166,0.002415660431562525,0.002098463566810192,0.0004659383888776785,0.0068196379326992095,0.004329313100838975,0.001535255603959255,0.0025852021935262224,0.003983728257387567,0.008851346590627699,0.008478157547909008,0.00782095738478156,0.007663813881347824,0.004918005774173035,0.002193999431017098,0.001183619525502782,0.013602142050429781,0.017614428284222126,0.02428041291189522,0.00973514665926132,0.006470280313308781,0.005405710144085179,0.0022309290638898517,0.0011400405593373587,0.005037071345722337,0.0023737578014828083,0.005092456099332167,0.00652176187072994,0.0035905402796875025,0.0010100447561704948,0.008275559763844427,0.0035230563423175004,0.016277067256984794,0.002242898368233849,0.0029189280102052692,0.004085955044222468,0.007727914691079227,0.014477028458980653,0.04163542856579706,0.006104338847854322,0.004421158637406235,0.010899325241895734,0.005623558715232717,0.003911343275973939,0.0043830791019830425,0.009278989402254226,0.005259958015442716,0.010066822516753875,0.007475985557681919,0.00677711671275142,0.027128548486089053,0.0066829955017795135,0.01824121221332659,0.012843686848496502
GFGD,0.0,0.0,0.0,0.0,0.0,0.0,0.0,0.0,0.0,0.0,0.0,0.0,0.0,0.0,0.0,0.0,0.0,0.0,0.0,0.0,0.0,0.0,0.0,0.0,0.0,0.0,0.0,0.0,0.0,0.0,0.0,0.0,0.0,0.0,0.0,0.0,0.0,0.0,0.0,0.0,0.0,0.0,0.0,0.0,0.0,0.0,0.0,0.0,0.0,0.0,0.0,0.0,0.0,0.0,0.0,0.0,0.0,0.0,0.0,0.0,0.0,0.0,0.0,0.0,0.0,0.0,0.0,0.0,0.0,0.0,0.0
GFGN,0.0020547320934542535,0.0005434583244735547,0.0026770265464430482,0.0001261874436713129,0.0014244982822376948,0.0014476678917262808,0.0011181160490583914,0.00245905635614632,0.0024358570014957883,0.00244925761122899,0.00195533718960146,0.003009450994725675,0.007265057158914541,0.0026835708954735106,0.002936902421814979,0.0010997955654201373,0.0015565092151560813,0.0018342347309716473,0.002044108122628568,0.0015933693267498642,0.00045505796901007295,0.0034817090502526423,0.002966052592044928,0.007981653347111643,0.0021322024164384694,0.0026236207377232546,0.0032189890110275766,0.00027438028157188924,0.0016397048280716495,0.0030644634531238413,0.002168302698826824,0.06832959073253742,0.001106690475945607,0.031554831911559396,0.0015986112565412546,0.00010266736889160121,0.002126267591056554,0.0022116355983913404,0.000665429458505882,0.000985177755308354,0.0017851695126444907,0.006620734699205549,0.0009340214865369517,0.0024936738494683273,0.06042405604749142,0.0012196636850557723,0.00047054779783212516,1.4453979344242269e-05,0.00029545988943988446,0.004615180439794456,0.0002660054342989148,0.002713492791244876,0.001093426604347606,0.002185412553859651,0.0011287843731656252,0.0004971500622678233,0.000785929609665834,1.691349310139646e-07,3.758346594791211e-07,0.0013902778605944302,3.6520144058183513e-07,0.001556101324758946,0.0022375919884818746,0.0037032974268789583,0.0026645687160263055,0.004076268801108409,0.011957632203981678,0.003240664700845608,4.4845896996789795e-05,6.349727905677827e-07,7.477131914620263e-07
GFE,0.0005956840073726196,8.215110349460658e-05,0.0005856517553025474,0.0011280247759195875,0.00010368190834544968,0.0017488042440818832,0.0001742617945388318,0.0003939477649613835,0.0009552065807483223,0.0006760286867360924,0.000682206903519961,0.0007067828881100938,0.00022468872407761182,0.00112452938696483,0.00012890246268584102,0.00021206984070514876,0.0002643129335310118,0.00020628680626353429,0.0002682387893043314,0.0004079463526238768,3.7489425802147915e-05,0.0008565198073318908,0.0009666447413307468,0.0003338894609967441,0.0004952297509645224,0.0005327090634909512,0.00816570451650132,0.003477095426662469,0.002864192211596961,0.0018223919291214452,0.003962575389178277,0.00023433422900218844,2.345683743246733e-05,0.035365140959933976,0.004748409964867867,0.0031528260777420533,0.003059757800763831,0.0025489229898605498,0.004300310220835401,0.0004143706445737927,0.001292982332260481,0.00037840970881093645,0.001727741404724341,0.001231112984566785,0.0035670902827842584,0.0009015537779395428,0.0003866285467674972,1.2675867224002965e-05,0.0009557319594116065,0.0038563247217384064,0.0006682808913536842,0.0006157745523363532,0.0007694077475919975,0.0004189765302774824,0.0009935925977947724,0.0014097028036814156,0.0007223623761896545,0.0010104752271702319,0.0032414871907537972,0.0014051490092239307,0.0021659457655636423,0.000919492249319426,0.0012173072834703804,0.00515746114653874,0.007599114679780502,0.000719641693905779,0.00018225125921304233,0.00031122652903226977,0.0020865378262513445,0.0012562596516296966,0.0007215043096695355
GSLG,0.0015207565148629325,0.0032133198697629132,0.00012975771359072992,0.00014840249943655766,0.002686535994780488,0.0036565251927389956,0.0006557873509809178,0.00226251683885668,0.00024577032985031424,0.03025935873460032,0.0005314743112095163,8.512709964256334e-05,2.6665948990587237e-05,7.173201327732066e-05,3.213125296999297e-05,6.720514636365288e-05,0.00017071304616946505,0.0001119365699569996,0.00033088761986935873,0.00011137663282452695,0.00022670591923671887,0.0006348478948298697,0.00019853092107971915,6.438483806231686e-05,0.00016462993456437433,0.00024776090522150905,0.00035494135248255215,0.0005306627214090069,0.0007260950889183556,0.00011012288815588857,0.0007244695538694949,0.0,0.00017701720859435475,0.0,0.0003130894552484863,0.00015622647400540234,0.0008299242831038172,0.004308396759241824,0.00017139168816496705,9.015753790587823e-05,0.0004841228514366323,0.0003306949855210616,0.00020878812314589475,0.00018498361786073255,0.00013334141721282203,9.971815709109601e-05,0.00016221172541819347,1.5016320995325652e-06,0.00269738362040074,0.00026883637706007815,0.0001557206628117554,0.00018526169848526294,0.00016228934566888547,0.0002002653064530014,0.0004859813965442102,0.005858893732421354,0.0029998926429395927,0.0005236009176820237,0.0008590954134162053,0.0003000578579567369,0.00023700611661540825,0.006196315023169832,0.001406330421357198,0.0003537508369574509,0.00036950661168273704,0.018197465901522266,0.00010812628724079882,0.00030990611946280226,0.0007156379939306388,0.002442643779178688,0.001025976855699537
GSLE,0.004975750151481847,0.0003597820345064446,0.00504342865560703,0.009643542395696536,0.0007969304461961504,0.014383184842362149,0.0018532450819364514,0.004507491629817033,0.010396248506732073,0.005755768555541195,0.004396483114568321,0.002221158943767053,0.0011427665575952412,0.00260245244643252,0.0012515992820974796,0.0021785827917903695,0.003501641703419059,0.0019146449645511712,0.003515497617818702,0.0044472137724946015,0.00042207944004481174,0.009199768465726203,0.005497470122052808,0.0030504704641082184,0.005530291542252895,0.005818143797663478,0.0049683191973823055,0.007585707949993091,0.01096165304711347,0.008503490056052235,0.006325813602796303,0.006552726372125696,0.0012400788654157767,0.005115152999280985,0.010872262312396616,0.0021696140229996446,0.010133863155420286,0.007620238429341965,0.00889501893868318,0.0009066921202877143,0.0018580196790022867,0.002887573520483826,0.0028715160339761302,0.0023110277161078868,0.0025796996598908455,0.0007878576375645801,0.0025385809374031646,8.371044892896401e-05,0.008796094294454831,0.005753538082704415,0.0027737865235169475,0.0014869690106738985,0.002415243106697498,0.00343465484238508,0.0030483865698705064,0.01309097079567415,0.005220231409088679,0.002897986325755096,0.005059218664830115,0.007597476507463044,0.004215491769898707,0.00464977910202199,0.008293631266546206,0.009481156826830163,0.008027835413447619,0.0051780112433142695,0.0039893218836216295,0.002024891689154698,0.010583671793913521,0.006566167548439536,0.009010468406383643
