bea_code,111CA,113FF,211,212,213,22,23,321,327,331,332,333,334,335,3361MV,3364OT,337,339,311FT,313TT,315AL,322,323,324,325,326,42,441,445,452,4A0,481,482,483,484,485,486,487OS,493,511,512,513,514,521CI,523,524,525,HS,ORE,532RL,5411,5415,5412OP,55,561,562,61,621,622,623,624,711AS,713,721,722,81,GFGD,GFGN,GFE,GSLG,GSLE
111CA,0.21450222543801056,0.013355108625261467,2.3530003715002845e-08,0.00032451507735627193,0.00013773718490065265,8.373882454835591e-07,0.0007838369646579577,0.00837273860661899,1.2328203474480263e-06,4.545411945937024e-07,5.147294927345291e-07,4.7175238563509736e-07,1.1634714959587213e-07,5.669415640312217e-07,5.472431811374974e-07,1.5913055931906343e-07,9.350590937901853e-05,0.001915668388348054,0.21777456143900462,0.032516101461930215,0.0007104670136170405,0.0011655743368154871,1.9553140702454896e-05,7.222163769136387e-08,0.017978534473020148,0.0005160789021477097,2.4062044182134403e-05,0.0019311742966476339,0.0013684277993884356,2.5218677020317356e-05,0.00031328409557304296,2.1652291757624124e-08,2.5265827398816997e-06,1.0171949185852932e-08,4.7176542993425604e-08,2.7196639038709213e-08,2.2152773103891215e-08,0.00011189886032786222,1.3105549087497522e-07,6.429860514210974e-07,8.5980635634273e-07,4.2781895423890415e-07,2.7543033356994688e-06,4.215325867956324e-06,2.669365214625459e-06,2.2704396063007257e-07,1.235947235990254e-06,9.021764142471946e-08,3.6026701718614394e-06,1.582776712854913e-06,5.204317047631012e-06,4.764682042628873e-06,0.0005201991898863116,5.019990178219289e-05,0.001611582977820681,1.8644432436483086e-06,0.00050555831206939,2.341450492284194e-06,1.6919557559856017e-07,9.475670149069759e-07,2.3918248422053558e-06,6.53677611770899e-06,0.0026021661901789684,0.0002940111367851315,0.004489321904185859,2.202944821587928e-05,2.3991014650521933e-05,0.0,1.2265422372337892e-05,0.0013532511735765199,2.39112769821403e-06
113FF,0.054755335596796365,0.09649217905345842,2.7732817243965294e-08,0.000858556953106929,4.934595629468526e-08,0.0,4.08977084604138e-08,0.08926695375394549,2.4559838472525766e-06,2.0323367056474373e-09,1.6866693941299108e-08,0.0,1.0646272117768525e-08,0.0,2.598866174775213e-08,0.0,0.0009188924207768371,0.001251913898475265,0.006965350057046156,2.0020722115763174e-06,0.007592417690380842,0.012432735273611701,0.0002000244296671922,0.0,0.0003601290840904055,0.005501698601038297,0.0,8.273763534197236e-08,0.002141506178771865,4.2277270022532554e-08,1.868821249321133e-08,0.0,0.0,9.475643207981643e-09,0.0,0.0,0.0,2.6987580457039344e-06,0.0,0.0,0.0,1.559781740173092e-08,0.0,0.0,1.9928731589811213e-08,0.0,3.198025132996877e-09,1.6736088612672734e-09,4.791707499264263e-09,3.382560181720287e-08,3.6104138089864724e-08,3.544892618398861e-08,0.00014589512153970376,3.1472249778136955e-05,1.7636937922746181e-06,3.727010785945633e-08,0.0001406565983759932,3.0255962945481176e-08,3.282628589323593e-08,0.0,0.0,0.0,0.0009540201823450912,0.0012351105579778805,0.004100694072459538,7.299084498886236e-05,4.862552808001575e-08,0.0,0.00013056198879666725,0.0013285207055271147,3.836133822579784e-08
211,0.001171428880751093,0.00016601761589564085,0.048670126761006016,0.002009095489798184,0.001059173652853328,0.029059644202736927,0.001154699323043632,0.0004220208062914229,0.00028805160604471034,0.0003525106274445229,0.0001676767378728917,0.0001556062741898107,2.933022980046047e-05,0.0002575666247968625,6.474544827758251e-05,3.357492207496811e-05,0.0001872604973082588,0.00032921873322680977,0.00015987402362226848,0.00013717211929445427,1.1207914194452186e-05,0.00042259366535193666,0.00031331825197482294,0.4770910788335113,0.005577915398745159,0.00023322179891894357,0.00010238516425993855,0.00014551233486448929,9.59626000101098e-05,5.817995599162769e-05,8.353349057882251e-05,0.005408290969814289,0.0029790071072882548,0.0035969999165506262,0.0022861283389858395,0.0011984792412808693,0.0004047419789350264,0.0020414862479620453,0.001891346432630004,0.00020308062220383578,3.596242438781563e-05,3.796310295596164e-05,9.367695832484944e-05,0.00022130127082230902,0.00028223034724454005,3.896412563641054e-06,0.00023038945834158648,7.28215964410975e-07,0.0002300102461501119,0.0002080882473619188,7.99110343165128e-06,0.0001146017975876974,6.126722861062115e-05,7.686428926130443e-05,0.00025822170019788523,0.0006450132503252157,0.0008603069417955955,5.04976902924567e-05,8.363553134699694e-05,0.00017123316620232522,0.0001885201325979036,6.059502436592727e-05,0.00035690015514558063,0.00019060134410749764,0.00018798645391528292,0.00014771135155413142,0.0010279376308324957,0.00012737307252128717,0.010916298611410618,0.0016747062652425183,0.03563855018200076
212,0.0032123100302841384,4.4458607838875004e-05,0.0003544817377048278,0.07012512123073855,0.0010720446708090163,0.009980487655362557,0.008348405842721285,0.0001757827063721207,0.06922252707457648,0.031696346078547565,0.0013023713902429812,0.00028672458419530745,4.260680460041416e-05,0.0006645355333504609,0.00017340931022699147,0.00025942810717726004,0.00026637450170562956,0.0007407967286664111,0.0012322708210317863,0.0013942298440997674,1.2251487381357053e-05,0.006962486817322516,0.00011958842959648471,0.005423412839536991,0.0074861442117115685,0.0012179432575269817,1.0523997905330515e-05,2.95566181979405e-06,1.6422634094913766e-06,7.089256210693256e-07,4.590710745007151e-06,2.0609101479586844e-05,0.0013764644516698393,1.3929674146360389e-05,2.452539860617111e-05,9.78661852516643e-06,9.110961253717439e-07,1.3396882267576859e-05,2.501523191129464e-05,4.4309164753637374e-05,0.00010460325800983812,0.00030912402050951317,0.0013940458150303698,1.0099682129431267e-06,1.4830365325457929e-06,2.8905086435171965e-07,8.731681138567713e-07,2.329201870559787e-06,2.2273057566341263e-05,4.117285821533457e-06,8.143523158512446e-07,2.3928273457245107e-06,0.0006639469638702346,5.7589113023360704e-05,0.0007815679857154433,0.0004146260018193514,0.0012724205845736614,9.82595573492465e-05,7.363984180337618e-05,0.00015445494485364882,0.0005324960937710426,0.0011939080496100212,0.003297797080521587,0.0005211892714595508,0.0006419124123504827,0.0012165227092644966,1.8660064514517915e-05,0.005117291327957778,6.480307163468677e-06,0.0008680437674885458,0.012112657680156735
213,8.239612738131145e-06,1.2570392008766053e-06,0.07153881376261054,0.013203088863540996,0.026012588210903576,4.604522757397363e-06,7.151968393266535e-05,4.0308231538767564e-05,2.2150184436573686e-05,2.820605872106337e-05,0.00015768649313923147,9.718080896719048e-05,3.5002432205117305e-05,0.00011033197163318938,5.842526762003336e-05,5.671673198542749e-05,8.462672092539765e-05,4.48332101079325e-05,2.5115133317911763e-05,1.4894970734304134e-05,3.351271186955145e-06,4.575267599030087e-05,1.3868059908208225e-05,8.167691095615678e-06,1.9941695217281477e-05,4.672496018450812e-05,1.6890891296282123e-06,1.752162512845561e-06,1.2919197140050536e-06,8.894640020323088e-07,2.0529427069094343e-06,1.0800822422503214e-05,1.1797883776711245e-05,5.0545630587998686e-05,1.0060046495691713e-05,6.688270027994886e-06,4.980752175503352e-05,5.3364347222895606e-06,1.137805028616675e-05,2.6801904855283045e-06,4.833260651285985e-07,1.708306083225231e-05,5.911502086206621e-06,9.357645727243576e-07,1.015739032802185e-06,3.176686501227442e-08,5.915730697946632e-07,4.258442121671139e-08,1.5869754873368116e-06,6.059109624351401e-06,7.552811547386025e-08,6.797725191143505e-06,1.90884466155238e-05,6.045143772596927e-06,3.5345759994937837e-06,4.117088993867904e-05,2.481345990608348e-06,5.467346356854484e-07,2.8073872610396423e-06,3.872989724785336e-07,1.2580064430771314e-05,2.2062793821764305e-07,3.889666897668969e-06,8.131211089903279e-06,4.5553031189251894e-06,6.846373249625424e-06,1.6087495459050655e-05,5.092523536573002e-06,5.124377343873281e-06,4.708155540291855e-06,2.5863586187892825e-05
22,0.0185903032079212,0.0006318898088630974,0.018637506887426724,0.037708295304095286,0.004080414375641017,0.046126098513410874,0.0038639349552370087,0.01219574410670613,0.023457603026680894,0.016792931821123094,0.010264739735078566,0.005285924075310312,0.003962684244677773,0.004991480519654436,0.003938833646280466,0.0074480700971867216,0.006645330305002613,0.004952470012084138,0.007349454152980986,0.01460810791646661,0.0011921058013468272,0.023746968840610994,0.01216798798064406,0.009030204448647005,0.015126184459715997,0.015903097693944473,0.005474033970169407,0.01121075954969823,0.030774498576892576,0.026795087618245866,0.012096664482661734,0.004123093021994574,0.0006679299740481768,0.0031455915729092627,0.008866416176407717,0.003330814571911317,0.022305736336786237,0.004439526721056065,0.014443186791294518,0.0016865271960953454,0.002183469352338835,0.005603623022538514,0.007358991240984779,0.0023708571364369126,0.0016963946144207983,0.0004449099591925689,0.009110032776544336,5.781124778635545e-05,0.019871829294943518,0.002538155781941845,0.0014676088432722604,0.0011813457189915385,0.002111530582102547,0.00691005390671343,0.0024628371431239695,0.009408296523933157,0.009967528952035813,0.0029404240095033023,0.007202050014252169,0.011560694369036159,0.0041693202245168485,0.004098720081380972,0.014746745815028422,0.022139708633002405,0.016852792235953203,0.006435255691172792,0.004810081004573891,0.002786228537955254,0.023891469569973525,0.007353719731914023,0.007867857916902754
23,0.003936964005465182,0.00029857900237500876,0.0004987255317992901,0.03979865625401593,0.01857971746561502,0.01133762274276039,0.0001541400570944651,0.0028455658307042953,0.006743723903394438,0.004500837717425537,0.0038057365744343288,0.002459509505628697,0.0017665940368169883,0.0013742118835438416,0.0013163466246301529,0.00141455070566655,0.0018589799707613775,0.0022179369465196203,0.0021061345282282983,0.0023802376867191138,0.0003051292931757532,0.005796248926567539,0.0037635745802245576,0.015688773146801428,0.002930839154793389,0.003342206754779956,0.0017603615420834918,0.004386944667345104,0.004160919422143446,0.008578607860528475,0.0034405579818258952,0.0012072714992932669,0.02930472736523859,0.0007513399978493838,0.0013307710558218208,0.005202504577073414,0.018016882843088104,0.004845124809481075,0.006475447597943081,0.0003645774715622085,0.00044396552584774604,0.0027599910691997556,0.0019677888913363153,0.005420582361213461,0.0029136585491972527,0.0007145848235634407,0.0005427435427521684,0.03191218847659419,0.0301164648058094,0.002180364804174514,0.0005269081084669939,0.00013906152158876215,0.001238818543044749,0.0013921376217251814,0.0008956258866466856,0.001158032967829217,0.0010418598818331022,0.0006568161782313833,0.0013986472837009267,0.0025800774255350946,0.0024384653863479097,0.00086286049877365,0.0032245471709543673,0.020128582185750272,0.002734014263514498,0.004097660578396792,0.01481419568798111,0.0012944574353509165,0.007428992411935146,0.014565928535954143,0.15171583707116454
321,0.0014800775656603556,0.0009798786281807255,2.0792184265038327e-05,0.0018267686179942327,0.00222106247470145,0.00024452342148978114,0.0224138739366695,0.21335054425020028,0.0015025386547745838,0.004686345825596874,0.0006098408127316593,0.0020130438454667287,0.0009533069276865768,0.0052900944355819815,0.004624175060117268,0.0006444753540440827,0.07895593748867935,0.007377213846450088,0.000395862519496736,0.0011025016773737392,2.9139171067230453e-05,0.021079754244840532,3.274030282171797e-05,6.423795317839796e-06,0.00037329260088841867,0.007655222163062967,0.0028679878492979764,0.0004524854419437433,0.0024318036383323663,0.0005516551680669783,0.0008436966404973974,0.0,0.027784359718879548,0.0,0.0004622423388424228,4.111085129491545e-06,0.00028753695336958756,0.0003757334939372874,0.000905397608540077,0.00010640424788420091,0.0004955984127475862,0.0008793942609087421,0.0022273883270950323,0.0002129575780558962,1.0884331450584003e-05,3.9182235544274676e-07,9.621632170255862e-08,1.3833402061295952e-05,0.005219286462038789,0.0010000252771281432,3.471192387065484e-05,6.333059863710109e-05,0.0004341722732120062,1.8474584248372883e-05,0.0009448845494930771,0.0002656146746715886,0.00012826752385550715,0.0003133984454517622,0.0005452764127624045,2.052267198375722e-05,0.002429456209982332,2.520961607914617e-05,0.0008872668535515048,0.0032744376259590128,0.0007689836098535385,0.0011399471144766043,4.0474668722251685e-05,0.00010530882727426395,3.444672948587717e-05,0.0009381520991443614,0.0008623765422805535
327,8.417402061517391e-05,3.5386312587475425e-05,0.003714359368395427,0.005720512583669844,0.0073442904845078824,0.0001808261633777756,0.03892067770902267,0.008304613082767663,0.10725522253097075,0.008530553917779498,0.003836045834408218,0.004225316451016052,0.0009724147165635523,0.014018332591851129,0.010825373792678516,0.000874155360548659,0.004440395124385736,0.004896118453324647,0.0038073522574127794,0.0006869788705324844,0.00012178026861641563,0.002551556745977538,7.544524145847006e-05,0.002802667745687658,0.00207186282091958,0.007428701858716936,3.504255191421283e-05,0.0005919854776050071,0.0001725468493923503,1.5121741788991405e-05,0.0003879313068869261,2.0465929814167147e-05,0.00020784702687754936,1.5955643626608992e-05,0.0002913610208860975,9.523168472947317e-06,8.8932387960594e-06,6.51104137363352e-05,0.0005041657134968308,6.0108742975016025e-06,1.0528629963478025e-05,0.0027249463541468787,0.0014989700125897195,2.4224919818692656e-05,4.2714341379835483e-05,3.492887536717534e-05,8.166556238909478e-07,4.290434897877184e-05,5.3301998181854e-05,0.001498193983380555,5.955014924599629e-07,0.00032568664362633127,0.002411981167417594,6.234975898752983e-05,0.00081938657348434,0.002139327018159869,0.00022615286084602202,0.0018831741386615994,0.0025848484468032435,0.000511788724042032,0.001709336690193232,6.518558472530156e-05,0.0007154457390866016,0.0004093894707592359,0.0020103882687355678,0.001711424628234426,0.00011678819101072985,0.0011120482842504357,9.4063195989839e-06,0.0005154780603215509,0.008428257969074489
331,0.00031740065172812325,0.00012437072414320753,0.015907411474884822,0.00561133588663448,0.004278308260974339,0.000517423070266976,0.0029346235239642365,0.002654417509831672,0.011737410625132193,0.27243432408808665,0.1973545363660402,0.09868400800249875,0.015937363320603287,0.11227616495098007,0.0671106250537145,0.02291584727558046,0.04396608068259844,0.038792483305268584,0.002419926910333584,0.0017913579237267636,1.4740277161334102e-05,0.006015611348659616,0.00021690689222391362,0.00013557162167106998,0.00023001731111433121,0.007035359362301952,0.00024088128667051534,2.3282518262074574e-05,8.813157278039696e-06,1.3496776024914805e-05,3.483117113379111e-05,0.000182942593412019,0.008213511863089938,0.0001435776425588932,0.00015380419462795002,7.032240807687423e-05,0.00032647695833163114,0.0010469236650779397,9.596977672587511e-05,3.942341654835975e-05,8.679938544330804e-05,0.0005680250801687511,0.0011951137214574583,1.1338874248997742e-05,1.3769389555003144e-05,5.813147238223588e-07,1.0474278947760056e-05,5.496330358366494e-07,0.0015814795360683824,0.00023131026316584963,7.798652094375863e-07,3.82306758461854e-05,0.0008325415281293588,9.834700511485666e-05,0.0005547497995897137,0.0024693951265309126,0.0006108760225477134,0.00015752848559650513,4.9256757035297565e-05,7.081008360297034e-05,0.0011496880868777134,7.83456578753627e-05,0.001819049259512744,0.0001607386179057129,0.0001408177004925233,0.0022805019901440877,0.0005929825580223677,0.0012201687940282852,5.09418112720998e-05,0.00010492314135738515,0.0022263455728901284
332,0.004421292471071813,0.0014515009560911645,0.02739805711530042,0.012688264899756654,0.010836633060839167,0.004316950506990535,0.04900048908804431,0.02810628605276964,0.01561436660360999,0.056191458690018035,0.11232855489665328,0.06921882833165716,0.02456820838294558,0.07798618170052019,0.04210698386049771,0.03977271645265327,0.05932382160991969,0.03159816053814161,0.017326578741618377,0.010735415758532938,0.0025180003716288885,0.034223893604888776,0.009476887594506782,0.003569789358790149,0.013138343640531668,0.0326232504802147,0.0011339241520477933,0.0011273516004578624,0.0007976120551620168,0.000584729627051862,0.0014565569259970504,0.0010780318462710388,0.004994173581286484,0.02992882583255847,0.004654815477456323,0.0033025992377426244,0.03535889663841764,0.003479879706502576,0.006390449962884533,0.0018446219360154909,0.0005306378144846008,0.011868418960111496,0.004062906967604397,0.0003957539985995667,0.0003635120631938748,1.1397461375623974e-05,0.00017139998015917537,1.324365904212843e-05,0.0009319854260875764,0.004024516513445895,7.981699992700214e-05,0.004609889332831778,0.00301112878940985,0.0010806138431187719,0.0021961582972933966,0.02809628618745565,0.0018263303754287154,0.0003641374176665278,0.001923281387766193,0.0001426643212021596,0.008576231790255079,0.0,0.0033467607001742023,0.005424648274548018,0.0029900495509492856,0.01361806020582789,0.01003977631956379,0.0034648103984849573,0.0025734094879951265,0.0014362435774224747,0.01484891685881494
333,0.004769345607543531,0.0005061771499789738,0.02585684493780835,0.03960563124056631,0.042074720266965855,0.002516100532055091,0.0197807145833404,0.003862935112424657,0.0006283473074212812,0.006510885473508444,0.013551360822493799,0.08765739879477064,0.001548526823523055,0.01618437506115877,0.048117190553496725,0.010996801455759883,0.0014907737590568436,0.0047039207251037335,0.0038916352191531844,0.0005889319531569776,7.210072933382855e-05,0.00613022859516865,0.014555987159605594,0.00013220964413901876,0.004897179425539655,0.0074577408754872175,0.0007920402418995178,0.0006536633742531377,0.000550103089170454,0.0006072374044231693,0.0005992383645956539,0.0,0.0007550910617396679,0.000759728885964058,0.0011038577955439326,0.0004474381732619131,0.0017979034390461029,0.01681880160045285,0.011870870311970854,0.00017862938029304635,0.0002512657331199616,0.0014520762864602352,0.001751945575402677,1.0705684818237953e-05,8.883607526763101e-05,0.00048291299461252526,8.681324585953368e-06,1.8812985102765507e-05,0.00010481542170917378,0.0018520498895058372,6.285178299421677e-05,0.003695572831161636,0.001324990687635773,0.000447757114467402,0.003130567764425892,0.0367260206547449,0.006687092561794644,0.0006937734471374439,0.0010570224436691263,0.0007078338532259011,0.0008763856838211902,0.00010185625569445669,0.0010909214975381738,0.00022769480323692887,0.0006469537383575722,0.007659230872146213,0.002841152217141342,0.0005637273020981796,0.0007924994438719659,0.0016483573325434832,0.006087506108231983
334,0.00011005767371136073,1.4422062926643544e-05,0.0002592581510943396,0.00035847486483028135,0.0009767585902304928,0.00016759591502302497,0.0034921442956267375,0.008139835753615059,0.003568248478790214,0.004583952887016113,0.012473569536925922,0.015022739096816536,0.10537850803413251,0.023986603694824388,0.022600226123706522,0.038187473532385295,0.009849503612404767,0.012142539523306404,0.002726698538221355,0.0056694979821209895,0.0008529531031751144,0.003607682204444407,0.00915424618085075,0.000659474669407573,0.005016044135001616,0.007720352530865765,0.014396892669195334,0.002233535277134405,0.00120345268623629,0.0015394796674794537,0.000794118240760163,3.247904951148124e-05,0.0005982112982003117,5.3163850066143025e-05,0.00044751882433295974,3.25220939616139e-05,0.00017399907629212262,0.00022969133063024212,0.0008222087969982275,0.005582272351613785,0.0036288977067805853,0.016158022596542813,0.01368791592392943,0.0004536563613987825,0.0012037015272463852,4.291773462624688e-05,0.005927488646323594,3.0150971900966697e-07,0.0003083630602735755,0.00030796993673937515,0.002479741894902676,0.008453579921107394,0.004132808496420539,0.008138720601795251,0.004895206112592857,0.006665552670381655,0.003292542333573214,0.007139840051996802,0.0010608689499633293,0.0005336291046383355,0.00189927556050063,0.00010075641717740592,0.0005886130988093166,0.0008678161790751253,0.0001447561199387799,0.006063486875835701,0.020876635956036834,0.007876861095985808,5.023552983601261e-06,0.000743713021712697,0.004316495628223777
335,0.004689321732257365,0.000562497344423763,0.00040526158828159165,0.000621646546455206,0.0033150357434616378,3.5992169686613695e-05,0.018823925329322456,0.0034311455443076237,0.0007140114691955109,0.006935000582325584,0.007660876757261553,0.03515065923882573,0.007767360855235275,0.07419569037585083,0.009087166115771133,0.0042409055880101975,0.001369802676626848,0.005238997169838477,0.001279936744092757,0.0007155266743375533,6.250341390089216e-05,0.0020611838344138603,0.0006871960110186086,0.0003002304425569897,0.0014360481333449311,0.0036471158027793354,0.0007365710188387779,0.00103004436013601,0.0004389526199282458,0.0038840181684248825,0.0002747801024890851,1.1108841236894048e-05,0.0020146144678727675,0.0002997488609344876,0.0002002574745315901,0.0016615336072697358,8.469306991813375e-05,0.0004210888993576378,0.0008335484896678649,1.8432393587206947e-05,4.218408048249264e-06,0.003877500775568638,0.00048590457805907543,0.00013343755186641092,0.00010964323515751014,3.1147237699982315e-05,5.19801191490171e-06,1.6797544513520337e-06,0.0008934448371805072,0.0006118017069579122,3.4957509716181708e-06,0.005287400843649284,0.002626902819437188,0.00012336017087314187,0.0018922912070546128,0.007925335042821991,0.0012478579711621756,2.3321108931279052e-05,0.0010520310431650348,0.0031933639662874887,0.0017289420263175057,0.00020017787023843443,0.002194099495617497,0.0024443276772011615,0.00043515662992320915,0.004375612967861498,0.003613285265387937,0.008061484194389746,0.0005964653901432376,0.00048139241896961706,0.00881654838716611
3361MV,0.0029574649400365798,0.0009485503293574485,0.0036351860542121668,0.010026576658254998,0.004915193427755709,0.00039148138015696537,0.001445009818350461,0.015642127037657404,0.0037140322000800813,0.006463122107771217,0.004462848936035522,0.032483789762551625,0.0034453565544833,0.0062216118177572015,0.29197456633196595,0.009666925560122849,0.0066040438031985844,0.005552588819610844,0.005224588807358874,0.003361961528008303,0.0011781626125298267,0.007245333283378204,0.0015692508168312182,0.0004196500278813467,0.0019822016265921096,0.0029344042818637535,0.0036087060527740036,0.0057197874431343925,0.007426352303672078,0.0014218953721779912,0.003949475285730627,7.302699498637991e-06,0.000983302359507776,0.0001624315238186773,0.01602238051235796,0.005159440035075306,0.0002924492211191352,0.0008015173626679598,0.01301034949034055,0.0004915786135401709,0.0008666486087030661,0.001547958252075207,0.00078634320916394,0.00013788057487345497,3.9697853974055935e-05,2.8120909671864477e-06,2.060682142596586e-06,1.4304580215113947e-07,7.132303430409413e-06,0.00480628212573418,1.1645974928927175e-06,0.00019669983979609952,0.0017530244134959085,0.0010155081510497467,0.011785243173947487,0.011826581001143442,0.0017968544277674173,0.0006183583320889788,0.0023700248058744692,0.0006554356650200268,0.009691912001530049,0.0003129135685528391,0.0007605585104899085,0.0008200179557675301,0.0011675977826327484,0.01636208547270237,0.012875037982672033,0.00037828918607125966,0.03793256691322037,0.002984202651319775,0.0035337838405424464
3364OT,3.782350283720207e-05,0.0001671602961591226,5.501523368044297e-05,0.00012537175748196302,0.00010718595272706495,3.7799914596847145e-05,0.00015183964857015477,0.0002026116169530393,3.5728688212988064e-05,0.00044291752710521817,0.00035359841733717366,0.0008808469290507161,0.00023863986920289482,0.00039095088900325837,0.0020970595279816736,0.2383694856093238,9.601681820093769e-05,0.00010206258335842458,5.114544712362719e-05,3.522044527469708e-05,8.59732237760989e-06,0.00010017327706721377,5.9700060821732295e-05,8.215169344621359e-06,4.777852365797332e-05,0.00011473631059339944,4.5359010387795906e-05,2.9338362556923844e-05,3.220920473884066e-05,2.2501022286806695e-05,1.920305341021062e-05,0.0053067987818198265,0.01422899152084098,0.018354692745701846,8.149375708829193e-05,0.0009870930818787272,3.551237987885061e-05,0.011268520933216189,6.321520118981876e-05,1.2764420530904677e-05,1.2356868948490809e-05,6.1004196207422773e-05,3.24615497801314e-05,1.92720467364037e-06,2.9602648407216265e-06,1.1986109398032886e-06,1.0304059712524513e-05,4.045006127509423e-08,4.650814784596973e-06,2.462230059042621e-05,4.372379987120561e-06,4.215469645362007e-05,0.0007774141536707861,2.3122576259426773e-05,0.00012190264822518555,0.0008392006340479719,2.7835683149142538e-05,2.1637176813132464e-05,2.057666721770096e-05,1.9224763916880675e-05,4.992929599288309e-05,0.0,0.00013652619655892632,1.6057671726636522e-05,1.2132536115588821e-05,0.0003420816475774438,0.06669442425544149,0.002974726094187223,0.00013914535693792537,1.8000341791582792e-05,0.000274638125296494
337,9.018522942858085e-06,3.957920939347415e-06,1.3572713403379633e-05,1.754493772290935e-05,1.7658545183836213e-05,1.2202077363263447e-06,0.009303186156622687,0.004114604668258616,3.8653383223584726e-05,3.77198620469346e-05,5.326365811789426e-05,0.0007106612544521385,0.00018516118675127803,7.666247505272688e-05,8.747614258267412e-05,0.0006198852747809931,0.04691418335200359,0.0006595002794075946,9.507176466480298e-06,0.0002498207425669918,0.00014179090977271824,0.0001052135755718559,1.462596687506325e-05,2.7077512541262707e-06,1.0696967907138843e-05,0.0013183498418290046,0.0003301938684702111,0.0003165531461448796,9.893077023008614e-06,2.2468045676827693e-05,0.0011381903317880181,5.618031326998008e-07,8.801764106837741e-05,1.0706235228509003e-05,3.1866966843439176e-06,2.058184663628135e-06,1.0682901905250574e-05,4.854742309804848e-06,7.664535280023402e-06,4.6333916786832795e-06,5.838776986994154e-06,0.00011820830026901915,0.0006929787120529214,1.567103466617149e-06,1.46932639572752e-06,9.600521989831174e-07,5.507064280743892e-07,0.0010110787532566009,7.191073055748676e-05,6.149134380476526e-06,2.7766606738299466e-05,9.408400095844666e-06,0.00024508800600388947,1.062177388275067e-05,1.0840624199430358e-05,2.0823289904333616e-05,3.938937947776468e-06,0.00018792771242766412,0.00016022754519001928,1.8680566718153255e-05,0.0007046917560420363,0.0014373450379416431,0.0016958005893035312,3.193002858026044e-05,0.0002504152037534677,0.0004071548168932331,1.1660117224044575e-05,6.61365334599809e-06,0.0011341496584050812,8.163409857489105e-06,0.002526496683590208
339,0.00030772395581842504,1.9981214614220527e-05,0.00019383772553513724,0.00043109164635728235,0.00025766642520319496,4.07848773225515e-05,0.0009119448805196404,0.00054929156146163,0.0006120804605606513,0.0001917501390632668,0.00046172350970590247,0.005403987633780704,0.00032378136407833235,0.003961934890466337,0.0036822806470199485,0.0003071042366799274,0.000682525166483046,0.041427443662883534,0.00018260446776814751,0.0008755774078379703,0.008010896632583867,0.00025858711032243273,0.0012774286473961932,3.685729457971378e-05,0.0006336647970348828,0.0009361030157928233,0.000534507001519484,0.0014334789037726177,0.000495159465868908,0.00012341674189065183,0.0008438161119229346,1.566507195402922e-05,8.861157778769597e-05,0.00011966965727522232,4.8619258469515664e-05,0.0002346410542607962,0.00013218481409348168,0.000488099875771389,0.0009117313219206847,0.00014217870265506873,0.00011974525959637243,0.000314493771663135,0.0003834464782147813,0.00011813566268857827,0.0001339904016293311,7.696643522747916e-05,3.7176301391365144e-05,4.8898871374131655e-06,0.0002283936137088217,0.000208786447599758,8.281104094936439e-05,0.00014083016474789018,0.0010620557062536492,0.0001422235754379433,0.0019380821752882132,0.0024413530555734233,0.0010333677726051412,0.01510156308285831,0.025893745010879016,0.0021051751089122836,0.005930337543506663,0.0003466225124584289,0.0014637927609423556,0.00026601287928382233,0.0007251100381520594,0.001770276138400429,0.0021746021741505077,0.0009524185609234092,0.00011107080735680911,0.0021884667105571067,0.00028545544716533026
311FT,0.07058704672618275,0.0021227759752638934,4.948120123596815e-05,4.967380625220199e-05,3.306303004780185e-05,7.378302459586104e-06,1.9325400109203746e-05,0.00026623692973995244,0.003025945441814685,3.7811675485713684e-05,4.009903771779411e-05,1.7534317639249086e-05,1.873974406910176e-05,4.46112317323418e-05,9.6487964699625e-05,9.620200444479824e-06,6.560828503125074e-05,0.00018529409945754766,0.17392957246393237,0.0010142930018230485,0.011247659265632128,0.0018926878416578126,0.003848828705289795,0.0009958608684305934,0.006828646344856919,0.0013769732169635258,0.0009999386951606319,7.507609408159068e-06,0.0021703731750895173,0.0007613424238766659,9.453211123919815e-06,0.001904608331833826,2.8721553808450957e-05,0.007054611954160528,7.334399275520639e-05,4.643257899688395e-06,7.383845294887674e-07,3.1059165178121e-05,8.526881386811217e-06,6.130305711222828e-05,0.00010389369574823225,3.552567157107919e-05,0.0003217241830120597,5.635668001532185e-07,7.503021308829207e-07,3.64294846349283e-07,2.674932283965288e-07,3.3330718339528657e-07,1.8282573762137982e-05,1.3994441083711577e-05,9.171585052862674e-07,1.5271997583959332e-06,0.002601170035019603,0.00012412134652237325,2.76966641471499e-05,5.39900510398206e-05,0.015735764004491823,8.40665691278554e-05,0.006797761041117735,0.018336770406556645,0.0676841557282038,0.004253853751099461,0.024731100379173938,0.018677608377946103,0.07565825663120243,0.0015031189312435915,0.005329826592915154,0.00013270170317952078,0.008271693550764412,0.02261748808321441,2.0939420208948845e-05
313TT,0.0004417648182979115,0.0004042562789123802,0.00010442510781212798,0.00015170774280106377,8.39493384779347e-05,1.0926197211498424e-05,0.0010227712548652416,0.0043640285391149235,0.0021854986077526313,3.634151262992366e-05,0.0001226053924024661,0.001754095971328903,8.249884856098365e-05,0.00014723003327156962,0.004502675683307903,0.0033825053165971396,0.03551910302634918,0.012136751964338806,0.00029489950203768497,0.15604151399936295,0.08424734637940279,0.01783020325667425,0.002683005227421157,0.0003754891822749136,0.0012863862821467585,0.011036260065119402,0.0011000604743482926,0.00018694595697627068,0.0004239656046839224,0.012366364599122668,0.0014293979921006575,4.272030865231228e-06,1.5349878100348834e-05,0.0009573432616859391,7.623796526817685e-05,1.0296652808934487e-05,4.190574228759847e-05,0.000221417443995937,7.36810914373335e-05,2.9272813818717003e-05,0.00190021443192735,4.3020263030521115e-05,4.507649327656013e-05,2.834050584147914e-06,6.04374209520153e-06,1.0278122888446356e-05,6.58554656469901e-07,1.2404546318972786e-06,0.00014488522648364342,0.00034462609694539746,5.759772742593536e-06,1.3897965943080477e-05,0.0002864532175185359,3.9386211399085044e-05,0.00019331545436860915,0.0012939348856903549,0.00017249172949767176,0.0002469568111378974,0.0005435807278067453,0.008020051076907508,0.005603178758845858,2.6461742123136692e-05,0.002680703663369411,0.006485262923136575,0.0003554960574509449,0.0007519275699537995,0.002022439086286491,0.0007729382241634705,0.00010064008105689064,0.0008737665941417435,0.00011435358323669492
315AL,0.00023961533647813655,6.077754857989842e-06,4.4246750726656726e-06,5.083449772920165e-06,4.451465634362746e-06,4.1046791805258715e-07,1.8975632246450703e-05,3.440471202121737e-05,5.487992817865337e-05,3.3332381006488643e-06,3.849619800466761e-06,1.356270573508469e-05,1.654242886944485e-06,7.641744291387286e-06,0.0017944353089427002,2.2294996423538915e-05,0.00023196356835588955,0.0014069827487912323,0.00014322709746544815,0.009536300243926427,0.06736747003805443,0.0001221939940014354,0.02559112074079523,1.3752494893963939e-05,4.886374109897192e-05,0.00011114516990623976,0.0002419047985630621,0.00020546276278054465,2.047217683053746e-05,0.0008540176092702681,0.0002443975063908784,1.427228621871505e-06,5.780027320020172e-07,1.1248528017988179e-05,7.391123834626423e-07,3.370617827138203e-07,2.566736665525346e-07,1.6788251418625383e-06,1.0303233189574147e-06,2.378247326025553e-06,0.00028665377414674036,0.0011431081411620247,3.4418333522264764e-06,3.03568061319082e-07,5.844433779375976e-07,8.693531613543461e-07,0.0,7.744520110108244e-08,1.9970610019740707e-06,0.0004362433616456004,5.060586539219319e-07,3.779721421894728e-07,1.4370333674841992e-05,1.1953578205985487e-05,0.00014170057397780054,0.0005993107614234683,0.00027903220575805135,6.949341324236491e-05,0.00013838722680639348,6.724933625244801e-05,0.0020885494187025764,0.0006142512411973854,0.00035453174538756406,0.00016580528915613032,0.0005016084040217419,0.002242125608785151,0.0006798443449038963,0.00017328794104375577,0.0018834301669801007,0.0009427432220068575,7.954925017633221e-05
322,0.001118573484013951,0.00011013994653983043,0.0002775573034361823,0.0017883518915909802,0.0009201567300488313,0.00046346465845621183,0.001685949287571466,0.010005481394204908,0.011687595483876382,0.010365717706414647,0.005516404517016817,0.005073211801271879,0.002087186372982007,0.009296405134272942,0.007621839648178448,0.00158420532708832,0.01830392771290536,0.014812084201203949,0.025847998470339643,0.008315197107212267,0.0011535350559644007,0.23436866363527353,0.10785487036661821,0.0006734386031051851,0.008625825580673306,0.01805886818221456,0.0030413830589267523,0.00051557188584822,0.0030995381471240727,0.0012948082691145197,0.0012147738298581353,0.00011412597640332303,0.0012569997061750101,0.0,0.0005582532491510298,0.016637430731814867,0.001381723664935623,0.006924529393000878,0.0016747620393676504,0.003385348743184183,0.000495490306456573,0.0003904122616119161,0.0005426077752512783,0.0008529264582572308,0.0006361989512385305,0.0009492475832788837,1.3698786354371406e-05,2.9843303655231763e-07,0.000671361766043785,0.0018799300302362936,0.000987492905555534,0.000924983927399956,0.0014409542710604115,0.0019281151651450645,0.004425810473183666,0.002918795258532118,0.0009687919391618936,0.0011377051118508326,0.001735356809123495,0.0031880007105871823,0.005077897320532577,0.00019161377858141227,0.0008887691976288241,0.012189854436317621,0.004776328052780949,0.0023587853355266407,0.000641317447724,0.004784344745704315,0.0019031225304446608,0.004320860699360884,0.00012123750942510046
323,8.551926077501976e-05,7.225615746463341e-05,0.00011372445375225315,0.0001927287458705953,0.00025598409648162955,0.00037806162612605336,0.0002895733248708982,0.0002860219385190295,0.00021902385645640793,0.0016537758933391794,0.00021818492573474603,0.00021321194723595814,5.400343570322548e-05,0.00019081696567720263,0.00019075995109239457,0.00013378696678943594,0.0007632442259298299,0.0005918265855318491,0.00025962861257695073,0.002080223193829031,0.0011858491863351358,0.0012511650511146455,0.012641403446103316,4.460199296008701e-05,0.0002917449410837161,0.0003945640226038421,0.004899044281049722,0.0011869416904369185,0.0009725509056223372,0.0010174874734604961,0.00514414756102519,6.65452993114965e-05,0.00032571712212148935,0.0003279200145731693,0.0006583315184658179,0.0012422776924057445,0.0004571190031275925,0.0010041265635437888,0.00025240312243981323,0.009056316772517604,0.004970053023346329,0.0008797193784878151,0.008690192583668726,0.0012516513474373743,0.002527442225392581,0.0035778057334594,0.00014476503112156188,7.558479523235906e-06,0.0003988821416200106,0.001129662249302936,0.0019006346424024114,0.0008857871143467215,0.003452948545786843,0.002105255331380669,0.0032290792915653007,0.0003522693970797757,0.0023763989370239116,0.0016339381161474913,0.004387967386419076,0.0008460074375636801,0.007314996072692638,0.003590751253497446,0.0014554417057783492,0.0033241533883007204,0.0011121296419514836,0.0019650568933230633,0.0016342189298091322,0.0033519771335625134,0.0007352587139311766,0.0034591212832675204,0.001465675039160368
324,0.024067623153669348,0.003609806187728059,0.017495279417889104,0.03762070632814967,0.020123090866213687,0.029804808751757218,0.022037606267647822,0.008292492555559179,0.005404176567309571,0.006374669316629116,0.0036683704906573518,0.0024676200055533987,0.0007921671265623553,0.0054001297351596545,0.0013864517516555047,0.0006775072225600611,0.004376189013032572,0.007588816095667565,0.0032280245652316114,0.009353130121212267,0.0003442823965090166,0.009168838478256437,0.006837704037809494,0.03871670913492076,0.022204232605430148,0.012127840976894172,0.0019427779330062041,0.0025929274993383585,0.001835481522927235,0.0010267374066896858,0.0015192920986044425,0.10314893600326293,0.05688368030013214,0.06860137306287284,0.04361159871761186,0.022859876421026836,0.003549901735519936,0.038795922964696604,0.026591180167789996,0.0010097140701937385,0.0006948650184088895,0.0006929628219667771,0.0013302171645602832,0.0042228814165794085,0.00538597335182233,7.213461552349893e-05,0.004393460643182242,1.7744622519607076e-05,0.00422442210317819,0.003965328656102025,0.00015958720278065188,0.0021304145213565722,0.0014866667299153747,0.0014502031519248253,0.005175982301212233,0.012150747648064552,0.004112179434255574,0.001960059478592947,0.0021217929723391887,0.0036263305408528,0.0036403452954566567,0.0012020096733619742,0.004408775296791345,0.0035343430164282976,0.0035826313178518488,0.002833404693913222,0.019738716463579525,0.002545824333632346,0.017212647230267178,0.032303334012563995,0.053535201696371354
325,0.05598584916878285,0.013664341312304554,0.01900057063237608,0.018920572133202192,0.012546596568588688,0.0024438298034262116,0.007362050145438966,0.02817965175096669,0.025078498036611042,0.004853302040517167,0.01523457567201879,0.006792604469093477,0.007569879776102764,0.01693890082971377,0.017431719596713406,0.0038511898261377876,0.024512293442241675,0.04158214699300247,0.009398869589316239,0.2059881764379569,0.00460970550477612,0.042818543760005094,0.038974354032215865,0.06483981885154147,0.24873776951430593,0.23672214259287877,0.0009289629385616684,0.000560550647728924,0.0004485040983990094,0.00020964424659266332,0.0007793362500509632,0.0012889156047954794,0.0032938278470510418,0.0009843726908804697,0.0011239095388436888,0.0005041379291359147,0.00013291964774717017,0.0007573344956522041,0.002986024054803736,0.0007106933358227403,0.0019496411254832492,0.0009596309971182728,0.0019539312698405166,0.0001054491643556428,0.0001753685604430995,7.274773341843694e-05,7.419749159625651e-05,0.0001336320748454203,0.006991586619255811,0.0004092796506436826,0.0002790172859812033,0.0005605117350981802,0.011466937067751847,0.002058681909307239,0.008871119408162646,0.014047144627537771,0.0026116749771677855,0.03109326304011448,0.016709475705235156,0.014366778220060534,0.0029086053795769795,0.0020030394574636757,0.004821026091917672,0.0006967323861343005,0.0017755384955698095,0.006117307302866694,0.005182499444275533,0.005683177540870379,0.0012966307307974924,0.01245520917705528,0.006866480495432424
326,0.004705260862896951,0.0005720466514516833,0.00041556103282146755,0.013917940625530265,0.007180948349172838,0.00021265445136067374,0.015835481083007464,0.009911114593741695,0.0074199267368859284,0.00416407258004334,0.0062873303038937095,0.02478755276143054,0.009047790528778773,0.016600675881288118,0.033972143261001723,0.0093978520908776,0.03753884042655596,0.03129223664993241,0.020103840532989255,0.010880579159511369,0.0051752420112211334,0.01587933848244747,0.025294326355552538,0.0012155926988298561,0.013696467763234379,0.07985524182253534,0.008714689834449755,0.0029260729350312955,0.006275404430872685,0.002073047547309123,0.003646476371459231,0.0016537273418056706,0.00013629153256495944,5.5882262899321785e-06,0.002486718222903457,0.0006794111790981533,0.0023242573028925285,0.007458808376234208,0.0023287679440009952,0.0006504973029124332,0.0006283693365066864,0.006084622336672471,0.0013848449829320338,5.340457762104611e-05,0.00020178863705121647,0.0009085210721914047,4.186909031304641e-06,6.258103804035438e-06,0.0003082513297530698,0.004053564997136801,7.25614889383647e-05,0.003597879869084734,0.003787963188377874,0.00019878641579246746,0.00221190320964645,0.003817332679964097,0.001946693598209461,0.007640737754019987,0.005297190651508939,0.006694278335081454,0.006162756370691901,0.00019117889740958668,0.001331294561459515,0.0008413804735391643,0.007208357613278824,0.004370425912970191,0.005875878819714575,0.001984964000627173,0.0003936582856191314,0.004259416869147203,0.009520320175614555
42,0.11113573387943214,0.022497115681718617,0.027108897654676802,0.049459086542339444,0.030353509344065745,0.013962116295301858,0.052753571241170416,0.09009907492659455,0.04920494851719078,0.0953258760115925,0.05404311728567435,0.07614905440857651,0.042029928483287106,0.07945919500709822,0.1082243886255072,0.03999505584141695,0.07749238107656164,0.06512556184032413,0.09022103685760052,0.0672105378249409,0.06240887434490281,0.07525407921315069,0.051242262833675147,0.04401529384416126,0.0792959278243457,0.079369570166962,0.027413547941305016,0.012378475200344657,0.009213435714366834,0.011250426636810414,0.016418043319296083,0.015337285667158881,0.03112429962583215,0.031555281737634534,0.02529319941804543,0.014468415580667362,0.010310678175106228,0.022590037014887838,0.020394866079452574,0.027325934448720418,0.0026627778635978576,0.015021938393288536,0.008922665191948216,0.002345012655819382,0.0032948414135637472,0.0011157675705230352,0.004454484433682011,0.0002604045585900432,0.004728407541045871,0.04349579969532774,0.0017682138652317654,0.008013053795301348,0.010818322270810206,0.007069180120136139,0.012691244566436785,0.029672908697020686,0.010079004570289287,0.024371071131867098,0.02109076683230266,0.015360274858945543,0.024646985396662064,0.0036553915866835915,0.01999922230281048,0.013295259362673546,0.02936604570473662,0.015074883463827973,0.026645180943383886,0.010591932351149245,0.020423516683933284,0.016896849195238865,0.03642930109112763
441,3.4235783108310864e-05,2.127121498001768e-05,0.0005501936558162318,0.0018512226325918062,0.0012004091174192392,2.784810396919881e-05,0.0011410329759202645,0.002575754602659713,0.0010174377906681752,0.0003772651615363663,0.0009392174089683962,0.0047331172200313805,0.00044248291951801854,2.1388783810303547e-05,0.005122688234942099,0.0015741696002423025,0.0013379001185941381,0.0016123082160669417,0.001379287745904921,0.00034635679802736763,1.1409177481529882e-05,0.0016318077065225795,0.0003919649816923134,4.426778602763676e-06,0.0006038202572208654,0.0005642132609557491,1.2202464362868303e-05,0.0009915775315856301,0.002168106875789909,0.00036919529923942047,0.0011373907173476904,3.8701037888614736e-07,9.328268792120713e-05,0.0,0.003121625376763329,5.314296015016535e-05,8.180309482271915e-06,4.055766577531313e-05,0.00036947124526110137,0.0001278709206933839,0.0002261704654076425,8.388826344660357e-05,2.3742059730384363e-05,3.9661362576608005e-05,1.1067023661326861e-05,1.2054275776481441e-05,0.0,3.0117924924003523e-05,0.000174775290351019,0.001318022432104424,5.7777845519275616e-08,4.2152560807693746e-05,0.0002562066827423276,3.84910874601608e-08,0.0024513827162692035,0.000509351929391829,0.0,3.9562783144739616e-08,3.234348913876463e-08,0.0,0.0,2.2165519549175575e-05,9.636058035867315e-05,0.0001300000461782722,0.00012362357462660789,0.004283505015857082,2.3953793594997153e-08,0.0,7.247447059176288e-08,0.0,8.6089191969341e-06
445,0.00012464166964655768,2.565059280884804e-07,2.5356792463822524e-06,2.5148995416811748e-06,9.19238888414112e-09,0.00015611904684236237,0.00011164591827283873,2.70259410058064e-06,1.515883588517398e-05,6.298679768474865e-07,4.330099538595634e-06,3.8043138523043325e-05,3.9160316174956685e-06,1.6413793545464105e-05,1.2574494929631446e-05,9.435811049959781e-08,7.047424787066107e-05,6.935520114878783e-05,1.3880482876420435e-05,1.5560833215660645e-07,1.0105913527516044e-06,5.141401441403502e-06,0.00019442509222209042,7.334829331054377e-06,6.800697253824397e-05,5.608933255123929e-06,3.4279174788345527e-06,2.1163551958716882e-05,1.3832746637354454e-05,1.9460082291356e-06,9.012174578101386e-06,2.8700010428369417e-07,4.975430181295563e-05,3.832730426024427e-08,0.0005110296014593274,0.0002462175870914789,3.775540899012634e-06,0.00012811181723873717,1.5402824635745505e-07,3.395026316906547e-07,1.0659964081329504e-06,1.1951847752962364e-07,3.093416237677696e-06,3.7785907934668774e-06,4.101956495843906e-06,7.793588578254158e-07,4.03042355975374e-08,2.3066220152128446e-05,1.477628366273755e-05,5.869430994942377e-06,8.615585012802393e-07,1.4281495118736286e-06,2.3467407911121376e-06,0.0,6.699177239069072e-05,1.9391452106640278e-06,1.7746366720662723e-05,1.955379169341827e-06,2.442997399030422e-06,6.716802935776606e-07,3.3338381049015966e-06,6.666121943551382e-07,1.4280338435053606e-06,6.954204754869612e-05,0.0013595820098195133,3.116915194360442e-05,0.0,7.448661619389969e-07,5.286926116240731e-07,2.001987475469164e-06,0.0
452,0.00033980374525924674,6.1299216289258795e-06,3.425761508907464e-05,8.367905570609132e-05,4.552693849903358e-05,0.0004042876628826387,0.0008502690374155203,0.00014216382218885763,8.018783137737167e-05,1.7459643918129873e-05,5.8561495474084765e-05,0.00037997209048382726,3.7406451902147004e-05,8.728316680369393e-05,0.00026679910291468764,6.007990467866029e-05,0.0004225019350993794,0.00042726839208305647,0.00012546298931575205,5.577180966817526e-05,5.407536865175065e-06,8.892708026598748e-05,0.0006505388226423928,1.4450617392782434e-05,0.0002003915526180597,4.925849428353291e-05,1.133950216963006e-05,0.00012100834744932149,0.00017338392475022642,3.2839504421344756e-05,9.678033169093124e-05,1.607687311792324e-06,0.00013874952317576594,4.9441546616752344e-08,0.0014830615481224885,0.0006592514920687518,1.21206459239767e-05,0.0003439103547178371,1.5059839271259902e-05,6.547380013701308e-06,1.189855414906121e-05,3.89448097371834e-06,1.0709771121686208e-05,1.3432259263169387e-05,1.3662283890094818e-05,2.916627768908408e-06,5.594526660315822e-08,0.00012270880869286188,0.0001095247718088443,0.00011088751547415991,3.846557290771676e-06,6.257254358538772e-06,1.922917167114234e-05,0.0,0.00030030860925614624,2.5493434929563587e-05,0.00016537696293996576,8.600076605149672e-06,7.935949286612853e-06,4.583629810021821e-06,1.2264895799291954e-05,1.1419245569470932e-05,1.718822442955392e-05,0.000225613757961892,0.0003037577117963808,0.0003391544731232399,2.2064601479954505e-07,7.615439912406231e-06,1.330272861660523e-06,6.645178132154932e-06,3.1242469020079483e-07
4A0,0.004172163129096476,3.6441371426878363e-06,0.00021922321634979192,0.0014679485254320108,0.0001363748916406025,0.005457208141763693,0.04319820276597927,0.003477823923999318,0.00012896415182213868,8.00325408705291e-05,0.0003753200679252661,0.0028927674484960125,0.0002920538362845998,0.0010173414116613267,0.001339535681361295,0.00018302138269100845,0.004514337084529569,0.004479032790017223,0.001015117492013701,0.0008742679670994314,5.9478981612741376e-05,0.0005025528269262219,0.011829251882170171,0.0005001143170888083,0.004421161497177458,0.000409030085496731,0.00020709447362340564,0.0025264751036317653,0.0010055355999657365,0.002083152861039305,0.0009615026585250153,1.880436337099705e-05,0.0017047576123970928,0.007925086243534073,0.019282742291427044,0.008261730832486061,0.00022512561610026963,0.0057850170337322235,5.391039187065903e-05,3.89614007429308e-05,8.916548349989155e-05,1.8115701153523457e-05,0.00018690790843793966,0.0002277003458594368,0.00024866765625742866,4.728865462191907e-05,0.0,0.0014316717790358523,0.0008141531721625816,0.00038675207119399056,6.0630508657363416e-05,9.273943591849037e-05,0.0001826890866125707,0.0,0.0013521832802815246,0.00017395128318708719,0.00037525053055238646,0.00025245659622112425,0.00015203323993338345,0.00027551413289490627,0.00021484199591221797,0.0013314548349052501,0.001403122184748735,0.004199383169204769,0.005885803666422886,0.0026638765760795785,2.573633151318005e-06,8.889535418578646e-05,1.6366407227775625e-05,9.416050388822251e-05,9.994358338495878e-07
481,0.0017475306714618394,0.0013417601802420322,8.729304530822963e-05,0.00033870699405361447,0.002990215362911194,0.002317967969418269,0.00035778257170337655,0.0027472922932601793,0.0028820045296101544,0.0010727469984058613,0.0015655723130010984,0.0011549226488311178,0.0003415754858302728,0.0004926389284559112,0.0008019318897394181,0.0005910162838292808,0.0019048346172110767,0.0015202421126958928,0.00117430033764041,0.001033935448029979,0.00046917663163101943,0.0013569063377218851,0.0025544960238320412,0.00034414635927849685,0.0007425054545116269,0.002225370305844285,0.00459479676202313,0.0007974622196247882,0.0003180036355644625,0.00038851743980320986,0.0003911829816666734,0.0015343280499882095,0.0003878172528571258,0.004062189856157209,0.007552596422947853,0.0005729643237223893,0.0002262413318518985,0.00544888186501127,0.0031456103978290523,0.0015668339870582259,0.002625375902636951,0.0008522308185098716,0.004985251971480462,0.007477923253606498,0.0072660267154241965,0.00015306388398536976,0.0036258204105541585,4.76359629557812e-06,0.010767009776794468,0.004506815199186618,0.0028574717716407187,0.007759340705365701,0.0035119828524988865,0.000940788417189434,0.006293519930559834,0.005211667980484778,0.003076388683972238,0.003445773475412071,0.0006177734097897609,0.0016573218120629698,0.0037575308531974183,0.0009378635510880468,0.0014659196251893731,0.0010764261555242882,0.0024454568499932706,0.0009138529665546299,0.0171248862797389,0.011314490611907075,0.004810476491574851,0.0021481292610325536,0.0003252183883968027
482,0.006506178655808375,0.00046583954381708274,0.0015632061837174466,0.010411837554138829,0.0015709726552935916,0.004894829288704129,0.0013633937401842367,0.008512577376919853,0.01606969892137496,0.012589423114290668,0.0029532029000414193,0.001584029422972143,0.00026840348059751134,0.00215176814635503,0.002020769571435955,0.000927952715675965,0.0037764475429377395,0.0017512822050262244,0.006682253350141374,0.0015722227376125319,0.00013373278919028345,0.013353947997839215,0.0013564529526846377,0.006448341133086372,0.006472672992349634,0.007357765451883339,0.00014108187776972248,8.149723858287062e-05,0.0002127478319901971,8.887358638196166e-05,0.00010139412637906284,0.0006266478777439893,0.002911045332837814,0.00043985532520391773,0.011067915504556328,0.00029646551881335625,0.00013562409547747406,0.0009929849018653143,0.000252632114464199,7.407952285634593e-05,4.837498332902835e-05,0.0003665795311608599,0.00010549110755941977,6.224373092856429e-05,7.346974053529984e-05,0.00012078412743921992,2.814772524286547e-05,2.608855216673354e-05,0.0002184127897206169,0.00017708801238336614,9.981246835395787e-05,7.545271649604115e-05,0.0003833589001926526,5.7724571198019986e-05,0.0005717142767021516,0.0004400865803280089,0.00019234375678631394,0.0003574424607255241,0.0002451326026542916,0.00032861109311520893,0.0009869041359423826,9.016086912904664e-05,0.000444866543930035,0.0004017723689077208,0.0009755275833844755,0.00019717463528126113,0.0005195929640486481,0.0026754861970776874,0.010489273452447842,0.0009725848584729445,0.0055277804190541
483,0.0014617253839242265,0.00016043150861569854,0.0007930108762017346,0.002179227181941263,0.0005758759832304951,0.0004897050197914631,0.0005612734555279644,7.478249234615877e-05,0.0022563820905174793,0.001758139214705441,0.0003437223948464597,0.00015227686722769552,5.521647169052203e-05,0.00043214764141913625,0.00011142373121209399,7.112913737397173e-05,0.00016523534343514823,0.00034903214644044776,0.0009290150427446382,0.0005731022339387051,6.113315667514949e-06,0.0007282847133188654,9.94446094691973e-06,0.0002657050641218683,0.000977789322164641,0.0005595724385909184,1.2552659539696333e-05,3.846665013937176e-05,2.726024371304849e-05,9.648061000907387e-06,1.8397893364716734e-05,8.52609157647147e-05,0.0001254449942593967,5.790894917490075e-05,5.315158907312085e-05,1.8491355260961287e-05,7.41662358226788e-05,4.1065235056505646e-05,3.3652555270979284e-05,5.253307538525499e-06,3.07397533020771e-06,2.135965335849605e-05,2.19385327216354e-05,4.324297274169197e-06,4.532472739491343e-06,3.4632845040743576e-07,3.3271342749530454e-06,4.945109407460206e-06,3.2164260676998744e-05,2.5920653908551916e-05,2.8753139425365774e-07,1.3898343578933187e-05,0.001008034294578353,6.350479131525188e-05,0.0001324537953616033,0.00013454603577546694,5.001989750360103e-05,0.00014190376583886796,0.0001260701559022206,3.482214055436562e-05,6.183166428557734e-05,1.5245754447305436e-05,6.52695325873666e-05,3.50202139102662e-05,6.338699730895804e-05,4.114079903839373e-05,0.0025195057483640296,0.0005492449429863576,0.00953922252242212,0.00028249260812887535,0.0006536116291309713
484,0.02341647282831546,0.006689020408048269,0.0037920031841302687,0.01292548127735002,0.0052276060555032505,0.0041854974798232565,0.013781142760398895,0.02191663171840287,0.029696831463722973,0.03225641198773941,0.012129013479955026,0.011187261528447342,0.0041868674245378575,0.011983725352515334,0.012079367719002532,0.006019143662596476,0.0172695895317623,0.010496555023659098,0.03277800557255203,0.017115892730791157,0.009920414180858796,0.019129635484334724,0.009749680145665204,0.01393714765525134,0.010510927758016009,0.012297651715553217,0.004963834913289584,0.007559431241567647,0.0061308634886522925,0.004390005676796333,0.006235765497165113,0.013541870294381163,0.006203938861529331,0.007638731107557772,0.03483243105589273,0.003500410697401471,0.003060397546657565,0.021736512017461917,0.011755948933564644,0.0022639174636195285,0.0016095867698980844,0.0016218778163178936,0.0027248058854771966,0.00031877436516394603,0.0007714188661941849,0.0002843198322112991,0.00026456978640676304,5.7936393176318254e-05,0.0017849919286249418,0.002178721529179884,0.0005220451025787298,0.0010556278259521055,0.0024641863764161558,0.0006540816808977556,0.0022338156584336332,0.00804738136275112,0.0017268303772430555,0.0018154787360591417,0.002544547815680408,0.0022007975129530095,0.004649471284003233,0.0011664818996004113,0.004115813701722167,0.002653171757019329,0.003581291895427074,0.002583790155268621,0.010685876199437885,0.00210877000603164,0.013627881368045018,0.0030727719876328173,0.005659413949586226
485,0.0,8.696098003546577e-06,2.5059404475524674e-06,4.956629990009357e-05,0.0009013814158144376,0.001776446682455592,0.0002785351538586282,0.0004992347844814435,0.0007468876579328605,0.00031081079014618575,0.0004664416881306952,0.00032118545263038595,6.699688602441424e-05,9.305356938694698e-05,0.00016831129281154845,0.00010507032372978667,0.0005656482302378288,0.0005110753616533524,0.00019629076831326244,0.00015191064905023337,4.805576591215746e-05,0.0003325394154892432,0.000778480512689411,8.840647705389132e-05,0.00014378109988437082,0.0005636619794874949,0.0006193174176205737,0.00033306338505888596,2.1131850495362442e-05,0.00010312801770772754,0.0001169654932947743,4.479129021047749e-06,0.003241413983399004,0.0,0.0,2.1549925732777808e-08,5.139067223561257e-05,0.0005621198544713053,3.6154983155484995e-05,0.0005596027095767939,0.0008196965589704213,0.0005729363240119927,0.002438905220405361,0.003562305979611593,0.002584735367919183,0.0009506764141287406,0.0012363469017225525,2.4897553179583194e-06,0.004629156467640441,0.002006902020566658,0.0015045143379213098,0.003630884810877459,0.0021232905757275324,0.0003687737074004175,0.002809222280256556,0.001684057701583082,0.001483251275537933,0.0018755204283728126,0.0031870204391264436,0.0022591429361926026,0.0011446783172824723,0.010249789595195269,0.0004173937873136714,0.00044697960677305207,0.0010509911420806747,0.00032817266658905934,7.291246849620549e-05,1.544498616889037e-05,0.0001895597147566752,0.00666085611960795,0.002279989979520496
486,0.0006611286000880827,9.021918892843797e-05,0.021979143342511102,0.0008088916455792198,0.0003409524465007645,0.014202107596342347,0.00025664025278792366,0.00011836301405616113,8.226472269662971e-05,6.76461938733428e-05,5.3453509704428436e-05,4.2238229281458455e-05,9.595556781460772e-06,5.7278133986304124e-05,1.1568426898962535e-05,1.0064317598348381e-05,6.706530156782493e-05,0.00010907149878422227,5.4490083732334585e-05,0.00016484489750290577,4.037868206514958e-06,0.00015098452485252218,0.00010631523773846871,0.0390328174945352,0.0005636182994079112,7.956353589153958e-05,4.215253687565204e-05,5.0196090235978634e-05,3.606299163170725e-05,1.948931533160249e-05,2.948505164049657e-05,0.002044678230164873,0.0011260484266793968,0.0013602460570125196,0.0008640750697776571,0.0004528388179323272,7.782322606453285e-05,0.0007677321270080674,0.0005313405648857956,2.1335030807405416e-05,1.2350837640257646e-05,1.0531016927989407e-05,2.4921900387330273e-05,8.362817413602112e-05,0.00010665806029718563,1.3509364449045028e-06,8.709722553800107e-05,1.9361448584510386e-06,7.555565249414226e-05,7.745915639523306e-05,2.9471734011121322e-06,4.191072856516864e-05,1.5081101203125297e-05,2.6783012972099968e-05,0.00011842628279903947,0.00020765466314825402,8.931159134277959e-05,1.7365454129292802e-05,3.156372108490215e-05,5.831961026849018e-05,7.102797837228297e-05,2.2275871622022252e-05,8.353057728684701e-05,6.811021515715214e-05,6.717743835333974e-05,5.055299377480395e-05,0.0003877356944401521,5.058057155156185e-05,0.005296055615498472,0.0006114427088678921,0.01727350976967276
487OS,3.095495597004419e-05,0.000637018397683319,6.905377743727474e-05,0.005353604433402607,6.028043227722512e-05,0.01484616083620712,1.9131870367215925e-05,0.005262123241538126,0.005690368225083583,0.0005513184541437721,0.0002316614314080433,6.149158293817197e-05,5.6828600218526665e-06,3.381331116407782e-05,3.168797167194903e-05,8.222453544286253e-06,0.002954466569533422,0.0010578961464611924,0.000504223992730748,0.0010524122487293203,1.3009284942473071e-05,0.0026719273059351706,0.003664022594489882,0.00163780118189211,0.00024139040214913243,0.0019451570860483625,0.025175041080868057,0.005393409310716915,0.005862639646421213,0.0019192448828330012,0.010430042762703356,0.09282178565105743,0.013322350681732044,0.059223868808158574,0.10892670127520858,0.009761722711028147,0.012718542571514451,0.09688077042938292,0.035936325298382,0.003000119575075582,0.005790083219247985,0.00013342071549843213,0.0088952962491626,0.0008945940999065922,0.006499317317695814,5.719283058211154e-05,5.193068088281515e-06,8.4161894383584e-08,1.958411012704559e-05,0.008874168572263186,0.0015864471525492397,0.0015040253435584011,0.003683648692649692,0.0008242380449051808,0.0023051862893052953,0.011844798868460852,0.0011164111237431944,0.001701045717573814,0.00481430082622019,0.0012775288681342888,0.004651196906315322,0.002582367256767865,0.0030156227437143197,0.0004091356911262783,0.0008108416642748415,0.0010769293127229098,1.621506450533841e-05,0.0005461697271865746,0.011954167994367973,0.0003454784790265222,0.007650243312170344
493,0.0018671172811257149,0.0,2.0313385785144702e-05,0.001676038689787099,0.0,0.001308568070641972,1.4081825508342446e-08,0.010661459210752159,0.013013570511378933,0.0002928097831324121,0.0016202669786383641,0.0011637167790674034,0.0014075188993454787,0.0006578661794966416,0.00014210295882879697,0.0002677472639291382,0.0013748133820558164,0.0030943351404140096,0.003791293017390431,0.018589418757901117,0.007834364270275606,0.013521752776831717,0.007556034142157229,0.0022299768290823144,0.0036348120472661925,0.01258284130438377,0.012652759040156001,0.02314507841144245,0.024937186596718963,0.017281808535550634,0.02153931672113588,0.000571870685153852,1.6281758658567628e-05,0.015432024701261147,0.015739190057654874,0.002469562045545669,0.009249159130224009,0.004112300326041741,0.04945417417204745,0.0011046503244741893,0.0017306835345393444,0.0004380575868609087,0.0026551857335293744,1.901777746375941e-08,0.0,1.6307923053058977e-05,5.889536138621829e-08,2.1066439132759693e-07,0.000308022336165838,0.0015739007538919751,0.0004817376424290327,0.00042618280942477774,0.0006525470181729383,1.7960798930376046e-05,0.012064655536543765,0.002530541701347195,0.0002505583969660911,0.0006033047875079245,0.0016705978592713743,0.0006909841585149384,0.0010055930977726246,0.0012137167582198219,0.000660988106559823,0.000431514438808744,0.0018372701320546895,0.0007516840418594964,0.0006455391101152212,0.0030759847547118745,0.0,0.002516736116640243,0.0002905029858236407
511,0.00023213774057741685,5.764663922851975e-05,0.0002995667407213323,0.00028956413230115367,0.00029175779153697585,0.001874069339711186,0.0008134551978462592,0.0009144320041219252,0.0010723097866497519,0.00047036856780961533,0.0009097990334444607,0.000750499350780955,0.00025015389864700303,0.0004651992216458044,0.00019799756819873431,0.0009754239443551737,0.0010966746685405063,0.0009466780954137517,0.00034418562965035806,0.00041718515663494724,0.00018946839355552054,0.0006256904746391567,0.0010373944110855704,0.00012797206433630263,0.00021996371937198534,0.0004194283815704935,0.0024069667988801174,0.0037294776807687046,0.001456478051470922,0.0017272144248230061,0.0023215326392225623,0.0004660181841145783,0.0011486064398070798,0.0005361596261854572,0.0002477268426022315,0.0007199354958497444,0.0005314888378894117,0.0019347803977319323,0.0012313606708581318,0.0829436890864842,0.0010944083069062297,0.0015787922899785133,0.009419570852507372,0.00296005022848372,0.0031664578228716624,0.0011433806003578455,0.0024927373007692976,1.3523608955652447e-05,0.0011222678519598986,0.0021700550035537772,0.004426043689750103,0.003107450513888262,0.004310452963806017,0.001992694227992248,0.006375473635562801,0.001858389523282195,0.004144021170736288,0.00191425333192928,0.002883647648042902,0.000996133976840715,0.004746437405864159,0.0012721824714425187,0.0014592774619250704,0.0013097672986782107,0.001596983909007642,0.0017722033252109328,0.001529277964170776,0.003987381634066708,0.001134252972332877,0.00572293135798035,0.0023131780089697524
512,4.843550635424206e-07,4.3860059213801555e-07,9.835321330182554e-07,1.8469641543174593e-06,1.6628671716262189e-06,2.945231496097602e-06,2.510355993297242e-06,1.4112187610401476e-06,1.7268386321046533e-06,9.77717901004571e-07,1.2856290794055816e-06,1.0306573866640767e-06,3.2126496584439763e-07,9.749348047883274e-07,5.150773367568054e-07,7.979915408184184e-07,2.4500627239133116e-06,2.10389698426975e-06,1.2353943208871804e-06,1.288205828224875e-06,5.971528697241814e-07,1.2398417937864585e-06,1.6221668540679726e-06,4.6345792000823763e-07,7.283225886652049e-07,1.5808875264946971e-06,2.9144423562283115e-05,0.0009112076959253289,0.0009903684278396152,2.1118739711810793e-06,8.188861122212665e-06,2.8364856075770803e-05,2.5192109214367006e-06,4.238303330069582e-06,5.038332257753185e-06,1.9576769352133657e-06,0.0006648490402394044,5.1989239653898505e-05,1.6167929487820782e-06,0.00029934936527034985,0.21289483366870787,0.049735379114989084,4.006119123244721e-05,4.3363456436506495e-05,5.935569380158632e-05,3.246827005833515e-06,1.9211398174373354e-06,9.706844066969626e-08,5.352560145202572e-05,0.0006955866003144469,2.4372204839593167e-05,7.81319357161067e-05,0.0016318167470911853,0.0005130405354699241,6.315167312758136e-05,2.243111082149008e-06,0.0015530034039496527,4.8742587626478816e-05,2.2265974720134715e-05,0.0027087172640827464,0.004614282981382836,0.0018568455042023786,0.0001692394306068455,0.002413010937462677,0.00312302342096568,0.0003657336466387759,4.4077540900464784e-05,0.0018995546953122042,0.0006338178749372873,0.0001717495251107325,5.741919205463226e-06
513,0.00227821260865722,0.0003481432598561114,0.0020929231690222936,0.002671232051553083,0.005451848528396633,0.0041996187557047,0.00435486011713454,0.0041161660960652375,0.007431962414233499,0.0017638098580276278,0.0038362100820362134,0.0034183491901587397,0.0012289044044590546,0.001626404460585252,0.0010019194178991452,0.0023806276932534036,0.00393165059669727,0.004100599838844777,0.002105365327635962,0.002510109899085845,0.001214038281854058,0.0024177580043338092,0.006024996822943274,0.00044030768698593854,0.0011081510983504063,0.0026093003190721816,0.00828089188056665,0.00956297845959518,0.005069172195603661,0.002861225643905388,0.008186938741839097,0.007569853875298765,0.0024556514610191067,0.006364346588379901,0.004323657766896325,0.015451964952231528,0.027888749858875864,0.0053242737692181024,0.0033094725261624963,0.008222221134478925,0.010261994287976044,0.11126238544413236,0.0348417371570769,0.010045793433154414,0.01079811469886711,0.004424410932519416,0.00724726443308805,5.037432796098046e-05,0.010432631186880417,0.006224082986178852,0.010707261606390316,0.006329102203022464,0.009336760546188235,0.00679036714368397,0.0145034527772502,0.009629994699078626,0.008221864086791436,0.0061852428076989005,0.005030899430292728,0.006556848384809044,0.004407115064740161,0.005839439965232417,0.009300702217108898,0.016986684805819906,0.00696680752437419,0.0076837322261779735,0.01429120645861155,0.02298985066764248,0.022223296260372994,0.03358930942741751,0.00761625633725814
514,0.0003370492714964884,0.0002901995499777611,0.0008286390131777017,0.0013319619657544658,0.001256134411704947,0.010682280332011506,0.0026023729653836653,0.005831391645943002,0.00853600998873776,0.0031950644368901934,0.0054425633694944785,0.005050216268935895,0.0008310971387941206,0.0035279760613759503,0.0011118291652865325,0.0042775176792134995,0.007567356774240204,0.005779766637888205,0.0023908972372029564,0.0030622205913206284,0.001371012466178713,0.004646041377680241,0.00421059251885681,0.0007185864394550173,0.0012264574517330423,0.0026786572584866306,0.005709618924278935,0.0184624574781259,0.008371706634080005,0.006466566151426434,0.011920510581280267,0.0031584617488000194,0.001719372691853058,0.002799921334829712,0.0009771437677603316,0.0035880532738061426,0.0034359697977681077,0.0037702552407896973,0.0025599683705711637,0.016087619168484144,0.004239270421533092,0.006685130790602381,0.03636646350641548,0.019385564651800608,0.011392550119722247,0.004239591215118513,0.01714939853618993,6.21376913214036e-05,0.003399163486330642,0.004294283765934184,0.012364336611835443,0.009884121623024758,0.01405366253558066,0.007380962304177368,0.033962413612468934,0.01361219537986566,0.01764172365552672,0.0031621859271775163,0.006532583055782855,0.003328816272557061,0.005086254516770424,0.0073713475141560444,0.007748239805110092,0.005795782982357956,0.011507185450205378,0.009551354230402268,0.008560413091092582,0.011189169198134652,0.006557010587791177,0.015332141870971134,0.010805370010618823
521CI,0.01014860579586208,0.006931237389507577,0.010273855596693943,0.014078809213483666,0.014440182876746166,0.013673768500778595,0.00658274411426951,0.006931413961344214,0.00888281214472014,0.005632027484903344,0.006407017391890125,0.006869074389672397,0.009986156351901634,0.009770008556785167,0.006562672981551026,0.0029694330964809067,0.00792509312255574,0.011281105825165349,0.005181453823756044,0.008360594668048676,0.037579821150670586,0.0063369869589972394,0.008084503084256763,0.0028765198857634076,0.006660359600283482,0.00811282701157408,0.019016444657309426,0.012932004207444907,0.010665400522236105,0.01357905726965805,0.010944104595216983,0.013937162151016216,0.09054563545764101,0.036002315195025905,0.013628879593357221,0.054372703842135266,0.06032239867326252,0.009937624149942818,0.007405140183329598,0.013198028736445938,0.009931951072497256,0.02118803000717734,0.011571259800892818,0.08598671226935184,0.10306674739336072,0.0011023961014562196,0.0480810651193186,0.05693766968885123,0.040660320063296645,0.03545079646033546,0.006605802688335025,0.006599120119053791,0.009478633105855927,0.051959481108371765,0.008495125457825775,0.011226685971249983,0.004408156495446857,0.00576288377957721,0.008699896038367004,0.0049457694215526374,0.0054962203682960235,0.006780115217154599,0.012779933038363629,0.01830408525575658,0.014452560043508703,0.012659387059669572,8.321683852122047e-05,0.012180658252606051,0.016254793181122305,0.00992162334661081,0.010312193447314266
523,0.0009172713648872051,0.00029938051822617836,0.00042205628782767524,0.01727828753280637,0.06447404847862671,0.0014708477060471337,0.0007297163264691016,0.00038540343881189257,0.0006577144925668048,0.005785266194946695,0.005111097330591668,0.004359864475971389,0.0006646086461949719,0.0026309659372460038,0.0026924376011711873,0.0014803167721059083,0.006993513769151816,0.005311774782674424,0.00023812527788377792,0.0003324335026141667,0.0006313945592778692,0.00024338854567687254,0.0004569588058245644,0.00012591708079230876,0.00019285113148997967,0.0004741837183054009,0.00171813786965951,0.0006028834681417715,0.0007549559117424168,0.0007497987659705077,0.0007597257071885554,0.007411194088976519,0.006627166488696985,0.011969873317066478,0.0011608811112648666,0.023070350587151806,0.004400189416564105,0.0068458316630643605,0.0002908606359430132,0.000999622352663175,0.003947337235199799,0.0006765374232870278,0.0004411197867845878,0.04391286003152334,0.062280826127748545,0.0032266527481941815,0.5973855992080989,0.001414199623365996,0.005586341077354949,0.006299510629465653,0.0013624817525817584,0.0009666969607138884,0.0013241166131195846,0.014564476144763321,0.0012543156080125838,0.0005156582124955497,0.0006482620022158599,0.001252974043896886,0.011264869059656525,0.0013577975786197311,0.008839176705525687,0.004286203203930284,0.0006461254823863968,0.0008803947819828355,0.01354219844260754,0.0037309191606052726,0.0,0.00030891188980133904,0.0007045039766444701,0.000464920631073928,0.006805493001533355
524,0.009767837875249489,0.006369390013758279,0.012050630210316904,0.010517792129115073,0.033727689387530055,0.0043699924669512065,0.00025996251649358307,0.0024474342888195664,0.009951925024102193,0.0035688670017088122,0.0032740727986525072,0.005031078873806879,0.0011624841068960385,0.008067295592307195,0.006761040406033497,0.00429155794390164,0.00716812628864698,0.004948513241737592,0.005414969720948822,0.006979141821578411,0.004144617384142025,0.0024853032823410172,0.0010414615332793814,0.0008307585259225654,0.004018828454851846,0.0035562200829955064,0.021812316977068598,0.012163138406582097,0.00642557433225726,0.007176389316200456,0.008359588726750787,0.0038059071688615717,0.0005894765385006075,0.017137062397149332,0.036068613115006344,0.10630311979985305,0.009833077813932325,0.01711264413267624,0.020207894824203872,0.0014062785202981585,0.014046077678140952,0.002445829023991221,0.0025948601040299774,0.005381495513075879,0.02149854882327452,0.31837687590030905,0.08575091921373174,0.0026881069534089143,0.03874789845877054,0.026056029860356877,0.008900123205172207,0.004745713070221484,0.0071826950991951835,0.000621165059737647,0.008751440630140052,0.01267573543295054,0.008234026241991963,0.0115034935677011,0.01875518192530697,0.013624196196848003,0.04725978364956917,0.013366197138094118,0.009628209150727202,0.006081959710354484,0.008576167742011453,0.003990787483030257,0.0,0.002379395040109856,0.042787267683892315,0.0016824387554263136,0.032301282644833604
525,4.0006201250295876e-08,0.0,3.757108894129202e-08,0.0,0.0,2.111238423683654e-08,0.0,1.9182095637565967e-09,2.209342598752386e-08,4.5387819365738645e-09,2.4950794904172615e-08,0.0,0.0,0.0,0.0,0.0,1.6099525008054462e-08,2.1735109890864372e-08,0.0,5.063718896526353e-10,0.0,2.8981896553012536e-08,0.0,0.0,2.697518909550534e-08,0.0,0.0,1.763805954263976e-08,2.3219138208870985e-08,0.0,0.0,2.3538553879451846e-08,4.144655488598724e-08,8.067687862109853e-09,0.0,2.7615415657424066e-08,3.3566655910922576e-08,0.0,4.188673119126877e-08,2.8005868093293834e-08,0.0,0.0,1.2165545789541383e-08,0.0,2.103269383048448e-09,0.0032628991391105188,0.051986245343888626,0.0,0.0,0.0,0.0,0.0,1.7964923266404787e-08,0.00013056424237616342,0.0,0.0,0.0,4.2248458504233045e-08,0.0,9.260241727223785e-09,0.0,7.64544723337978e-09,4.566152947685602e-08,1.4372542403234568e-08,4.758488469255675e-08,0.0,8.393016524206555e-09,0.0,0.0,0.000482490944801899,0.0
HS,0.0,0.0,0.0,0.0,0.0,0.0,0.0,0.0,0.0,0.0,0.0,0.0,0.0,0.0,0.0,0.0,0.0,0.0,0.0,0.0,0.0,0.0,0.0,0.0,0.0,0.0,0.0,0.0,0.0,0.0,0.0,0.0,0.0,0.0,0.0,0.0,0.0,0.0,0.0,0.0,0.0,0.0,0.0,0.0,0.0,0.0,0.0,0.0,0.0,0.0,0.0,0.0,0.0,0.0,0.0,0.0,0.0,0.0,0.0,0.0,0.0,0.0,0.0,0.0,0.0,0.0,0.0,0.0,0.0,0.0,0.0
ORE,0.008632660965145072,0.00023915293249805096,0.006148825710159844,0.0022667308237524666,0.007177763944414307,0.016529058606179616,0.008756956320614517,0.005483532501618032,0.006755192075337537,0.0016882877244153137,0.012997608595512532,0.003702603075237837,5.5197144988519055e-05,0.0038360093594380184,0.0002621036043673576,0.0010997027978519945,0.01423175372353196,0.006911418948859402,0.005051966886721174,0.008861382104885287,0.003500628994142887,0.00768675634057939,0.021996591772324277,0.00015299114829990705,0.0011882488698750308,0.010327327898948243,0.03965141042887568,0.051222796728041885,0.10608560420120373,0.07648127637522796,0.10023613217748244,0.0014315061195521593,0.0020638350735022576,0.017514393861520754,0.01866293555913247,0.027697681935860165,0.007536962252861982,0.026962265732959564,0.0665753228151132,0.01660911672607265,0.022546932858874512,0.029759580476763556,0.026579438389340477,0.023019531401118752,0.04728606794825082,0.01922046681091684,0.00440406682798102,0.0022841298886884256,0.1351453182990624,0.026544805626010325,0.05416624670913686,0.0133574059662577,0.051998660068230305,0.06231233584200779,0.03741961478064677,0.02443062815002358,0.0709703434144391,0.04220116016697986,0.08086283732922477,0.10699048277124282,0.05108001177787735,0.06892379637177598,0.09887620595576807,0.025573503693272825,0.05400715148216009,0.07396600838621417,0.0004212484192737104,0.017644501121615874,0.006393356173246934,0.00432890948781316,0.006117133265972777
532RL,0.005080504785322078,0.0009199404914374235,0.013128576343953424,0.026491238426564423,0.03600967272296147,0.0040755754476249975,0.012450094149573218,0.0019232830123180676,0.004761102819737286,0.002209277036052605,0.0041017669113537205,0.003330091943639955,0.0015007763300847077,0.002566891110741554,0.007192040684971446,0.002167416398515447,0.002860716884726974,0.0042380145161994105,0.0029522742987943716,0.0013380143657150372,0.08353859116838878,0.003834333330475806,0.004319807170308843,0.0016620367356586143,0.004172023283719922,0.0031885390391037456,0.009198008928399672,0.0021924896932372685,0.0035688004576351594,0.010118190469613332,0.004707812561622537,0.04398165865033402,0.0680837308744022,0.1234332823683306,0.05103684486258459,0.01319350580143754,0.0011203704272503149,0.008730941399175208,0.028819129259461677,0.0036287824773008855,0.006912149551797852,0.00816938401656071,0.020779728548629216,0.0030638431041153493,0.008870374983482924,0.002537977584169347,0.00023190577800709023,0.0018985607472692683,0.001831173289691001,0.020859010120961807,0.004342283545272685,0.003100373366919691,0.006602539841073414,0.024187309201418268,0.007726316172230359,0.016949081153266477,0.0032982731519592533,0.002963318343520473,0.003685879273816262,0.0017354148154940345,0.0016063366366100167,0.008781318700809976,0.011402207444033563,0.004316650489200928,0.009352868659542548,0.002559861443883421,0.0004948422540094115,0.0003403198144628731,0.001813837676971107,0.002891641460977759,0.0013552131041779966
5411,0.0009644397259253622,0.0008909358953443191,0.0024518362376363552,0.006066141129838868,0.004480476488247245,0.01366057116630977,0.003291660302090327,0.0036721685323412136,0.003124030769852961,0.0017149355257351563,0.004545422912583202,0.002445077301790697,0.0011283688364614678,0.0008234521714904246,0.0015033029814912407,0.0011814061061074968,0.0037054531334170353,0.006999046760834879,0.0011830144845535737,0.0023301043020737045,0.002445876868326966,0.0037041020208109492,0.0031391030112089585,0.001191837171254255,0.0013988037211490024,0.0036334345351978947,0.008121395110372796,0.002032033235443049,0.0028687887754747,0.0028437170495858835,0.003930055522055265,0.001784534039714275,0.012595701587778594,0.004033162302526592,0.0005985620393835011,0.0026737263580268746,0.001578882031656157,0.0023918160645607987,0.0021560594500128786,0.008702254837300171,0.006553282863064026,0.0034409401414199755,0.010338072264543335,0.0050504141663830346,0.019318013832481128,0.011866996478089456,0.01361958265205941,0.0006851938593018683,0.009074700717520257,0.0022799167604890523,0.007137647527923008,0.006094792320511466,0.015468237055091635,0.018139468270704277,0.008156798036452292,0.003962541618047503,0.00135387862641857,0.004208775445960807,0.0197548859636315,0.0063363200916991425,0.003351620220231639,0.011140970697834573,0.012741467094805763,0.002931347342999994,0.0026477192015946526,0.0055262382540272005,5.2347624843634365e-06,0.0002975859603430444,0.0009027019425337063,0.006016807152628263,0.003449551110718703
5415,0.0011321059268966926,0.00028163965233335116,0.012069324980953405,0.006266095999184977,0.0009551281431816371,0.004580858263686547,0.002702987904259526,0.0026148248708962474,0.00282666169438,0.0013272667641141983,0.004171332841638803,0.005314375004742697,0.0014294937995668767,0.0008907543394338813,0.0010132902455746045,0.006207831803091869,0.003215837627068444,0.0031932223732251204,0.0013341051212277055,0.0018875203140390076,0.0005485150053239161,0.0016576263694540346,0.00451433135398039,0.0011227764638267906,0.0005080786142244322,0.0022919017666471215,0.008973055324778871,0.012595511326063258,0.003485028115141415,0.006789096253102912,0.005176846129656966,0.0017822831755618198,0.015814115741463415,0.001452052896584636,0.0017599428043282037,0.003533097604443549,0.0003025982484958253,0.0010345678100061714,0.002361316318021676,0.020697461253848616,0.004490609915711471,0.0044403380543042055,0.026774786778419397,0.006871955302093697,0.013721347455947252,0.005984141355675367,0.007685060791671853,0.0002905621496089576,0.002811084485344866,0.0015264787274196022,0.010357253655684184,0.012073077298673018,0.004918991629906604,0.0035967783805983668,0.0157880492060457,0.004215720417578621,0.005451046696373906,0.0035728663764168843,0.005366824082787888,0.003910726262646701,0.006900345158167609,0.0024609544051065035,0.005976989653785378,0.004161090439876139,0.00483506301498679,0.0035535942495486363,0.007750821651856173,0.02744346008036612,0.0013745826784821802,0.01452116998489508,0.012948415783523919
5412OP,0.00445209994098244,0.003900780829128039,0.009128618359303843,0.016660608629120475,0.014529410524497388,0.02610965233914969,0.02198535104002251,0.012360030965452674,0.015447384024641337,0.008768277072012678,0.011664757697054457,0.008877501549641686,0.003013596421643208,0.008867093071108167,0.0044241059136141256,0.006934257068143948,0.021684675112093998,0.018818099487327,0.01089205577482921,0.011281132522866335,0.0050701388932848325,0.010954671169591475,0.014348779026579123,0.004215185636350357,0.006627470262600172,0.014036652841178296,0.05308849925670433,0.0666799466238975,0.035661954691518935,0.01894522988925129,0.05094684456544843,0.005635859904998144,0.022836622360732157,0.03775600255751708,0.0076028300677992685,0.017821110614481377,0.02637079464285035,0.008122532120526738,0.014628435796315517,0.044667733628870505,0.0397225630778611,0.03613013074509222,0.07575663102187748,0.038293746543845764,0.05952575038112135,0.029272615852745727,0.0171701174610098,0.0008350427558419827,0.03320293883952594,0.021723552048250726,0.023703565003649667,0.039878124401235365,0.07563827489811537,0.06698439835226296,0.04401422277344698,0.01942200791828343,0.017501597449755428,0.020115352379918,0.03773976567530283,0.027671424706135022,0.02237688121842294,0.033441837738702754,0.03637856630230917,0.026462392480677152,0.022001427474056444,0.02658289799964299,0.08329234774310389,0.01905384986489682,0.01570304490933802,0.02602125341152759,0.05087972019610664
55,8.450916887292108e-09,0.0,0.08024895152008844,0.07207450999504572,0.04352113783786556,0.0,0.005778524649444648,0.004104662694547738,0.017545197975644928,0.003963141442811715,0.011719132274875832,0.03436405680608066,0.009137219505137479,0.01582005144822174,0.011695790840587335,0.009789149148977093,0.00644370518426175,0.02643790658844334,0.02920630011945468,0.018033297835067436,0.01754441858439218,0.011785112338873307,0.004051093066413925,0.007411521099549641,0.025680906271286746,0.007637007427641782,0.04607911440676005,0.005754652620071684,0.011697975087961188,0.04154260785332811,0.02402691880713705,0.02521051614216294,0.0,0.03202189610576299,0.010422791095523057,0.003068872223352246,2.4400475861823766e-08,0.028099593437028014,0.01132980858248106,0.008813184256797571,0.0033805151389538295,0.003466704957408664,0.006019842489472768,0.00641423734515887,0.02527178231339295,0.005220161728710234,0.00673016582543291,9.070857754425904e-06,0.015781937492689233,0.03227204044041769,0.011445494121694006,0.007133268963107433,0.012290462018121272,0.0,0.019746451039821724,0.02900111541438832,0.012904791762378486,0.040839711256001256,0.01203571820565246,0.02436563021688095,0.008871306313109367,0.01844975499169069,0.015601895972231218,0.025986763093932545,0.06482401507682088,0.014231558729354103,0.0,3.209978171716047e-08,4.774207632101837e-09,0.0,1.9746683957469155e-08
561,0.0013465204831524216,0.0004126463031740368,0.0017985214090810067,0.006995004385004653,0.01743163249094573,0.02420940564924735,0.004812922101839435,0.006058364491166924,0.009315847975397933,0.015916858159984594,0.026776022622539607,0.008669072803071727,0.004188962540644212,0.004200486943674824,0.004528067688893972,0.01687999737200616,0.005450768818188187,0.011777956338149284,0.004343145999207403,0.005238385553818935,0.02197520196740083,0.008028651046765253,0.032852659593533916,0.004390677691406039,0.006202467929481191,0.008185033644047093,0.03378963686189813,0.02165340754593842,0.012650525153011597,0.020810988100496308,0.01947688306359571,0.018643354340347605,0.01194676354217387,0.12513835777387033,0.02511264826170408,0.09479219236101721,0.052656325747681795,0.03872987351190337,0.041207293498036215,0.04844728927916849,0.012549986539714465,0.042093212487132374,0.05374412789683042,0.022536085426630503,0.026344538394323675,0.011306822901784218,0.0012654565228769374,0.0011287379013045031,0.10159395657561918,0.057918299028678046,0.02701975819019788,0.0535666154865729,0.034940643594052925,0.03107701727804387,0.08619004853055401,0.04112176012960764,0.016358888778485594,0.02543028054294239,0.04613696292637889,0.0377098480768992,0.015370518164107493,0.025258284744008073,0.017725750138394822,0.018698341267601233,0.013036573260652664,0.019985381996390997,0.013300766086116486,0.02685346411048646,0.007720404736201691,0.019136045248033095,0.02196832572794067
562,0.00034717719580643156,0.0002219976069735362,0.0014448538612366305,0.0009178867676111498,0.0015264254125061953,0.0017389072774631322,0.0008754301352397368,0.000830240468534616,0.0014347221586963918,0.010083829427055291,0.0008612743410711906,0.0005364651975480732,0.00022745980119702927,0.000360755455684864,0.00022581117977250601,0.00043403916905025356,0.0009458704347705075,0.0006290443484207308,0.0009583140721647214,0.0009450762260214666,5.536499630803313e-05,0.0019109343530076552,0.0006758094988808941,0.0011155969664918227,0.0016282270887863677,0.0008941510149943629,0.000783010858470922,0.0017209323025051087,0.0010514148854964232,0.0006532760292917384,0.0007486096258787131,0.0002706650608256413,0.001539429365619935,0.0,0.0015416563450139397,0.0004280988436052778,0.003745088282450484,0.0013066019581266949,0.0011618801333560498,9.645468611348422e-05,0.00030673661278077355,6.929387202419346e-05,0.00012025611804084261,0.000300794285309305,0.00017004181464903086,0.0009195281260979942,0.001631646356811197,7.494050977922285e-07,0.028165153724041686,0.0013329187454026994,0.0006165348681472009,0.0004000353643667007,0.0008580229422830482,0.0008479914247862344,0.001734634906773287,0.07678678218084567,0.0007649725210809557,0.0010997696363842502,0.0017244783211201177,0.0022949797656847373,0.0014189874638864,0.0004140237998620536,0.0024335890047616116,0.0028265289623661,0.0013656212331849048,0.0037718398720226424,0.00012489764493334664,0.0019126613870452571,0.002156652275940393,0.007911944249509329,0.009110660755364595
61,3.303075575611495e-06,2.1335252702005685e-06,0.0,0.0,2.2015209951124366e-08,0.0001612113753018609,1.5815138932848162e-06,0.0,2.505138685902699e-08,6.165148010713035e-09,0.0,1.6543648540873897e-08,0.0,0.0,3.05069243658906e-09,3.406422374003078e-08,0.0,4.5122894503151936e-08,3.164135836726815e-08,0.0,4.420072036542812e-08,0.0,0.0001644057277552008,7.469196076626388e-06,0.0,1.786145879264021e-06,0.0005479561992451818,0.00016662746695206407,0.0013095533316678214,0.0,0.0018661543264188642,0.00041820388643932187,9.413916712564233e-05,0.0,0.0,0.0,0.00011701696807978186,8.4115233365822e-05,1.1626425995374053e-08,4.3332670567079766e-08,0.0,1.2979237311741734e-05,0.00016469944871321077,2.4499617407647086e-05,1.0263774746212776e-05,2.1977949659209622e-08,0.0,5.881299824203414e-09,0.0,3.679385197677948e-08,0.0,0.00010826802896549236,1.4170266608699002e-05,0.0,0.00017787642205487747,0.0,0.00553648421722952,6.302194414207682e-08,3.768000419957799e-06,2.0316811126291446e-08,2.841666043156986e-08,0.0104003250156656,0.0010348637453171234,0.0,0.0,0.0015755318752612702,0.0,3.4294880442145284e-05,0.0009583143287487879,0.0028396792063608805,1.6412273415186635e-05
621,0.0,2.7670821367642868e-08,2.4649404077872743e-08,1.235489572134856e-08,0.0,6.42317195100284e-10,0.0,0.0,0.0,2.7495764554592914e-08,0.0,0.0,0.0,1.7483410317479605e-08,0.0,0.0,0.0,2.220636410996961e-08,0.0,1.1467137416274779e-08,2.2531861908886286e-08,1.4853454697508519e-08,1.4667527169776168e-08,3.5504411256790955e-08,0.0,0.0,4.431568064491553e-08,2.0350400621236165e-09,1.1436429931829103e-08,1.0765308360640053e-08,0.0,4.111879033626564e-08,1.6775068530196536e-08,0.0,0.0,2.847949887657497e-08,0.0,4.212078821795988e-08,0.0,0.0,0.0,0.0,3.478066137211587e-08,2.9423062466164653e-09,1.4173036093915725e-08,0.0,0.0,0.0,1.8997319418115983e-10,0.0,3.540528854922807e-08,2.9217419122032487e-08,4.3472808531452496e-05,6.048553932201311e-09,9.556256541447326e-05,0.0,0.0,0.012796494731990515,0.013659366249250661,0.00034162125522937725,0.0,0.0006362271076402186,1.4759227991659167e-05,0.0,6.009825568345272e-09,5.48133860636952e-05,0.0,0.0014043746396075795,2.3722844671579797e-08,0.0042646867549791774,2.9170003128345933e-08
622,3.047274224614039e-09,3.7023553837636004e-08,3.276382135282999e-08,2.9306814830042117e-08,0.0,1.1137256649123914e-08,3.997180485007026e-08,0.0,2.354010092393684e-08,0.0,1.0635426202500462e-08,0.0,3.518351008342018e-08,0.0,0.0,2.426978312746056e-08,3.086348794746868e-09,1.3119582659399845e-08,1.1846020813991827e-08,2.1462673665438983e-08,0.0,0.0,3.334626144480158e-08,0.0,2.8057687801049853e-08,1.1345427370881066e-08,3.6174685158742074e-08,0.0,4.515380375929906e-08,0.0,4.011164774691927e-08,0.0,3.63729650551881e-08,9.740472135175068e-09,2.8646600004976117e-08,2.856346614382361e-08,1.8614400322502728e-08,1.1588281839426194e-08,4.3547538728004905e-08,0.0,0.0,0.0,3.6407910672063226e-08,3.539053521269504e-08,3.604347969384256e-08,0.0,0.0,0.0,0.0,3.1844769838274495e-08,0.0,4.730005015567297e-08,4.4434097486305624e-08,2.941622068188944e-08,2.21193520072384e-07,2.833354629834722e-08,3.898598718281481e-08,2.7377459644838117e-05,0.000842345506315012,7.341850551502905e-07,0.0,1.3953460731263673e-06,2.8664685139366048e-08,4.529000328898715e-08,3.299455715203291e-08,1.2647589752064317e-07,1.3386180909044043e-08,2.9986531299903068e-06,0.0,9.112985265509675e-06,2.0831078211250597e-08
623,0.0,0.0,0.0,0.0,0.0,0.0,1.7722835907586895e-09,2.930220973712802e-09,0.0,1.2618891322187784e-08,0.0,0.0,8.006336005452115e-09,0.0,1.6733348383830307e-08,0.0,1.7817287393875673e-08,0.0,2.669577428420335e-08,3.939402190272526e-08,6.778861018655483e-09,0.0,5.189319432066438e-08,4.55953445772444e-08,7.461742791342197e-09,2.7568018266402107e-08,0.0,0.0,0.0,0.0,0.0,0.0,2.305532083198507e-08,0.0,0.0,1.1085743880598143e-08,7.0322093309809566e-09,0.0,4.882575689690687e-08,1.8561883238813234e-08,0.0,0.0,2.1282587227850887e-08,0.0,0.0,0.0,7.750667692130402e-08,0.0,0.0,0.0,0.0,0.0,4.849741993319594e-08,1.4836100750113987e-08,0.0,2.664916404307789e-08,0.0,2.7776371415245467e-08,0.0,0.0,3.3771120399557105e-08,0.0,2.7346266778912616e-09,3.482865274472634e-08,0.0,0.0,0.0,0.004540596654666101,1.833226656398267e-08,0.000525136136265214,3.1579384303920826e-08
624,2.8082693352960087e-08,3.394840410089475e-08,0.0,6.809247448587448e-09,2.830091832328029e-08,0.0,0.0,0.0,0.0,0.0,2.2731822982704968e-08,0.0,3.733079432945983e-08,3.004900432748272e-08,2.3823547383219708e-08,2.1748882973324525e-08,0.0,0.0,2.598104600073012e-08,0.0,0.0,6.682784541622014e-09,0.0,4.5154515232963406e-08,3.500441733396445e-08,2.5620101385515333e-08,0.0,2.509365674435684e-08,0.0,1.5859365732735384e-08,2.33704496066252e-08,0.0,1.1057415031678456e-08,3.2876234562841996e-08,0.0,4.1644970952594346e-08,0.0,0.0,0.0,0.0,0.0,0.0,0.0,0.0,1.8210162452201507e-08,0.0,0.0,0.0,2.4024270809851054e-08,0.0,3.364829428965153e-08,2.1264680793048893e-08,0.0,0.0,0.0,5.862600609579909e-10,0.0,2.2488587304127303e-08,0.0,0.0,0.0,4.2954904825682396e-08,0.0,3.2064438847039316e-08,1.452944001005871e-09,2.272137728319025e-08,4.0215033078282706e-08,3.3265076356978555e-05,0.0,3.8043950409815966e-06,5.463682999386883e-08
711AS,0.0002108484203018476,0.0,1.660821197494431e-06,1.8532003222557203e-08,0.00020674236405997452,0.00023533622576412695,9.763550441351832e-05,0.00021980648906345896,0.0002808626774867887,0.00019466416533833866,0.00019915915402979003,0.00014563224557788743,2.0250950201624687e-05,3.9815634902421135e-05,5.877879557354914e-05,4.718092391295987e-05,0.00021057845638427564,0.00019458051229871554,0.00011236431524704002,0.00011012275352686714,3.118084011981559e-05,0.00020101052970487583,0.0003660088897691592,7.932923185622863e-05,5.334372199405627e-05,0.00036813214558759864,0.0014814951622683975,0.001276660107273638,0.0015452550885640551,0.00030192077028554077,0.0004970679817692265,2.3897691781038646e-08,0.0018118225498004953,6.004971461839666e-09,0.00016197668178351239,0.0002476371622882773,1.4926377133132773e-08,0.0011916082493038918,4.7953971837590654e-05,0.0004668883977636182,0.0703370873749069,0.03416056911449937,0.0009774304918483978,0.0025220830870748743,0.001283259491217833,0.0001840369145452968,0.0017297576834849238,1.633824025730141e-07,0.0037330010968817267,0.0006627236913536944,0.0014476883455623306,0.0015986386868621942,0.002755977467514846,0.0066538481577101275,0.0020775938958537726,0.0008335944909464567,0.0011561035146524046,0.000877729954108955,0.0014981827947733468,0.0007871737637637546,0.003372739930518731,0.12116905060165828,0.0036740652812272466,0.0007271153813076097,0.003061408734559194,0.0014970284393266457,3.504911162976389e-08,3.9275614127128226e-05,0.0003344153814240037,0.0005311953356847266,7.770213780031885e-05
713,4.211297933064424e-05,2.160126340199992e-06,1.2999199028551434e-08,3.8028166445111417e-06,9.097677841644224e-05,7.678742554225657e-05,4.1777272723394944e-05,4.5031964909090464e-05,8.374383127446298e-05,2.7525849469344538e-05,4.275048664668648e-05,2.7770007249342592e-05,5.928571566178627e-06,5.541702066002696e-06,1.2081393159513402e-05,9.734628796687e-06,5.356233387303284e-05,4.4115305177617715e-05,1.7718428686269346e-05,7.926104224404957e-06,2.0649889580932267e-06,3.021735167401879e-05,7.516854000179828e-05,8.032265217335398e-06,1.2223281634057499e-05,5.3620545276205785e-05,0.00017472684355139878,1.7137538356757247e-05,0.00010094156965566079,5.502563671113302e-06,0.00022943682205601632,3.9183012578340003e-07,2.789405439743872e-06,5.192205641243821e-08,4.285790573009498e-08,2.3607281354664995e-08,0.0,1.6429787874159788e-05,4.713431072855008e-06,5.576229366241746e-05,7.955967077574803e-05,3.2662279623467664e-05,0.00023703479040482078,0.00034871404495122836,0.0002505002893372302,2.1747106563147826e-05,0.00011897306695212513,1.1600995291358442e-07,0.0,0.00013870916739226952,0.00017154929476406605,0.00036769372823609674,0.00017342099116095242,0.001092364316808183,0.00037310528678656735,0.00017210220242467174,0.00013308813015987247,0.00021664056729668913,1.2479405181242023e-05,8.828346948740824e-05,0.00019927162422498263,0.0006083084671974517,0.0010638666098994332,0.0010952001291099356,0.0006200870308364438,3.665292501768879e-05,6.844565980117432e-06,4.603952098485376e-06,5.934667994225707e-06,0.00023711160828088633,0.00021728694232524265
721,2.888849015347643e-06,0.0,4.361106838877888e-06,0.00010457498511126161,0.0017273197363213571,0.0021444332815799454,0.00021589209422953238,0.0008261523035140183,0.0013835836113169702,0.0005739710638460168,0.0008765929735126081,0.0006175455986523263,0.00012752277778173946,0.0001957133875736873,0.00033002918395578005,0.0001995273120277161,0.001050805180041115,0.0009712607882631345,0.00036803380794036693,0.00034520223011800887,0.0001153861471206334,0.0006215828392966894,0.0020358806152160273,0.00016584043478824685,0.0002761708455816845,0.0011998160127882687,0.0015565305011159475,0.00011831426831449739,0.00020251763024605553,0.00020652404171330664,0.00023314151500926426,0.0,0.00018628554550616938,0.0,0.0,2.6353232736776775e-08,0.00020721376959262973,0.0014752339738846685,0.0001040528854699229,0.0012736375491516107,0.0021239576227369663,0.0007540771225427272,0.007770672122531792,0.007992506263734865,0.005813493458135957,0.000492530257765333,0.002793103597923665,2.528370244268375e-06,0.010066729175777672,0.0034719579393482883,0.0030850958159009683,0.0086175937235716,0.0032298539253344805,0.0015524229613386603,0.0056407636847679065,0.004664131242360736,0.002257686035346287,0.003271384148683321,0.00030128468053922206,0.001177769436845003,0.001639447591192731,0.0006827826442027303,0.00135727828873833,0.000880468997708439,0.003066238039300617,0.0007063934241683796,0.004374373399251784,0.002482890152905148,0.0005395180575254086,0.0014080904716808698,0.00046599936007130245
722,0.0010102621554889293,7.672548054594315e-05,4.302215057148351e-05,0.00037551313896475643,0.0033890647316169656,0.004171884810477365,0.00026384240632680795,0.0011715587400052347,0.0017388389785362396,0.0009331300587001237,0.0010321565970601895,0.0008029646363621398,0.00013338798770954079,0.000371517502675536,0.0003776173397218841,0.00026578266787182685,0.0012077337166638978,0.0011048820562539075,0.0005559465222250303,0.0007212310275180045,0.00032351308109885885,0.0009264620401573199,0.0018400222544288011,0.0003574015151934112,0.0003290798697493603,0.0014589047895654406,0.0037737034021890427,0.002545444915908949,0.003184476300833645,0.004156938787781752,0.003191030974291616,0.030064104997235268,3.802820254809471e-05,0.00031576617553508125,0.00240730927493937,0.0017228981008393807,0.0010693695415726913,0.005656193467653508,0.0019478281519644887,0.0011090203276516552,0.0028662708590688874,0.0006915460934905814,0.006339805659517695,0.011406130885430684,0.005759253957282242,0.002793964109386357,0.006513155605519874,1.997042586689281e-06,0.028091973766269828,0.008078637922309574,0.005553218639751542,0.01111510814948292,0.008930516939100266,0.007562932022186869,0.011000978135060574,0.004220750617552332,0.0029505531763168225,0.02099312512767375,0.021416830434722357,0.029104471808187326,0.01472495390428255,0.002601723924055475,0.007369639492573847,0.03816517888454518,0.006170534016889717,0.0019131334036020867,0.0015652176690272438,0.0007881460598496956,0.0031599554813774447,0.004890988252461058,0.0015615790952199747
81,0.0010859414793363692,0.0005143390996986392,0.00031753879788152677,0.0016592367357510017,0.004496630852662381,0.0022787905468097287,0.003727681334258769,0.0035605163401373065,0.008282599717040963,0.005336034893145551,0.004919377555673188,0.0029130542545035536,0.001976620729565114,0.0014333997243537293,0.0015226987045098429,0.0016428053270206992,0.002271655556384904,0.0031787816559350223,0.0023779640526402227,0.002749804128009099,0.00048705426973094174,0.006727033865796122,0.004475077851647502,0.0022621263618437955,0.0032492951860387683,0.0041256451663028255,0.009255929235813466,0.0072048134783895676,0.009801140387612388,0.009865580333719941,0.006243151080235572,0.0018891810076509395,0.001468314233594398,0.007723004967723268,0.018256758129732983,0.024051878161594924,0.012382381066187338,0.009815750492807173,0.006588237523487773,0.0032511095848655313,0.001988892521950458,0.00446779673567491,0.004570369534340571,0.005407344588196954,0.007156451669804967,0.0057391730274592885,0.001244286630206412,0.008892685423036829,0.004702963250371591,0.019964557235525406,0.0027751486246379285,0.00433747425803452,0.005980284007597379,0.012184933690184021,0.014934782324828502,0.03729520573573749,0.007040157809849857,0.004984791450508449,0.013253636435983936,0.0059787634226779835,0.00342449157106045,0.00411875048494666,0.008404831465749643,0.006455049542948257,0.010422284376705773,0.007405353490924638,0.006094882018615176,0.023104389122212216,0.007435425379198858,0.010841060519210386,0.008977297572166962
GFGD,0.0,0.0,0.0,0.0,0.0,0.0,0.0,0.0,0.0,0.0,0.0,0.0,0.0,0.0,0.0,0.0,0.0,0.0,0.0,0.0,0.0,0.0,0.0,0.0,0.0,0.0,0.0,0.0,0.0,0.0,0.0,0.0,0.0,0.0,0.0,0.0,0.0,0.0,0.0,0.0,0.0,0.0,0.0,0.0,0.0,0.0,0.0,0.0,0.0,0.0,0.0,0.0,0.0,0.0,0.0,0.0,0.0,0.0,0.0,0.0,0.0,0.0,0.0,0.0,0.0,0.0,0.0,0.0,0.0,0.0,0.0
GFGN,0.00240129289650312,0.0003476001373767974,0.0026778965415366783,0.00023588409375970007,0.002994887751310561,0.003056697062167975,0.0008281795617416005,0.0018289293852032796,0.0022472232990073957,0.002675027030760612,0.0019688041558458495,0.0036217124231416446,0.008158829446911927,0.0026816916338811307,0.0035524824949093765,0.0015063161704963971,0.0016060468223687812,0.002898440493807094,0.0022615114658093025,0.0019871644355464457,0.0008269831376526181,0.0030329973510013564,0.002881258191884398,0.011339576463701683,0.003240422912555439,0.0026967349556089215,0.0032740292564727874,0.0003622440017884629,0.0017698105153372363,0.003494779649922267,0.003103481731044876,0.06263618660699502,0.0015592378414853664,0.03215228391635791,0.0024791209734205504,0.0001936950063812671,0.0033420338439435287,0.0018303973493634235,0.0006294365276813639,0.0018009557802363971,0.003136323529034536,0.007101903240594206,0.001638988992746354,0.003561615734839028,0.06371188650721425,0.0012862950050983079,0.0011032781471025605,1.0389758098543263e-05,0.0007149111206809057,0.003615723200515179,0.0005729569568405129,0.0034459144097876604,0.0017142003441752152,0.0030827281321064047,0.0013149324544656405,0.0008834633144767312,0.0014252114520852375,2.2116788581226134e-07,5.447333956082267e-07,0.0012030480367738092,3.0870903043480704e-07,0.0016712750996211697,0.0012392347068411248,0.0026833273264410744,0.0019319469168054416,0.00442697834657008,0.013056893199617873,0.004525875837601334,4.8671205133089045e-05,5.698494706854247e-07,5.67367362286603e-07
GFE,0.0007432456074818238,6.732322916115355e-05,0.0007163503135640055,0.0014433992142496655,0.00024018850165193585,0.002243206890725582,0.00015214117258550704,0.0004576692574345463,0.0008897475831338923,0.0007717204505451864,0.0007237820806786745,0.0009209631891606567,0.000358139465029263,0.0013360296213977124,0.00016122661215974915,0.0002840538325070951,0.0002704577479598421,0.00031582207283652696,0.0002851338987552762,0.0005903502760013043,5.615443292174383e-05,0.0008819505254189126,0.001023898728384024,0.0004191359457199128,0.0006464853290957863,0.0005994684238692971,0.00913749344855674,0.003000400384422231,0.0036506080602253838,0.002399106211165699,0.004426717250186521,0.00021574168945591094,2.7198413891091152e-05,0.04759951011531637,0.00860471036714265,0.004154813630635961,0.0030598445063669674,0.003683833658142281,0.005044599667703815,0.001107837642309096,0.0023474742485492736,0.0004037770219986543,0.003147481326924559,0.0018030909476460316,0.005131549840343964,0.0008757591513530046,0.0005532223462185802,9.940686139482631e-06,0.0013556933532491225,0.0037098843358673804,0.0008750447150728752,0.00086051702964562,0.0013428472858038748,0.0006754812273580223,0.001230765378992901,0.0014392496988121326,0.0010738113526777666,0.0011319013142913142,0.003947231809125499,0.0015832991806137928,0.002412171234601591,0.0009570044986466564,0.0010696825087293854,0.005794386544667195,0.006624437697691434,0.0008599308064035768,0.00017618342171950706,0.00035700516858051844,0.0018470243247959983,0.0011486203141039275,0.000633688380005189
GSLG,0.0022503125804222246,0.004618084046429263,0.00022483105706637982,0.00026160488118304393,0.0031997624475798344,0.0041746376927872374,0.0007403516239221925,0.0035591538427056694,0.0005239879688698312,0.04343611909631909,0.0008161939116292612,0.00012904307114306677,5.059673839386922e-05,8.151047118300819e-05,5.3475786310970666e-05,0.0001255988050845718,0.00021693977209127937,0.00043134608745986545,0.0005200322675891019,0.00035138832938563455,0.00034914656340324945,0.0043722957777243875,0.00027263123569974755,0.00011906797458130126,0.00029613106592583677,0.0004710671069483339,0.0004092626162246888,0.00048078905774101593,0.0008046915895447219,0.00022200240814697402,0.0009245745199056117,0.0,0.00027069664643670534,0.0,0.000578855867001994,0.00028642237011955674,0.0020933963245649448,0.002750867944922249,0.00027402094244816,0.00017824350487849057,0.00108934961298206,0.0004840551607622271,0.0003936631116343273,0.00023798067933376713,0.00016898316748247233,0.00015844922649813734,0.0003253419841032358,2.8507147199727574e-06,0.0037616769321954647,0.000335443556046442,0.00021363408591314287,0.0002912908004373967,0.00029571911383318925,0.0004554112993686385,0.0006459199467781751,0.009505426508832779,0.002449151983050003,0.0006383400600215532,0.001008629985570282,0.00042392076084080523,0.00027761606487792156,0.0045853971202186785,0.0019322881680945026,0.0005365118558692389,0.000492333430557022,0.01244475556704305,6.668392904058727e-05,0.0004058371349952544,0.0006951397342019155,0.002229494653132824,0.0012242223897527711
GSLE,0.005649045700638991,0.00024292296874540834,0.0055847730766317195,0.011439315270177997,0.0015404458037458298,0.016178460153622433,0.0013821076740750445,0.004686244869174548,0.00880165397364976,0.005853549049271593,0.0040709866079190705,0.00227715075746909,0.0013736382581438788,0.0018981094617627093,0.0014306092552106426,0.002708628198356399,0.0031452988719983537,0.002338351332707541,0.00332936581216855,0.00559561169989739,0.000530767410117096,0.008491038307514605,0.004960682564495757,0.0033892998899299016,0.006243909517476249,0.005858468853940369,0.004735581637326211,0.006132891495171456,0.012699103495352044,0.010165239417258208,0.0069766350956009665,0.006861217080989362,0.0015677588637374384,0.004874237733489621,0.010623392580960435,0.002319269596597143,0.00930986873484676,0.00816920080615814,0.00889214968881754,0.0012571629555753873,0.0020427394475000917,0.0024610102481367473,0.0038714585292511975,0.0023423197497575376,0.0026888912535164822,0.0008825965992227164,0.00301359819757293,9.785336146291197e-05,0.011394911171560112,0.005227271537816582,0.003102842336989314,0.0017548198822003019,0.0028886061927181402,0.004483227842529879,0.0034242716060210506,0.011489323986775421,0.005098882575386587,0.0027967726673343626,0.005544946113379917,0.00800471735941414,0.003698212423367101,0.005115797842688631,0.008155446270143942,0.010342021809370903,0.007850320625822011,0.004910380483518999,0.003422434403069747,0.003252255257941743,0.010398273165670673,0.006163814627379457,0.008268003018292225
