technology_mode,year,published,sector_index,bea_code,sector_name,gross_output_real_musd,observed_gross_output_2019_real_musd,gross_social_target_real_musd,gross_investment_requirement_real_musd,gross_requirement_target_real_musd,gross_requirement_coverage,diagnostic_sector_harmony,annual_plan_fulfillment,annual_plan_harmony,diagnostic_basis
frozen,2019,1,0,111CA,Farms,350362.8091422966,388056.0,376350.29304357385,9903.830214235808,386254.12325780967,0.9070784958545103,0.4519397212057335,0.9046332239434246,0.45127119172646984,copertura_del_fabbisogno_lordo_sociale_e_di_investimento
frozen,2019,1,1,113FF,"Forestry, fishing, and related activities",50993.99999999998,50994.0,48583.25838973204,7043.970333220257,55627.22872295229,0.9167093376873438,0.4545569956742392,0.9046332239434246,0.45127119172646984,copertura_del_fabbisogno_lordo_sociale_e_di_investimento
frozen,2019,1,2,211,Oil and gas extraction,313671.53025843936,316004.0,309159.9243025317,33995.19122253501,343155.11552506674,0.9140808808240726,0.453845170532611,0.9046332239434246,0.45127119172646984,copertura_del_fabbisogno_lordo_sociale_e_di_investimento
frozen,2019,1,3,212,"Mining, except oil and gas",106096.00000000007,106096.0,75007.63897045933,38241.597737769,113249.23670822833,0.9368363362425336,0.4599467908014486,0.9046332239434246,0.45127119172646984,copertura_del_fabbisogno_lordo_sociale_e_di_investimento
frozen,2019,1,4,213,Support activities for mining,135631.00000000003,135631.0,27045.70957834088,111164.55255030796,138210.26212864884,0.9813381286676963,0.47149385059114307,0.9046332239434246,0.45127119172646984,copertura_del_fabbisogno_lordo_sociale_e_di_investimento
frozen,2019,1,5,22,Utilities,441172.9199526141,517969.0,455282.7342018494,29309.03230581783,484591.7665076672,0.9104011880598757,0.45284552827908553,0.9046332239434246,0.45127119172646984,copertura_del_fabbisogno_lordo_sociale_e_di_investimento
frozen,2019,1,6,23,Construction,1711904.7130848425,1732164.0,271455.9450910564,1466336.6463185109,1737792.5914095673,0.9851030103058924,0.472448126273327,0.9046332239434246,0.45127119172646984,copertura_del_fabbisogno_lordo_sociale_e_di_investimento
frozen,2019,1,7,321,Wood products,108625.62496620056,112381.0,58475.306235600045,55726.92016521064,114202.22640081069,0.9511690655220839,0.46372046142377976,0.9046332239434246,0.45127119172646984,copertura_del_fabbisogno_lordo_sociale_e_di_investimento
frozen,2019,1,8,327,Nonmetallic mineral products,124780.6186776006,135072.0,58755.98030584336,71628.00678756916,130383.98709341252,0.9570241059448702,0.465246908472797,0.9046332239434246,0.45127119172646984,copertura_del_fabbisogno_lordo_sociale_e_di_investimento
frozen,2019,1,9,331,Primary metals,235953.99999999994,235954.0,195890.28149718448,58745.143110016965,254635.42460720145,0.9266346203164021,0.4572282596118554,0.9046332239434246,0.45127119172646984,copertura_del_fabbisogno_lordo_sociale_e_di_investimento
frozen,2019,1,10,332,Fabricated metal products,330290.56341559644,377502.0,238672.42611026217,114379.55711707118,353051.98322733334,0.9355295511905378,0.45960008325271745,0.9046332239434246,0.45127119172646984,copertura_del_fabbisogno_lordo_sociale_e_di_investimento
frozen,2019,1,11,333,Machinery,222237.098341815,391132.0,190477.22234464975,49925.07460438596,240402.29694903572,0.9244383317557416,0.45663941314231127,0.9046332239434246,0.45127119172646984,copertura_del_fabbisogno_lordo_sociale_e_di_investimento
frozen,2019,1,12,334,Computer and electronic products,240161.3614932308,367248.0,236796.34651328865,25947.519128890188,262743.86564217886,0.9140512601740345,0.4538371382340344,0.9046332239434246,0.45127119172646984,copertura_del_fabbisogno_lordo_sociale_e_di_investimento
frozen,2019,1,13,335,"Electrical equipment, appliances, and components",107434.02027286055,131501.0,74855.56061525241,39717.19314339232,114572.75375864473,0.9376925730455742,0.4601737207316219,0.9046332239434246,0.45127119172646984,copertura_del_fabbisogno_lordo_sociale_e_di_investimento
frozen,2019,1,14,3361MV,"Motor vehicles, bodies and trailers, and parts",406114.7546247735,650219.0,427558.7032604938,19330.946469162973,446889.6497296568,0.9087584706212153,0.4523980776744049,0.9046332239434246,0.45127119172646984,copertura_del_fabbisogno_lordo_sociale_e_di_investimento
frozen,2019,1,15,3364OT,Other transportation equipment,216937.60784020848,328510.0,237595.20409218105,2001.0923688027888,239596.29646098384,0.9054297209286575,0.4514891304739309,0.9046332239434246,0.45127119172646984,copertura_del_fabbisogno_lordo_sociale_e_di_investimento
frozen,2019,1,16,337,Furniture and related products,56669.76525016182,74187.0,45933.20465797864,15117.062234361476,61050.266892340114,0.9282476250283533,0.4576599097535623,0.9046332239434246,0.45127119172646984,copertura_del_fabbisogno_lordo_sociale_e_di_investimento
frozen,2019,1,17,339,Miscellaneous manufacturing,128988.5398163037,166814.0,138444.38079009095,3747.153285312614,142191.53407540356,0.9071464110366911,0.4519582657491089,0.9046332239434246,0.45127119172646984,copertura_del_fabbisogno_lordo_sociale_e_di_investimento
frozen,2019,1,18,311FT,Food and beverage and tobacco products,878856.1445011181,977827.0,963102.8393564329,7601.317945042091,970704.157301475,0.9053800150030353,0.4514755349258155,0.9046332239434246,0.45127119172646984,copertura_del_fabbisogno_lordo_sociale_e_di_investimento
frozen,2019,1,19,313TT,Textile mills and textile product mills,49895.00000000003,49895.0,37622.44894846624,15860.482715102105,53482.93166356835,0.9329144541638439,0.4589049245299207,0.9046332239434246,0.45127119172646984,copertura_del_fabbisogno_lordo_sociale_e_di_investimento
frozen,2019,1,20,315AL,Apparel and leather and allied products,14618.268988039423,17331.0,15334.22342727529,746.4210123545874,16080.644439629878,0.9090598976253396,0.4524802365025684,0.9046332239434246,0.45127119172646984,copertura_del_fabbisogno_lordo_sociale_e_di_investimento
frozen,2019,1,21,322,Paper products,166172.46347272655,190943.0,163286.96982207638,18457.645534628908,181744.6153567053,0.9143184965704998,0.453909596782824,0.9046332239434246,0.45127119172646984,copertura_del_fabbisogno_lordo_sociale_e_di_investimento
frozen,2019,1,22,323,Printing and related support activities,70105.21744490332,81156.0,68701.3194309562,7955.721358910372,76657.04078986657,0.9145307035406806,0.4539671209445098,0.9046332239434246,0.45127119172646984,copertura_del_fabbisogno_lordo_sociale_e_di_investimento
frozen,2019,1,23,324,Petroleum and coal products,534890.0938076517,597698.0,527948.7022835652,57290.15718412284,585238.859467688,0.9139688610120118,0.4538147926243238,0.9046332239434246,0.45127119172646984,copertura_del_fabbisogno_lordo_sociale_e_di_investimento
frozen,2019,1,24,325,Chemical products,805727.9999999999,805728.0,696463.403857984,175684.06560934047,872147.4694673244,0.9238437629041208,0.45647978358687546,0.9046332239434246,0.45127119172646984,copertura_del_fabbisogno_lordo_sociale_e_di_investimento
frozen,2019,1,25,326,Plastics and rubber products,211669.2330095123,250297.0,185333.61304884197,44010.28913205525,229343.90218089722,0.9229337732404856,0.4562352882971851,0.9046332239434246,0.45127119172646984,copertura_del_fabbisogno_lordo_sociale_e_di_investimento
frozen,2019,1,26,42,Wholesale trade,1970369.3927874365,2232753.0,1988341.470951856,171649.63761984764,2159991.1085717035,0.9122118072469036,0.45333786630294476,0.9046332239434246,0.45127119172646984,copertura_del_fabbisogno_lordo_sociale_e_di_investimento
frozen,2019,1,27,441,Motor vehicle and parts dealers,75757.21924012608,371276.0,79656.22822616658,3697.5486927157913,83353.77691888237,0.9088636656962881,0.4524267531023658,0.9046332239434246,0.45127119172646984,copertura_del_fabbisogno_lordo_sociale_e_di_investimento
frozen,2019,1,28,445,Food and beverage stores,21115.32993913868,263473.0,23057.242498036645,256.9823228944465,23314.224820931093,0.9056844094675502,0.4515587822253565,0.9046332239434246,0.45127119172646984,copertura_del_fabbisogno_lordo_sociale_e_di_investimento
frozen,2019,1,29,452,General merchandise stores,17170.872144145313,244474.0,17274.26586818606,1543.997320552297,18818.263188738358,0.9124578592577601,0.45340470363652485,0.9046332239434246,0.45127119172646984,copertura_del_fabbisogno_lordo_sociale_e_di_investimento
frozen,2019,1,30,4A0,Other retail,995463.3673477287,1108702.0,1026439.7226459201,66911.89186695544,1093351.6145128757,0.9104695636190564,0.4528641368636865,0.9046332239434246,0.45127119172646984,copertura_del_fabbisogno_lordo_sociale_e_di_investimento
frozen,2019,1,31,481,Air transportation,239729.50261038338,272267.0,252102.98372877517,11668.76767406478,263771.75140283996,0.90885207129046,0.45242359269720916,0.9046332239434246,0.45127119172646984,copertura_del_fabbisogno_lordo_sociale_e_di_investimento
frozen,2019,1,32,482,Rail transportation,75887.58120656092,84848.0,73760.20304213963,9161.65092982856,82921.8539719682,0.9151698565762263,0.45414030662958604,0.9046332239434246,0.45127119172646984,copertura_del_fabbisogno_lordo_sociale_e_di_investimento
frozen,2019,1,33,483,Water transportation,55141.04402394668,60883.0,58325.87596044542,2377.518814524651,60703.39477497007,0.9083683742623745,0.4522917139620844,0.9046332239434246,0.45127119172646984,copertura_del_fabbisogno_lordo_sociale_e_di_investimento
frozen,2019,1,34,484,Truck transportation,361412.43313055945,409425.0,353645.1269348339,41493.301819619075,395138.42875445297,0.9146476445477503,0.4539988156356101,0.9046332239434246,0.45127119172646984,copertura_del_fabbisogno_lordo_sociale_e_di_investimento
frozen,2019,1,35,485,Transit and ground passenger transportation,96413.11895164856,109551.0,100859.00532530983,5172.711800486497,106031.71712579633,0.9092856511723163,0.45254175315580153,0.9046332239434246,0.45127119172646984,copertura_del_fabbisogno_lordo_sociale_e_di_investimento
frozen,2019,1,36,486,Pipeline transportation,55044.23784607999,61593.0,55906.66958483991,4469.207099606455,60375.87668444637,0.9116925644619273,0.4531967660305888,0.9046332239434246,0.45127119172646984,copertura_del_fabbisogno_lordo_sociale_e_di_investimento
frozen,2019,1,37,487OS,Other transportation and support activities,229497.37829173348,264513.0,231270.97235741693,20281.97296351276,251552.9453209297,0.9123223661680532,0.4533679004449644,0.9046332239434246,0.45127119172646984,copertura_del_fabbisogno_lordo_sociale_e_di_investimento
frozen,2019,1,38,493,Warehousing and storage,110336.85276203715,134932.0,109134.59387926626,11610.073257280177,120744.66713654644,0.9138031134514668,0.45376983844527635,0.9046332239434246,0.45127119172646984,copertura_del_fabbisogno_lordo_sociale_e_di_investimento
frozen,2019,1,39,511,"Publishing industries, except internet (includes software)",418460.99999999994,418461.0,241130.53739164173,200326.30456818859,441456.8419598303,0.9479091957036134,0.4628668095696177,0.9046332239434246,0.45127119172646984,copertura_del_fabbisogno_lordo_sociale_e_di_investimento
frozen,2019,1,40,512,Motion picture and sound recording industries,103993.10113341764,166843.0,110745.65982399065,3808.897849099189,114554.55767308983,0.9078041349536528,0.45213779529077824,0.9046332239434246,0.45127119172646984,copertura_del_fabbisogno_lordo_sociale_e_di_investimento
frozen,2019,1,41,513,Broadcasting and telecommunications,702317.5458154329,893988.0,740145.9863256714,32756.89601685496,772902.8823425263,0.908675024845085,0.45237532881415926,0.9046332239434246,0.45127119172646984,copertura_del_fabbisogno_lordo_sociale_e_di_investimento
frozen,2019,1,42,514,"Data processing, internet publishing, and other information services",330622.64046249434,481772.0,327896.9804415487,33996.137924342125,361893.1183658908,0.9135919521084107,0.4537125563855171,0.9046332239434246,0.45127119172646984,copertura_del_fabbisogno_lordo_sociale_e_di_investimento
frozen,2019,1,43,521CI,"Federal Reserve banks, credit intermediation, and related activities",976941.3935112421,1119901.0,1018772.8528934057,55325.62313224026,1074098.476025646,0.9095454609768163,0.45261253285342296,0.9046332239434246,0.45127119172646984,copertura_del_fabbisogno_lordo_sociale_e_di_investimento
frozen,2019,1,44,523,"Securities, commodity contracts, and investments",542910.699877806,607994.0,578905.9339939358,19213.158448892485,598119.0924428283,0.9076966556283279,0.4521084662285576,0.9046332239434246,0.45127119172646984,copertura_del_fabbisogno_lordo_sociale_e_di_investimento
frozen,2019,1,45,524,Insurance carriers and related activities,980811.4169701764,1132639.0,1033676.7435079364,45713.091975251584,1079389.835483188,0.9086720892930374,0.45237452849402077,0.9046332239434246,0.45127119172646984,copertura_del_fabbisogno_lordo_sociale_e_di_investimento
frozen,2019,1,46,525,"Funds, trusts, and other financial vehicles",133136.8474648133,147388.0,146985.01556028606,169.3189671372822,147154.33452742334,0.9047429550231986,0.4513012268012829,0.9046332239434246,0.45127119172646984,copertura_del_fabbisogno_lordo_sociale_e_di_investimento
frozen,2019,1,47,HS,Housing,1990017.919114229,2218948.0,2199806.359575717,0.0,2199806.359575717,0.9046332239434246,0.45127119172646984,0.9046332239434246,0.45127119172646984,copertura_del_fabbisogno_lordo_sociale_e_di_investimento
frozen,2019,1,48,ORE,Other real estate,1023034.9411992843,1435813.0,1008190.2466794705,110992.54799731832,1119182.7946767888,0.9140910189695408,0.4538479196621474,0.9046332239434246,0.45127119172646984,copertura_del_fabbisogno_lordo_sociale_e_di_investimento
frozen,2019,1,49,532RL,Rental and leasing services and lessors of intangible assets,353237.7975285379,403077.0,341513.3684211921,44293.45803389633,385806.82645508845,0.9155820304534144,0.45425193151153964,0.9046332239434246,0.45127119172646984,copertura_del_fabbisogno_lordo_sociale_e_di_investimento
frozen,2019,1,50,5411,Legal services,307103.7749627485,370979.0,307355.79302429676,29059.513021490984,336415.30604578776,0.9128709944040126,0.4535168905219894,0.9046332239434246,0.45127119172646984,copertura_del_fabbisogno_lordo_sociale_e_di_investimento
frozen,2019,1,51,5415,Computer systems design and related services,531833.0,531833.0,241320.02358891864,313526.88905865327,554846.9126475719,0.958522049734843,0.4656360372036383,0.9046332239434246,0.45127119172646984,copertura_del_fabbisogno_lordo_sociale_e_di_investimento
frozen,2019,1,52,5412OP,"Miscellaneous professional, scientific, and technical services",1573028.0000000005,1573028.0,1027483.4238734312,643532.3577129501,1671015.7815863811,0.9413603493957694,0.46114364358767257,0.9046332239434246,0.45127119172646984,copertura_del_fabbisogno_lordo_sociale_e_di_investimento
frozen,2019,1,53,55,Management of companies and enterprises,543923.1812318374,631717.0,531223.1503346458,63361.07011122425,594584.22044587,0.9147958565465417,0.45403898046254,0.9046332239434246,0.45127119172646984,copertura_del_fabbisogno_lordo_sociale_e_di_investimento
frozen,2019,1,54,561,Administrative and support services,914570.1314631811,1085165.0,886972.4098230227,112185.42081611161,999157.8306391343,0.9153410036111665,0.4541866621931588,0.9046332239434246,0.45127119172646984,copertura_del_fabbisogno_lordo_sociale_e_di_investimento
frozen,2019,1,55,562,Waste management and remediation services,105722.19850870209,128247.0,107428.45323602951,8538.85051453729,115967.3037505668,0.9116552259945542,0.4531866167791429,0.9046332239434246,0.45127119172646984,copertura_del_fabbisogno_lordo_sociale_e_di_investimento
frozen,2019,1,56,61,Educational services,319695.0770143365,383160.0,352907.786213745,442.9686170594793,353350.7548308045,0.9047527779229355,0.45130391531883685,0.9046332239434246,0.45127119172646984,copertura_del_fabbisogno_lordo_sociale_e_di_investimento
frozen,2019,1,57,621,Ambulatory health care services,1049617.913726232,1162296.0,1160171.2000582127,88.50069125939338,1160259.700749472,0.904640498199006,0.45127318290324187,0.9046332239434246,0.45127119172646984,copertura_del_fabbisogno_lordo_sociale_e_di_investimento
frozen,2019,1,58,622,Hospitals,833576.8365266637,931191.0,921452.5261770329,0.26706032169659694,921452.7932373545,0.904633251583128,0.4512711992922934,0.9046332239434246,0.45127119172646984,copertura_del_fabbisogno_lordo_sociale_e_di_investimento
frozen,2019,1,59,623,Nursing and residential care facilities,236007.52741717422,261253.0,260826.52958692744,55.183066977009304,260881.71265390445,0.9046533964236533,0.4512767134895116,0.9046332239434246,0.45127119172646984,copertura_del_fabbisogno_lordo_sociale_e_di_investimento
frozen,2019,1,60,624,Social assistance,223956.16931491354,247852.0,247565.22929844717,0.43779836612990464,247565.6670968133,0.9046333925912796,0.4512712378904901,0.9046332239434246,0.45127119172646984,copertura_del_fabbisogno_lordo_sociale_e_di_investimento
frozen,2019,1,61,711AS,"Performing arts, spectator sports, museums, and related activities",181594.5140688294,224384.0,193366.42383043363,6668.822676693558,200035.2465071272,0.9078125842305458,0.4521401008045015,0.9046332239434246,0.45127119172646984,copertura_del_fabbisogno_lordo_sociale_e_di_investimento
frozen,2019,1,62,713,"Amusements, gambling, and recreation industries",155021.48047068797,172324.0,170729.38380644558,574.007575988792,171303.39138243438,0.9049527812593209,0.4513586502974476,0.9046332239434246,0.45127119172646984,copertura_del_fabbisogno_lordo_sociale_e_di_investimento
frozen,2019,1,63,721,Accommodation,270169.06632819504,306476.0,288072.9203556443,9568.73165607113,297641.65201171546,0.9076991224251132,0.4521091394056582,0.9046332239434246,0.45127119172646984,copertura_del_fabbisogno_lordo_sociale_e_di_investimento
frozen,2019,1,64,722,Food services and drinking places,808764.955242731,909020.0,872317.2864696842,19637.75608208076,891955.042551765,0.9067328695501983,0.45184532695347684,0.9046332239434246,0.45127119172646984,copertura_del_fabbisogno_lordo_sociale_e_di_investimento
frozen,2019,1,65,81,"Other services, except government",685979.1898597416,776759.0,731029.1416455158,24665.94065636418,755695.08230188,0.9077460022238324,0.4521219323651442,0.9046332239434246,0.45127119172646984,copertura_del_fabbisogno_lordo_sociale_e_di_investimento
frozen,2019,1,66,GFGD,Federal general government (defense),618124.1772792832,702344.0,683287.06145104,0.0,683287.06145104,0.9046332239434246,0.45127119172646984,0.9046332239434246,0.45127119172646984,copertura_del_fabbisogno_lordo_sociale_e_di_investimento
frozen,2019,1,67,GFGN,Federal general government (nondefense),382350.92100942146,440949.0,410045.2086692737,11410.401928382136,421455.6105976558,0.907215164290301,0.4519770378533727,0.9046332239434246,0.45127119172646984,copertura_del_fabbisogno_lordo_sociale_e_di_investimento
frozen,2019,1,68,GFE,Federal government enterprises,84519.51317823137,98900.0,86838.08507770993,5962.896313309246,92800.98139101917,0.9107609845428936,0.45294343362741185,0.9046332239434246,0.45127119172646984,copertura_del_fabbisogno_lordo_sociale_e_di_investimento
frozen,2019,1,69,GSLG,State and local general government,2199251.236689915,2503853.0,2424100.6650297297,6329.236920670881,2430429.901950401,0.9048815746239105,0.4513391644060844,0.9046332239434246,0.45127119172646984,copertura_del_fabbisogno_lordo_sociale_e_di_investimento
frozen,2019,1,70,GSLE,State and local government enterprises,317419.1316247099,382401.0,333680.0234321304,15561.096261784274,349241.11969391466,0.9088824703772153,0.4524318788079977,0.9046332239434246,0.45127119172646984,copertura_del_fabbisogno_lordo_sociale_e_di_investimento
frozen,2020,1,0,111CA,Farms,379358.8404645861,388056.0,410913.3386122876,10038.195993050289,420951.5346053379,0.9011936274807814,0.45032805177141016,0.8987798880386405,0.4496642643931112,copertura_del_fabbisogno_lordo_sociale_e_di_investimento
frozen,2020,1,1,113FF,"Forestry, fishing, and related activities",50561.20979982357,50994.0,49991.720291049176,5629.657033775361,55621.377324824534,0.9090247712592592,0.4524706635097791,0.8987798880386405,0.4496642643931112,copertura_del_fabbisogno_lordo_sociale_e_di_investimento
frozen,2020,1,2,211,Oil and gas extraction,278061.92273683345,316004.0,277448.5966958337,28696.704062074077,306145.3007579078,0.9082678128602667,0.4522642881811018,0.8987798880386405,0.4496642643931112,copertura_del_fabbisogno_lordo_sociale_e_di_investimento
frozen,2020,1,3,212,"Mining, except oil and gas",83128.93703798154,106096.0,71563.88454837457,18808.756895983253,90372.64144435783,0.9198462688419237,0.45540409833730383,0.8987798880386405,0.4496642643931112,copertura_del_fabbisogno_lordo_sociale_e_di_investimento
frozen,2020,1,4,213,Support activities for mining,23956.568913918174,135631.0,23810.739502782162,2555.955129490388,26366.69463227255,0.9085920418934724,0.45235270425394847,0.8987798880386405,0.4496642643931112,copertura_del_fabbisogno_lordo_sociale_e_di_investimento
frozen,2020,1,5,22,Utilities,438952.4323277588,517969.0,449094.95217195636,35314.92149592926,484409.8736678856,0.9061591354529394,0.4516885622078788,0.8987798880386405,0.4496642643931112,copertura_del_fabbisogno_lordo_sociale_e_di_investimento
frozen,2020,1,6,23,Construction,1117699.3300127694,1732164.0,264341.74149130844,880114.2891912721,1144456.0306825805,0.9766205953287233,0.4702932242536711,0.8987798880386405,0.4496642643931112,copertura_del_fabbisogno_lordo_sociale_e_di_investimento
frozen,2020,1,7,321,Wood products,86389.95446275784,112381.0,56196.76353986893,35881.43362026049,92078.19716012942,0.9382237829061815,0.46031441236958986,0.8987798880386405,0.4496642643931112,copertura_del_fabbisogno_lordo_sociale_e_di_investimento
frozen,2020,1,8,327,Nonmetallic mineral products,103031.0006610073,135072.0,58267.69252111134,50661.17050061292,108928.86302172426,0.9458558347428935,0.46232770593132283,0.8987798880386405,0.4496642643931112,copertura_del_fabbisogno_lordo_sociale_e_di_investimento
frozen,2020,1,9,331,Primary metals,246212.97853906313,235954.0,184895.35958260632,80032.74795454404,264928.1075371504,0.9293577069942914,0.4579565760098427,0.8987798880386405,0.4496642643931112,copertura_del_fabbisogno_lordo_sociale_e_di_investimento
frozen,2020,1,10,332,Fabricated metal products,317302.88513311243,377502.0,227535.33441697666,112798.70274098753,340334.0371579642,0.9323278029515397,0.4587487321668899,0.8987798880386405,0.4496642643931112,copertura_del_fabbisogno_lordo_sociale_e_di_investimento
frozen,2020,1,11,333,Machinery,266916.3227332948,391132.0,176672.39459644334,108126.72769838496,284799.1222948283,0.9372090776915353,0.4600456025620769,0.8987798880386405,0.4496642643931112,copertura_del_fabbisogno_lordo_sociale_e_di_investimento
frozen,2020,1,12,334,Computer and electronic products,613338.8400659276,367248.0,222236.82398660883,413596.85228518024,635833.676271789,0.9646215086659771,0.46721469509888625,0.8987798880386405,0.4496642643931112,copertura_del_fabbisogno_lordo_sociale_e_di_investimento
frozen,2020,1,13,335,"Electrical equipment, appliances, and components",105122.40799205445,131501.0,69349.91562390504,42792.09859211192,112142.01421601695,0.9374043147607393,0.4600973444344661,0.8987798880386405,0.4496642643931112,copertura_del_fabbisogno_lordo_sociale_e_di_investimento
frozen,2020,1,14,3361MV,"Motor vehicles, bodies and trailers, and parts",396675.1831239495,650219.0,408513.88644029293,29511.11800691311,438025.00444720604,0.9055994043640485,0.4515355371533944,0.8987798880386405,0.4496642643931112,copertura_del_fabbisogno_lordo_sociale_e_di_investimento
frozen,2020,1,15,3364OT,Other transportation equipment,286824.2220769237,328510.0,191397.35384476907,114800.12981743008,306197.4836621991,0.9367295205905473,0.4599184678773368,0.8987798880386405,0.4496642643931112,copertura_del_fabbisogno_lordo_sociale_e_di_investimento
frozen,2020,1,16,337,Furniture and related products,66359.67606151465,74187.0,44201.4975471518,26632.259044945313,70833.75659209711,0.9368368875824717,0.45994693698541883,0.8987798880386405,0.4496642643931112,copertura_del_fabbisogno_lordo_sociale_e_di_investimento
frozen,2020,1,17,339,Miscellaneous manufacturing,144830.04182621703,166814.0,134876.29837111337,23605.937477161468,158482.23584827484,0.9138566291106094,0.4537843538118207,0.8987798880386405,0.4496642643931112,copertura_del_fabbisogno_lordo_sociale_e_di_investimento
frozen,2020,1,18,311FT,Food and beverage and tobacco products,906347.2811621868,977827.0,992344.0447754005,14448.411703140626,1006792.4564785411,0.9002324911455122,0.45006392763371145,0.8987798880386405,0.4496642643931112,copertura_del_fabbisogno_lordo_sociale_e_di_investimento
frozen,2020,1,19,313TT,Textile mills and textile product mills,39378.115327754356,49895.0,36308.89477990296,6744.4109426663945,43053.305722569356,0.9146362786054685,0.453995735269187,0.8987798880386405,0.4496642643931112,copertura_del_fabbisogno_lordo_sociale_e_di_investimento
frozen,2020,1,20,315AL,Apparel and leather and allied products,19620.560230913943,17331.0,20719.735065628112,998.0790684384169,21717.814134066528,0.9034316303562596,0.450942081909532,0.8987798880386405,0.4496642643931112,copertura_del_fabbisogno_lordo_sociale_e_di_investimento
frozen,2020,1,21,322,Paper products,168994.404411624,190943.0,161005.81628729554,24285.614875358602,185291.43116265413,0.912046516944844,0.45329295782372103,0.8987798880386405,0.4496642643931112,copertura_del_fabbisogno_lordo_sociale_e_di_investimento
frozen,2020,1,22,323,Printing and related support activities,73334.3457334292,81156.0,66138.48542017034,13890.405212443246,80028.89063261359,0.9163483981064182,0.45445935780095054,0.8987798880386405,0.4496642643931112,copertura_del_fabbisogno_lordo_sociale_e_di_investimento
frozen,2020,1,23,324,Petroleum and coal products,468494.30592190905,597698.0,468221.77709376055,47665.989528325685,515887.76662208623,0.9081322261031725,0.4522273057015893,0.8987798880386405,0.4496642643931112,copertura_del_fabbisogno_lordo_sociale_e_di_investimento
frozen,2020,1,24,325,Chemical products,705113.8741065024,805728.0,684434.1914167192,89958.18817516605,774392.3795918853,0.9105382396429398,0.45288282594647206,0.8987798880386405,0.4496642643931112,copertura_del_fabbisogno_lordo_sociale_e_di_investimento
frozen,2020,1,25,326,Plastics and rubber products,208802.6151633248,250297.0,177151.11920029164,49582.75208256684,226733.87128285848,0.9209149651171271,0.45569209047039405,0.8987798880386405,0.4496642643931112,copertura_del_fabbisogno_lordo_sociale_e_di_investimento
frozen,2020,1,26,42,Wholesale trade,1906856.22484085,2232753.0,1917904.707623249,183082.04645444494,2100986.754077694,0.9076003078743519,0.45208217209097734,0.8987798880386405,0.4496642643931112,copertura_del_fabbisogno_lordo_sociale_e_di_investimento
frozen,2020,1,27,441,Motor vehicle and parts dealers,67992.00517962404,371276.0,70939.87587749028,4232.671480978276,75172.54735846855,0.9044791957813628,0.4512290263151318,0.8987798880386405,0.4496642643931112,copertura_del_fabbisogno_lordo_sociale_e_di_investimento
frozen,2020,1,28,445,Food and beverage stores,22070.061133283103,263473.0,24279.277476779203,248.3348410444039,24527.61231782361,0.8998047118204545,0.4499462905062103,0.8987798880386405,0.4496642643931112,copertura_del_fabbisogno_lordo_sociale_e_di_investimento
frozen,2020,1,29,452,General merchandise stores,17206.416580720623,244474.0,17825.93241539475,1184.8270402277572,19010.759455622505,0.9050883327878708,0.4513957405205375,0.8987798880386405,0.4496642643931112,copertura_del_fabbisogno_lordo_sociale_e_di_investimento
frozen,2020,1,30,4A0,Other retail,967306.7138391114,1108702.0,1028852.2107414388,42595.039060613315,1071447.249802052,0.9028038608693237,0.45076998227747506,0.8987798880386405,0.4496642643931112,copertura_del_fabbisogno_lordo_sociale_e_di_investimento
frozen,2020,1,31,481,Air transportation,181268.1936633307,272267.0,173937.12502098965,24937.003911202606,198874.12893219225,0.9114719679055668,0.45313679854789696,0.8987798880386405,0.4496642643931112,copertura_del_fabbisogno_lordo_sociale_e_di_investimento
frozen,2020,1,32,482,Rail transportation,70772.46360169648,84848.0,69195.0968894372,8581.302166585225,77776.39905602243,0.9099478049982616,0.452722106880307,0.8987798880386405,0.4496642643931112,copertura_del_fabbisogno_lordo_sociale_e_di_investimento
frozen,2020,1,33,483,Water transportation,39918.191404889716,60883.0,40588.41611802791,3438.1393106628407,44026.55542869075,0.9066844093570914,0.4518320893555844,0.8987798880386405,0.4496642643931112,copertura_del_fabbisogno_lordo_sociale_e_di_investimento
frozen,2020,1,34,484,Truck transportation,360226.51115724037,409425.0,355790.89235138,40448.81276449903,396239.7051158791,0.9091126066023425,0.45249460065842906,0.8987798880386405,0.4496642643931112,copertura_del_fabbisogno_lordo_sociale_e_di_investimento
frozen,2020,1,35,485,Transit and ground passenger transportation,83159.11134029353,109551.0,79158.45437399093,12013.084580726132,91171.53895471706,0.9121170081553287,0.4533121108058922,0.8987798880386405,0.4496642643931112,copertura_del_fabbisogno_lordo_sociale_e_di_investimento
frozen,2020,1,36,486,Pipeline transportation,51036.9718746286,61593.0,52232.941580060506,4091.0544893729675,56323.99606943347,0.9061319408465393,0.4516811294396586,0.8987798880386405,0.4496642643931112,copertura_del_fabbisogno_lordo_sociale_e_di_investimento
frozen,2020,1,37,487OS,Other transportation and support activities,228034.52368092927,264513.0,220871.65754754358,29519.5200394391,250391.17758698267,0.910713092523849,0.4529304036016004,0.8987798880386405,0.4496642643931112,copertura_del_fabbisogno_lordo_sociale_e_di_investimento
frozen,2020,1,38,493,Warehousing and storage,109877.72124571365,134932.0,106437.52196468346,14213.817171185108,120651.33913586856,0.9107045311944489,0.45292807424741294,0.8987798880386405,0.4496642643931112,copertura_del_fabbisogno_lordo_sociale_e_di_investimento
frozen,2020,1,39,511,"Publishing industries, except internet (includes software)",343556.0480199495,418461.0,256724.22308530606,112817.47953853117,369541.7026238372,0.9296814015322679,0.45804302134828806,0.8987798880386405,0.4496642643931112,copertura_del_fabbisogno_lordo_sociale_e_di_investimento
frozen,2020,1,40,512,Motion picture and sound recording industries,88912.55663309031,166843.0,89355.28396065079,8601.824519275651,97957.10847992645,0.9076682439162691,0.4521007126883279,0.8987798880386405,0.4496642643931112,copertura_del_fabbisogno_lordo_sociale_e_di_investimento
frozen,2020,1,41,513,Broadcasting and telecommunications,715176.2232370907,893988.0,732607.8646362245,56723.00868311747,789330.8733193419,0.9060537822745846,0.45165976619392834,0.8987798880386405,0.4496642643931112,copertura_del_fabbisogno_lordo_sociale_e_di_investimento
frozen,2020,1,42,514,"Data processing, internet publishing, and other information services",376651.75397536217,481772.0,344007.5436804978,67464.6923817566,411472.2360622544,0.9153758649183222,0.4541961034922981,0.8987798880386405,0.4496642643931112,copertura_del_fabbisogno_lordo_sociale_e_di_investimento
frozen,2020,1,43,521CI,"Federal Reserve banks, credit intermediation, and related activities",983964.3190658456,1119901.0,1001810.8645031578,83556.86243180372,1085367.7269349615,0.9065723023150177,0.45180146325606574,0.8987798880386405,0.4496642643931112,copertura_del_fabbisogno_lordo_sociale_e_di_investimento
frozen,2020,1,44,523,"Securities, commodity contracts, and investments",551946.4660596292,607994.0,593614.8880419461,18417.343447218802,612032.2314891649,0.901825815148104,0.4505016412136652,0.8987798880386405,0.4496642643931112,copertura_del_fabbisogno_lordo_sociale_e_di_investimento
frozen,2020,1,45,524,Insurance carriers and related activities,970110.7554748559,1132639.0,998127.5524671448,73013.78562015314,1071141.338087298,0.9056795037031723,0.4515574407730534,0.8987798880386405,0.4496642643931112,copertura_del_fabbisogno_lordo_sociale_e_di_investimento
frozen,2020,1,46,525,"Funds, trusts, and other financial vehicles",134625.13127802475,147388.0,149488.73728259976,267.660720132013,149756.39800273176,0.8989607994949839,0.44971407129249197,0.8987798880386405,0.4496642643931112,copertura_del_fabbisogno_lordo_sociale_e_di_investimento
frozen,2020,1,47,HS,Housing,2030207.4141448967,2218948.0,2258848.2910708096,0.0,2258848.2910708096,0.8987798880386405,0.4496642643931112,0.8987798880386405,0.4496642643931112,copertura_del_fabbisogno_lordo_sociale_e_di_investimento
frozen,2020,1,48,ORE,Other real estate,1080284.2622443347,1435813.0,960914.7474308774,216633.41313373216,1177548.1605646096,0.917401341552231,0.45474409214299577,0.8987798880386405,0.4496642643931112,copertura_del_fabbisogno_lordo_sociale_e_di_investimento
frozen,2020,1,49,532RL,Rental and leasing services and lessors of intangible assets,343763.9377413785,403077.0,327587.4492240912,49334.926804885945,376922.37602897716,0.9120284695301574,0.45328805399216415,0.8987798880386405,0.4496642643931112,copertura_del_fabbisogno_lordo_sociale_e_di_investimento
frozen,2020,1,50,5411,Legal services,322363.06599952467,370979.0,294788.0628550934,57413.4838714961,352201.5467265895,0.9152800974203894,0.4541701665153005,0.8987798880386405,0.4496642643931112,copertura_del_fabbisogno_lordo_sociale_e_di_investimento
frozen,2020,1,51,5415,Computer systems design and related services,1292480.3738791458,531833.0,245709.78119492374,1071641.3642467733,1317351.145441697,0.9811206209911388,0.4714386139347741,0.8987798880386405,0.4496642643931112,copertura_del_fabbisogno_lordo_sociale_e_di_investimento
frozen,2020,1,52,5412OP,"Miscellaneous professional, scientific, and technical services",2984868.978409205,1573028.0,998836.8690441046,2087134.4890808787,3085971.3581249835,0.9672380693198632,0.4678890562605069,0.8987798880386405,0.4496642643931112,copertura_del_fabbisogno_lordo_sociale_e_di_investimento
frozen,2020,1,53,55,Management of companies and enterprises,539932.7792527005,631717.0,501698.6503877588,89016.12242805363,590714.7728158124,0.914032971748709,0.45383217880245946,0.8987798880386405,0.4496642643931112,copertura_del_fabbisogno_lordo_sociale_e_di_investimento
frozen,2020,1,54,561,Administrative and support services,983446.9756312784,1085165.0,840685.725567978,227855.55332960782,1068541.2788975858,0.9203640468114631,0.45554366712473476,0.8987798880386405,0.4496642643931112,copertura_del_fabbisogno_lordo_sociale_e_di_investimento
frozen,2020,1,55,562,Waste management and remediation services,105382.02203511362,128247.0,102227.27596531229,13502.202388515034,115729.47835382732,0.9105892771150516,0.4528967141521988,0.8987798880386405,0.4496642643931112,copertura_del_fabbisogno_lordo_sociale_e_di_investimento
frozen,2020,1,56,61,Educational services,284392.582092483,383160.0,315685.781970728,660.5503174414332,316346.3322881694,0.898991241767966,0.4497224514965218,0.8987798880386405,0.4496642643931112,copertura_del_fabbisogno_lordo_sociale_e_di_investimento
frozen,2020,1,57,621,Ambulatory health care services,977156.1744400337,1162296.0,1086992.1924211597,189.45343686743962,1087181.645858027,0.8987975267636542,0.44966912092338784,0.8987798880386405,0.4496642643931112,copertura_del_fabbisogno_lordo_sociale_e_di_investimento
frozen,2020,1,58,622,Hospitals,802925.2715882449,931191.0,893349.7919274381,0.44562035929360383,893350.2375477974,0.8987799385291881,0.4496642782949681,0.8987798880386405,0.4496642643931112,copertura_del_fabbisogno_lordo_sociale_e_di_investimento
frozen,2020,1,59,623,Nursing and residential care facilities,223234.55394410115,261253.0,248266.54776522814,97.57393992959699,248364.12170515774,0.8988196540284155,0.4496752131774054,0.8987798880386405,0.4496642643931112,copertura_del_fabbisogno_lordo_sociale_e_di_investimento
frozen,2020,1,60,624,Social assistance,219888.37782817858,247852.0,244651.22236311986,0.7795841371779315,244652.00194725703,0.8987802105767477,0.44966435319939696,0.8987798880386405,0.4496642643931112,copertura_del_fabbisogno_lordo_sociale_e_di_investimento
frozen,2020,1,61,711AS,"Performing arts, spectator sports, museums, and related activities",142883.1541837881,224384.0,142250.85241369216,15030.948978008677,157281.80139170084,0.9084531898763433,0.45231484331097355,0.8987798880386405,0.4496642643931112,copertura_del_fabbisogno_lordo_sociale_e_di_investimento
frozen,2020,1,62,713,"Amusements, gambling, and recreation industries",107757.83757040462,172324.0,118555.80366962984,1202.2656218836596,119758.0692915135,0.8997960488833694,0.4499439077228853,0.8987798880386405,0.4496642643931112,copertura_del_fabbisogno_lordo_sociale_e_di_investimento
frozen,2020,1,63,721,Accommodation,205251.33132485475,306476.0,202741.62799291752,23031.233616608628,225772.86160952615,0.9091054162206468,0.45249264119290283,0.8987798880386405,0.4496642643931112,copertura_del_fabbisogno_lordo_sociale_e_di_investimento
frozen,2020,1,64,722,Food services and drinking places,739922.2584228498,909020.0,770990.7899732627,46971.24253185778,817962.0325051205,0.9045924248546559,0.45126002355328854,0.8987798880386405,0.4496642643931112,copertura_del_fabbisogno_lordo_sociale_e_di_investimento
frozen,2020,1,65,81,"Other services, except government",649805.562662518,776759.0,679558.0404524412,39032.46314891502,718590.5036013562,0.9042779711197002,0.4511739310363825,0.8987798880386405,0.4496642643931112,copertura_del_fabbisogno_lordo_sociale_e_di_investimento
frozen,2020,1,66,GFGD,Federal general government (defense),626323.4178372112,702344.0,696859.6273376826,0.0,696859.6273376826,0.8987798880386405,0.4496642643931112,0.8987798880386405,0.4496642643931112,copertura_del_fabbisogno_lordo_sociale_e_di_investimento
frozen,2020,1,67,GFGN,Federal general government (nondefense),443779.1513677134,440949.0,470899.28301717306,20544.346500062486,491443.62951723556,0.9030113012221873,0.4508268628695167,0.8987798880386405,0.4496642643931112,copertura_del_fabbisogno_lordo_sociale_e_di_investimento
frozen,2020,1,68,GFE,Federal government enterprises,83652.57356720389,98900.0,82541.57079703841,9465.869807708175,92007.44060474659,0.9091935719260549,0.4525166637152253,0.8987798880386405,0.4496642643931112,copertura_del_fabbisogno_lordo_sociale_e_di_investimento
frozen,2020,1,69,GSLG,State and local general government,2192733.0456632883,2503853.0,2430845.386008694,7938.101787148465,2438783.4877958423,0.8991093537561495,0.4497549631623716,0.8987798880386405,0.4496642643931112,copertura_del_fabbisogno_lordo_sociale_e_di_investimento
frozen,2020,1,70,GSLE,State and local government enterprises,304632.6260983077,382401.0,313223.0469300637,23114.051047383222,336337.0979774469,0.905736024750784,0.45157289572206943,0.8987798880386405,0.4496642643931112,copertura_del_fabbisogno_lordo_sociale_e_di_investimento
frozen,2021,1,0,111CA,Farms,383849.7980823058,388056.0,412058.53836417786,13499.871105984183,425558.40947016206,0.9019908655082503,0.45054694356922537,0.8987798880386405,0.4496642643931112,copertura_del_fabbisogno_lordo_sociale_e_di_investimento
frozen,2021,1,1,113FF,"Forestry, fishing, and related activities",52801.13416106079,50994.0,51027.92671410219,6938.259902116068,57966.186616218256,0.9108954244419394,0.45298000749826645,0.8987798880386405,0.4496642643931112,copertura_del_fabbisogno_lordo_sociale_e_di_investimento
frozen,2021,1,2,211,Oil and gas extraction,298178.4351401684,316004.0,291790.1861491535,35923.28430225815,327713.4704514117,0.9098754309044422,0.4527023998173852,0.8987798880386405,0.4496642643931112,copertura_del_fabbisogno_lordo_sociale_e_di_investimento
frozen,2021,1,3,212,"Mining, except oil and gas",98571.70573539977,106096.0,71344.6529785505,34448.56651918249,105793.219497733,0.93173935157075,0.45859196990520296,0.8987798880386405,0.4496642643931112,copertura_del_fabbisogno_lordo_sociale_e_di_investimento
frozen,2021,1,4,213,Support activities for mining,109912.17002141997,135631.0,24535.500280152228,87860.15582665271,112395.65610680493,0.9779040741305428,0.4706204132833837,0.8987798880386405,0.4496642643931112,copertura_del_fabbisogno_lordo_sociale_e_di_investimento
frozen,2021,1,5,22,Utilities,441210.60927148943,517969.0,444086.12141005625,42074.93479104496,486161.0562011012,0.907540008899812,0.4520657146938602,0.8987798880386405,0.4496642643931112,copertura_del_fabbisogno_lordo_sociale_e_di_investimento
frozen,2021,1,6,23,Construction,1301355.8497150282,1732164.0,275156.81706694595,1054050.4364785298,1329207.2535454757,0.9790466055943061,0.4709113316459015,0.8987798880386405,0.4496642643931112,copertura_del_fabbisogno_lordo_sociale_e_di_investimento
frozen,2021,1,7,321,Wood products,96051.77680696559,112381.0,59124.17624973059,42912.15629685587,102036.33254658646,0.9413487765557575,0.46114058869647817,0.8987798880386405,0.4496642643931112,copertura_del_fabbisogno_lordo_sociale_e_di_investimento
frozen,2021,1,8,327,Nonmetallic mineral products,113703.91730628033,135072.0,59088.998146270336,60595.914168060044,119684.91231433037,0.9500271597113088,0.46342174307831824,0.8987798880386405,0.4496642643931112,copertura_del_fabbisogno_lordo_sociale_e_di_investimento
frozen,2021,1,9,331,Primary metals,256422.3633458233,235954.0,193172.59685354267,82802.71837366278,275975.31522720546,0.9291496347588749,0.45790099401382306,0.8987798880386405,0.4496642643931112,copertura_del_fabbisogno_lordo_sociale_e_di_investimento
frozen,2021,1,10,332,Fabricated metal products,339155.23064815387,377502.0,235576.1658295403,127424.11069930744,363000.27652884775,0.9343112184136342,0.4592764420491249,0.8987798880386405,0.4496642643931112,copertura_del_fabbisogno_lordo_sociale_e_di_investimento
frozen,2021,1,11,333,Machinery,218205.31191990653,391132.0,185388.0178995651,51582.289948429905,236970.30784799502,0.920812881164313,0.4556645940586922,0.8987798880386405,0.4496642643931112,copertura_del_fabbisogno_lordo_sociale_e_di_investimento
frozen,2021,1,12,334,Computer and electronic products,622244.2918249819,367248.0,222001.23000568722,422714.0511760299,644715.2811817171,0.9651458713440956,0.46734997500003833,0.8987798880386405,0.4496642643931112,copertura_del_fabbisogno_lordo_sociale_e_di_investimento
frozen,2021,1,13,335,"Electrical equipment, appliances, and components",107086.27328325543,131501.0,66370.87845698111,47433.46257466373,113804.34103164484,0.9409682645891218,0.461040125373313,0.8987798880386405,0.4496642643931112,copertura_del_fabbisogno_lordo_sociale_e_di_investimento
frozen,2021,1,14,3361MV,"Motor vehicles, bodies and trailers, and parts",436515.47939359257,650219.0,450843.5732446281,31306.34310984512,482149.9163544732,0.905352183184181,0.45146792208170905,0.8987798880386405,0.4496642643931112,copertura_del_fabbisogno_lordo_sociale_e_di_investimento
frozen,2021,1,15,3364OT,Other transportation equipment,280519.16991187376,328510.0,191110.43633793158,108752.95333705186,299863.38967498345,0.9354898916333984,0.45958955408160024,0.8987798880386405,0.4496642643931112,copertura_del_fabbisogno_lordo_sociale_e_di_investimento
frozen,2021,1,16,337,Furniture and related products,69468.6875243326,74187.0,44499.54774921523,29473.388980522817,73972.93672973805,0.9391094986283722,0.46054883235062843,0.8987798880386405,0.4496642643931112,copertura_del_fabbisogno_lordo_sociale_e_di_investimento
frozen,2021,1,17,339,Miscellaneous manufacturing,202884.22581667325,166814.0,137766.85992745412,79062.14287564099,216829.0028030951,0.9356876764355861,0.45964205966700195,0.8987798880386405,0.4496642643931112,copertura_del_fabbisogno_lordo_sociale_e_di_investimento
frozen,2021,1,18,311FT,Food and beverage and tobacco products,894185.6339019105,977827.0,976098.844324715,16887.623885096782,992986.4682098117,0.9005013285971333,0.45013783081494707,0.8987798880386405,0.4496642643931112,copertura_del_fabbisogno_lordo_sociale_e_di_investimento
frozen,2021,1,19,313TT,Textile mills and textile product mills,62062.51454975561,49895.0,38346.04817450985,27597.857664745326,65943.90583925518,0.9411410161393707,0.4610857401314936,0.8987798880386405,0.4496642643931112,copertura_del_fabbisogno_lordo_sociale_e_di_investimento
frozen,2021,1,20,315AL,Apparel and leather and allied products,23827.700545978023,17331.0,24944.13739080246,1408.4115346521216,26352.548925454583,0.9041895952221249,0.4511497302339369,0.8987798880386405,0.4496642643931112,copertura_del_fabbisogno_lordo_sociale_e_di_investimento
frozen,2021,1,21,322,Paper products,173630.78098036477,190943.0,161083.7348825682,28851.95977776408,189935.6946603323,0.9141556108812191,0.4538654342011163,0.8987798880386405,0.4496642643931112,copertura_del_fabbisogno_lordo_sociale_e_di_investimento
frozen,2021,1,22,323,Printing and related support activities,79357.70934682334,81156.0,71353.11269675569,15226.966706024752,86580.07940278045,0.9165816189384879,0.4545224504332083,0.8987798880386405,0.4496642643931112,copertura_del_fabbisogno_lordo_sociale_e_di_investimento
frozen,2021,1,23,324,Petroleum and coal products,504705.1233955419,597698.0,495114.9247258445,59705.786784187454,554820.711510032,0.9096724634195926,0.45264712532893236,0.8987798880386405,0.4496642643931112,copertura_del_fabbisogno_lordo_sociale_e_di_investimento
frozen,2021,1,24,325,Chemical products,720260.5250332503,805728.0,642430.167754619,142857.2107861089,785287.3785407279,0.9171935583272525,0.4546879274628611,0.8987798880386405,0.4496642643931112,copertura_del_fabbisogno_lordo_sociale_e_di_investimento
frozen,2021,1,25,326,Plastics and rubber products,232997.911084914,250297.0,180756.2426704076,70537.83553531973,251294.07820572733,0.9271922074270498,0.4573775510926314,0.8987798880386405,0.4496642643931112,copertura_del_fabbisogno_lordo_sociale_e_di_investimento
frozen,2021,1,26,42,Wholesale trade,2064827.7340740885,2232753.0,2059802.511368111,213518.66352494707,2273321.174893058,0.9082868522399712,0.452269480939389,0.8987798880386405,0.4496642643931112,copertura_del_fabbisogno_lordo_sociale_e_di_investimento
frozen,2021,1,27,441,Motor vehicle and parts dealers,65295.735351439755,371276.0,67393.77387663854,4723.56681209311,72117.34068873165,0.9054096383457221,0.45148363757371857,0.8987798880386405,0.4496642643931112,copertura_del_fabbisogno_lordo_sociale_e_di_investimento
frozen,2021,1,28,445,Food and beverage stores,23175.58585564479,263473.0,25458.111757067563,294.3470209524066,25752.45877801997,0.8999368198358375,0.4499826249059746,0.8987798880386405,0.4496642643931112,copertura_del_fabbisogno_lordo_sociale_e_di_investimento
frozen,2021,1,29,452,General merchandise stores,18477.17515395196,244474.0,18996.445565564223,1403.5519354020194,20399.99750096624,0.9057439910508222,0.45157507393368634,0.8987798880386405,0.4496642643931112,copertura_del_fabbisogno_lordo_sociale_e_di_investimento
frozen,2021,1,30,4A0,Other retail,1119517.0401993531,1108702.0,1188807.97474855,51040.341755408364,1239848.3165039583,0.9029467760670052,0.45080917119527025,0.8987798880386405,0.4496642643931112,copertura_del_fabbisogno_lordo_sociale_e_di_investimento
frozen,2021,1,31,481,Air transportation,244970.60625167238,272267.0,240274.92281944118,29016.33802152204,269291.2608409632,0.9096864320314724,0.452650929783073,0.8987798880386405,0.4496642643931112,copertura_del_fabbisogno_lordo_sociale_e_di_investimento
frozen,2021,1,32,482,Rail transportation,75682.4379159789,84848.0,72543.16122880172,10482.103588787442,83025.26481758917,0.9115591269989581,0.453160493650968,0.8987798880386405,0.4496642643931112,copertura_del_fabbisogno_lordo_sociale_e_di_investimento
frozen,2021,1,33,483,Water transportation,38545.44060990591,60883.0,38422.31720030024,4012.2346584349307,42434.55185873517,0.9083503635957763,0.4522868021740261,0.8987798880386405,0.4496642643931112,copertura_del_fabbisogno_lordo_sociale_e_di_investimento
frozen,2021,1,34,484,Truck transportation,381042.1706745777,409425.0,370975.09265160403,47617.21843604478,418592.3110876488,0.9102942423488317,0.45281642018993307,0.8987798880386405,0.4496642643931112,copertura_del_fabbisogno_lordo_sociale_e_di_investimento
frozen,2021,1,35,485,Transit and ground passenger transportation,91859.40835713668,109551.0,86761.3577826912,13880.044923129051,100641.40270582025,0.9127397461425119,0.4534812550364797,0.8987798880386405,0.4496642643931112,copertura_del_fabbisogno_lordo_sociale_e_di_investimento
frozen,2021,1,36,486,Pipeline transportation,52843.851816861934,61593.0,53154.10148433159,5070.014435979847,58224.11592031144,0.9075938892603674,0.452080420305892,0.8987798880386405,0.4496642643931112,copertura_del_fabbisogno_lordo_sociale_e_di_investimento
frozen,2021,1,37,487OS,Other transportation and support activities,252336.83326446198,264513.0,242858.79125671744,34060.23604954991,276919.02730626735,0.9112296678168744,0.4530709159665416,0.8987798880386405,0.4496642643931112,copertura_del_fabbisogno_lordo_sociale_e_di_investimento
frozen,2021,1,38,493,Warehousing and storage,119703.5134771051,134932.0,114142.97659625902,17114.10175152225,131257.07834778127,0.9119775861530025,0.45327422752096724,0.8987798880386405,0.4496642643931112,copertura_del_fabbisogno_lordo_sociale_e_di_investimento
frozen,2021,1,39,511,"Publishing industries, except internet (includes software)",319160.8739996527,418461.0,282908.7657412604,64888.16520157269,347796.9309428331,0.9176644346298523,0.4548151907124244,0.8987798880386405,0.4496642643931112,copertura_del_fabbisogno_lordo_sociale_e_di_investimento
frozen,2021,1,40,512,Motion picture and sound recording industries,99263.94819545011,166843.0,99701.3495676265,9654.380393757398,109355.7299613839,0.9077160221097016,0.45211375120465314,0.8987798880386405,0.4496642643931112,copertura_del_fabbisogno_lordo_sociale_e_di_investimento
frozen,2021,1,41,513,Broadcasting and telecommunications,756123.6335790328,893988.0,769137.8718725559,64837.98321113875,833975.8550836947,0.9066493100128794,0.4518225010662476,0.8987798880386405,0.4496642643931112,copertura_del_fabbisogno_lordo_sociale_e_di_investimento
frozen,2021,1,42,514,"Data processing, internet publishing, and other information services",419247.906984197,481772.0,381979.5144216049,75932.4017792926,457911.91620089754,0.9155645270438044,0.45424719216836384,0.8987798880386405,0.4496642643931112,copertura_del_fabbisogno_lordo_sociale_e_di_investimento
frozen,2021,1,43,521CI,"Federal Reserve banks, credit intermediation, and related activities",1034736.6940808364,1119901.0,1042819.0719281798,97471.88536866789,1140290.9572968478,0.9074321667285371,0.4520362788683201,0.8987798880386405,0.4496642643931112,copertura_del_fabbisogno_lordo_sociale_e_di_investimento
frozen,2021,1,44,523,"Securities, commodity contracts, and investments",585077.7689220569,607994.0,620785.9650600359,27127.828749438355,647913.7938094743,0.9030179238537789,0.450828678615309,0.8987798880386405,0.4496642643931112,copertura_del_fabbisogno_lordo_sociale_e_di_investimento
frozen,2021,1,45,524,Insurance carriers and related activities,1051198.3598471864,1132639.0,1071586.2952210216,88078.14940469508,1159664.4446257167,0.9064676982370208,0.4517728837765427,0.8987798880386405,0.4496642643931112,copertura_del_fabbisogno_lordo_sociale_e_di_investimento
frozen,2021,1,46,525,"Funds, trusts, and other financial vehicles",141504.04305596635,147388.0,157081.39568398386,322.44383016192916,157403.8395141458,0.8989872387658591,0.44972134955742815,0.8987798880386405,0.4496642643931112,copertura_del_fabbisogno_lordo_sociale_e_di_investimento
frozen,2021,1,47,HS,Housing,2090441.4445166544,2218948.0,2325865.8458396452,0.0,2325865.8458396452,0.8987798880386405,0.4496642643931112,0.8987798880386405,0.4496642643931112,copertura_del_fabbisogno_lordo_sociale_e_di_investimento
frozen,2021,1,48,ORE,Other real estate,1179398.7515831306,1435813.0,1038883.6495303275,245671.02137308865,1284554.6709034161,0.9181382297677293,0.4549431828925808,0.8987798880386405,0.4496642643931112,copertura_del_fabbisogno_lordo_sociale_e_di_investimento
frozen,2021,1,49,532RL,Rental and leasing services and lessors of intangible assets,383314.2490938178,403077.0,359252.8957503149,60424.97167379237,419677.8674241073,0.9133535000225731,0.45364785667908436,0.8987798880386405,0.4496642643931112,copertura_del_fabbisogno_lordo_sociale_e_di_investimento
frozen,2021,1,50,5411,Legal services,346140.336940259,370979.0,312392.44785936235,65368.28762910446,377760.7354884668,0.916295168931941,0.45444495580342786,0.8987798880386405,0.4496642643931112,copertura_del_fabbisogno_lordo_sociale_e_di_investimento
frozen,2021,1,51,5415,Computer systems design and related services,1523929.3699858072,531833.0,264237.9451249548,1286437.61925084,1550675.564375795,0.9827519082621553,0.47185260249366995,0.8987798880386405,0.4496642643931112,copertura_del_fabbisogno_lordo_sociale_e_di_investimento
frozen,2021,1,52,5412OP,"Miscellaneous professional, scientific, and technical services",3266266.724570565,1573028.0,1071631.0471378714,2303106.2920052577,3374737.339143129,0.9678580571843539,0.4680485944486021,0.8987798880386405,0.4496642643931112,copertura_del_fabbisogno_lordo_sociale_e_di_investimento
frozen,2021,1,53,55,Management of companies and enterprises,592612.0940050863,631717.0,541290.8981788992,106110.72114352018,647401.6193224194,0.9153701138797327,0.45419454599214,0.8987798880386405,0.4496642643931112,copertura_del_fabbisogno_lordo_sociale_e_di_investimento
frozen,2021,1,54,561,Administrative and support services,1067332.4922480052,1085165.0,898221.9669765944,260028.6533349343,1158250.6203115287,0.9215039245659375,0.4558506730397791,0.8987798880386405,0.4496642643931112,copertura_del_fabbisogno_lordo_sociale_e_di_investimento
frozen,2021,1,55,562,Waste management and remediation services,111861.26996630969,128247.0,107153.28353016078,15554.053792099081,122707.33732225986,0.9116102786301546,0.45317439879603993,0.8987798880386405,0.4496642643931112,copertura_del_fabbisogno_lordo_sociale_e_di_investimento
frozen,2021,1,56,61,Educational services,292248.9979401716,383160.0,324307.9325345294,767.5506467443021,325075.48318127374,0.8990188834917554,0.4497300605392021,0.8987798880386405,0.4496642643931112,copertura_del_fabbisogno_lordo_sociale_e_di_investimento
frozen,2021,1,57,621,Ambulatory health care services,1065852.1718117043,1162296.0,1185650.4099989184,213.42905990825278,1185863.8390588267,0.8987981054027494,0.44966928024061004,0.8987798880386405,0.4496642643931112,copertura_del_fabbisogno_lordo_sociale_e_di_investimento
frozen,2021,1,58,622,Hospitals,851296.0590239671,931191.0,947167.9966305306,0.5130585954362918,947168.509689126,0.8987799428671615,0.44966427948936755,0.8987798880386405,0.4496642643931112,copertura_del_fabbisogno_lordo_sociale_e_di_investimento
frozen,2021,1,59,623,Nursing and residential care facilities,221950.74524048783,261253.0,246820.37051678982,113.56026175168867,246933.93077854151,0.8988264372608257,0.4496770807637353,0.8987798880386405,0.4496642643931112,copertura_del_fabbisogno_lordo_sociale_e_di_investimento
frozen,2021,1,60,624,Social assistance,231094.48457895062,247852.0,257119.2102711624,0.9095588516187187,257120.119830014,0.8987802461033803,0.44966436298114876,0.8987798880386405,0.4496642643931112,copertura_del_fabbisogno_lordo_sociale_e_di_investimento
frozen,2021,1,61,711AS,"Performing arts, spectator sports, museums, and related activities",164957.94523934578,224384.0,164539.75144065893,17072.925861604614,181612.67730226356,0.9082953221641086,0.45227179097611164,0.8987798880386405,0.4496642643931112,copertura_del_fabbisogno_lordo_sociale_e_di_investimento
frozen,2021,1,62,713,"Amusements, gambling, and recreation industries",138284.99179560275,172324.0,152301.6516343067,1399.3303916205575,153700.98202592725,0.8997014200747004,0.4499178782605912,0.8987798880386405,0.4496642643931112,copertura_del_fabbisogno_lordo_sociale_e_di_investimento
frozen,2021,1,63,721,Accommodation,245640.25245761103,306476.0,243541.53632656744,26750.017705260252,270291.5540318277,0.908797366375296,0.4524086807297759,0.8987798880386405,0.4496642643931112,copertura_del_fabbisogno_lordo_sociale_e_di_investimento
frozen,2021,1,64,722,Food services and drinking places,866871.9954862816,909020.0,904365.9632260653,54046.056312001325,958412.0195380666,0.904487817154145,0.4512313865984399,0.8987798880386405,0.4496642643931112,copertura_del_fabbisogno_lordo_sociale_e_di_investimento
frozen,2021,1,65,81,"Other services, except government",689068.8980841476,776759.0,716449.8024305865,45138.224870278966,761588.0273008655,0.9047790582085015,0.45131110807643043,0.8987798880386405,0.4496642643931112,copertura_del_fabbisogno_lordo_sociale_e_di_investimento
frozen,2021,1,66,GFGD,Federal general government (defense),623287.9680179475,702344.0,693482.3267776003,0.0,693482.3267776003,0.8987798880386405,0.4496642643931112,0.8987798880386405,0.4496642643931112,copertura_del_fabbisogno_lordo_sociale_e_di_investimento
frozen,2021,1,67,GFGN,Federal general government (nondefense),475603.50955020037,440949.0,502538.36330210493,23932.135646412833,526470.4989485177,0.9033811210696319,0.45092823904984425,0.8987798880386405,0.4496642643931112,copertura_del_fabbisogno_lordo_sociale_e_di_investimento
frozen,2021,1,68,GFE,Federal government enterprises,89137.76671451295,98900.0,87116.06302295813,10839.601344371491,97955.66436732962,0.909980727405922,0.45273107099904475,0.8987798880386405,0.4496642643931112,copertura_del_fabbisogno_lordo_sociale_e_di_investimento
frozen,2021,1,69,GSLG,State and local general government,2217033.3812926216,2503853.0,2456632.001074293,9061.946414927112,2465693.94748922,0.8991518933443439,0.4497666717260635,0.8987798880386405,0.4496642643931112,copertura_del_fabbisogno_lordo_sociale_e_di_investimento
frozen,2021,1,70,GSLE,State and local government enterprises,319359.9866402389,382401.0,325288.4837798915,26997.239608288877,352285.72338818037,0.9065368405189077,0.451791774869416,0.8987798880386405,0.4496642643931112,copertura_del_fabbisogno_lordo_sociale_e_di_investimento
frozen,2022,1,0,111CA,Farms,353950.29497446807,388056.0,384071.22850249463,8754.799222132828,392826.02772462746,0.9010357511814073,0.45028468414391776,0.8987798880386405,0.4496642643931112,copertura_del_fabbisogno_lordo_sociale_e_di_investimento
frozen,2022,1,1,113FF,"Forestry, fishing, and related activities",49254.11460889633,50994.0,49393.55109799033,4860.184283213714,54253.73538120404,0.9078474369151031,0.45214961068453385,0.8987798880386405,0.4496642643931112,copertura_del_fabbisogno_lordo_sociale_e_di_investimento
frozen,2022,1,2,211,Oil and gas extraction,297149.8213961656,316004.0,307714.85048905696,20581.90252578399,328296.75301484094,0.9051256787262001,0.4514059584041639,0.8987798880386405,0.4496642643931112,copertura_del_fabbisogno_lordo_sociale_e_di_investimento
frozen,2022,1,3,212,"Mining, except oil and gas",76894.33069018075,106096.0,74130.47413408918,10267.351447692732,84397.82558178192,0.9110937415759576,0.45303395000473484,0.8987798880386405,0.4496642643931112,copertura_del_fabbisogno_lordo_sociale_e_di_investimento
frozen,2022,1,4,213,Support activities for mining,25013.37221922009,135631.0,25838.27268857537,1790.4523850704568,27628.725073645826,0.9053393579524798,0.4514644139218722,0.8987798880386405,0.4496642643931112,copertura_del_fabbisogno_lordo_sociale_e_di_investimento
frozen,2022,1,5,22,Utilities,441884.6652360375,517969.0,457526.09514633904,30669.412665654563,488195.5078119936,0.9051387367665198,0.45140953100638986,0.8987798880386405,0.4496642643931112,copertura_del_fabbisogno_lordo_sociale_e_di_investimento
frozen,2022,1,6,23,Construction,498486.10353944206,1732164.0,281691.37890341686,245307.55754717882,526998.9364505957,0.9458958435415616,0.46233822045611195,0.8987798880386405,0.4496642643931112,copertura_del_fabbisogno_lordo_sociale_e_di_investimento
frozen,2022,1,7,321,Wood products,82978.08410219043,112381.0,60069.664337479015,28988.67791443233,89058.34225191135,0.9317272475999807,0.4585887444786709,0.8987798880386405,0.4496642643931112,copertura_del_fabbisogno_lordo_sociale_e_di_investimento
frozen,2022,1,8,327,Nonmetallic mineral products,76507.33064964203,135072.0,60258.62718570161,22348.08845431495,82606.71564001657,0.9261635698366893,0.4571020739018316,0.8987798880386405,0.4496642643931112,copertura_del_fabbisogno_lordo_sociale_e_di_investimento
frozen,2022,1,9,331,Primary metals,247852.46175924523,235954.0,196058.78585161731,71638.76816253681,267697.5540141541,0.9258674875532871,0.4570227289009363,0.8987798880386405,0.4496642643931112,copertura_del_fabbisogno_lordo_sociale_e_di_investimento
frozen,2022,1,10,332,Fabricated metal products,295005.89044458803,377502.0,239559.25846052016,79694.84694682196,319254.1054073421,0.9240472885013794,0.45653443659685994,0.8987798880386405,0.4496642643931112,copertura_del_fabbisogno_lordo_sociale_e_di_investimento
frozen,2022,1,11,333,Machinery,284911.69957722863,391132.0,187653.33537838285,116252.65581576824,303905.9911941511,0.9374994499375041,0.4601225536361543,0.8987798880386405,0.4496642643931112,copertura_del_fabbisogno_lordo_sociale_e_di_investimento
frozen,2022,1,12,334,Computer and electronic products,499974.7712553191,367248.0,215435.4091494725,306345.7583403975,521781.16748987,0.9582077744594448,0.4655544432150941,0.8987798880386405,0.4496642643931112,copertura_del_fabbisogno_lordo_sociale_e_di_investimento
frozen,2022,1,13,335,"Electrical equipment, appliances, and components",117513.41668381455,131501.0,70128.30899026236,54483.50298120736,124611.81197146972,0.9430359355557691,0.46158558405348554,0.8987798880386405,0.4496642643931112,copertura_del_fabbisogno_lordo_sociale_e_di_investimento
frozen,2022,1,14,3361MV,"Motor vehicles, bodies and trailers, and parts",444017.87512245687,650219.0,448091.3814450993,41282.353476150776,489373.7349212501,0.9073185654189392,0.4520052676489725,0.8987798880386405,0.4496642643931112,copertura_del_fabbisogno_lordo_sociale_e_di_investimento
frozen,2022,1,15,3364OT,Other transportation equipment,296850.7008399256,328510.0,207277.44242017172,110553.90434858795,317831.34676875966,0.9339881162064904,0.4591905472626035,0.8987798880386405,0.4496642643931112,copertura_del_fabbisogno_lordo_sociale_e_di_investimento
frozen,2022,1,16,337,Furniture and related products,61877.65408562336,74187.0,43205.06254781193,23045.812806198486,66250.87535401042,0.93398998511312,0.45919104417870393,0.8987798880386405,0.4496642643931112,copertura_del_fabbisogno_lordo_sociale_e_di_investimento
frozen,2022,1,17,339,Miscellaneous manufacturing,205720.1355568865,166814.0,139233.85608991442,80579.54596920502,219813.40205911943,0.9358853174091609,0.4596945168798385,0.8987798880386405,0.4496642643931112,copertura_del_fabbisogno_lordo_sociale_e_di_investimento
frozen,2022,1,18,311FT,Food and beverage and tobacco products,861604.2329096558,977827.0,943492.1509414386,13612.463121173429,957104.6140626121,0.9002194956018582,0.45006035466671906,0.8987798880386405,0.4496642643931112,copertura_del_fabbisogno_lordo_sociale_e_di_investimento
frozen,2022,1,19,313TT,Textile mills and textile product mills,40612.66106644881,49895.0,38134.931364056334,6337.7517247010155,44472.68308875735,0.9132046516149067,0.45360746155755843,0.8987798880386405,0.4496642643931112,copertura_del_fabbisogno_lordo_sociale_e_di_investimento
frozen,2022,1,20,315AL,Apparel and leather and allied products,16137.792394486218,17331.0,16682.206443732342,1144.1607547509761,17826.36719848332,0.9052765611077075,0.451447236089787,0.8987798880386405,0.4496642643931112,copertura_del_fabbisogno_lordo_sociale_e_di_investimento
frozen,2022,1,21,322,Paper products,165649.02143841714,190943.0,156386.7339945617,25091.77016805632,181478.50416261802,0.9127748886996748,0.4534907971200695,0.8987798880386405,0.4496642643931112,copertura_del_fabbisogno_lordo_sociale_e_di_investimento
frozen,2022,1,22,323,Printing and related support activities,81773.22103080535,81156.0,72550.795144715,16566.025493524055,89116.82063823905,0.9175958078975425,0.45479664673457715,0.8987798880386405,0.4496642643931112,copertura_del_fabbisogno_lordo_sociale_e_di_investimento
frozen,2022,1,23,324,Petroleum and coal products,505178.9791890292,597698.0,524981.0551188373,33336.56524691326,558317.6203657505,0.9048236357972895,0.451323308265694,0.8987798880386405,0.4496642643931112,copertura_del_fabbisogno_lordo_sociale_e_di_investimento
frozen,2022,1,24,325,Chemical products,645083.3136349765,805728.0,633454.3005868063,75747.32827597143,709201.6288627777,0.9095908517150243,0.452624896724008,0.8987798880386405,0.4496642643931112,copertura_del_fabbisogno_lordo_sociale_e_di_investimento
frozen,2022,1,25,326,Plastics and rubber products,204302.8798327061,250297.0,181988.185173954,40735.55913770435,222723.74431165835,0.9172927676127075,0.45471474559354347,0.8987798880386405,0.4496642643931112,copertura_del_fabbisogno_lordo_sociale_e_di_investimento
frozen,2022,1,26,42,Wholesale trade,2025114.1187878647,2232753.0,2081052.4968672758,154705.9886509614,2235758.485518237,0.9057839350293034,0.4515859954856356,0.8987798880386405,0.4496642643931112,copertura_del_fabbisogno_lordo_sociale_e_di_investimento
frozen,2022,1,27,441,Motor vehicle and parts dealers,64223.182057410624,371276.0,67517.9668405312,3539.39137988135,71057.35822041254,0.9038216965257417,0.45104896213710144,0.8987798880386405,0.4496642643931112,copertura_del_fabbisogno_lordo_sociale_e_di_investimento
frozen,2022,1,28,445,Food and beverage stores,22509.29852080293,263473.0,24838.97187804611,184.5301572577099,25023.50203530382,0.8995263128656499,0.4498697051785634,0.8987798880386405,0.4496642643931112,copertura_del_fabbisogno_lordo_sociale_e_di_investimento
frozen,2022,1,29,452,General merchandise stores,16463.840786134882,244474.0,17588.093239739264,656.0163133088558,18244.10955304812,0.9024195309868767,0.4506645670511045,0.8987798880386405,0.4496642643931112,copertura_del_fabbisogno_lordo_sociale_e_di_investimento
frozen,2022,1,30,4A0,Other retail,1107734.4750533802,1108702.0,1215592.7394325472,15184.168805610987,1230776.9082381583,0.900028646653022,0.4500078777167459,0.8987798880386405,0.4496642643931112,copertura_del_fabbisogno_lordo_sociale_e_di_investimento
frozen,2022,1,31,481,Air transportation,281191.809153615,272267.0,279978.7260854381,29552.561069343716,309531.2871547818,0.9084438983158571,0.4523123095833624,0.8987798880386405,0.4496642643931112,copertura_del_fabbisogno_lordo_sociale_e_di_investimento
frozen,2022,1,32,482,Rail transportation,73804.01921391796,84848.0,74788.3457514073,6585.758192872981,81374.10394428027,0.9069718207214199,0.4519105905509937,0.8987798880386405,0.4496642643931112,copertura_del_fabbisogno_lordo_sociale_e_di_investimento
frozen,2022,1,33,483,Water transportation,49674.39463239791,60883.0,52347.164280150275,2625.8161815441267,54972.9804616944,0.9036147251832455,0.4509922560589103,0.8987798880386405,0.4496642643931112,copertura_del_fabbisogno_lordo_sociale_e_di_investimento
frozen,2022,1,34,484,Truck transportation,360977.26192074735,409425.0,368217.7575827098,30030.546986720157,398248.30456942995,0.9064125516140525,0.45175781565206596,0.8987798880386405,0.4496642643931112,copertura_del_fabbisogno_lordo_sociale_e_di_investimento
frozen,2022,1,35,485,Transit and ground passenger transportation,106513.53438642941,109551.0,102962.06736939246,13973.299003939894,116935.36637333236,0.9108752782829636,0.4529745271227051,0.8987798880386405,0.4496642643931112,copertura_del_fabbisogno_lordo_sociale_e_di_investimento
frozen,2022,1,36,486,Pipeline transportation,55463.96562220286,61593.0,58242.29501737381,3116.962227374149,61359.25724474796,0.9039217244917073,0.4510763636344059,0.8987798880386405,0.4496642643931112,copertura_del_fabbisogno_lordo_sociale_e_di_investimento
frozen,2022,1,37,487OS,Other transportation and support activities,252365.09527220821,264513.0,249274.25621137503,28322.4071836332,277596.66339500825,0.9091070915110511,0.4524930977309481,0.8987798880386405,0.4496642643931112,copertura_del_fabbisogno_lordo_sociale_e_di_investimento
frozen,2022,1,38,493,Warehousing and storage,117799.82585826924,134932.0,116171.91075548192,13386.848916222261,129558.75967170417,0.9092386046051111,0.4525289343541205,0.8987798880386405,0.4496642643931112,copertura_del_fabbisogno_lordo_sociale_e_di_investimento
frozen,2022,1,39,511,"Publishing industries, except internet (includes software)",764016.1690225012,418461.0,298559.9033145947,495676.53254858253,794236.4358631773,0.9619505408262558,0.4665245464330038,0.8987798880386405,0.4496642643931112,copertura_del_fabbisogno_lordo_sociale_e_di_investimento
frozen,2022,1,40,512,Motion picture and sound recording industries,106593.74407232819,166843.0,109410.91965069066,8257.409958475755,117668.32960916641,0.9058830394412644,0.45161309090763174,0.8987798880386405,0.4496642643931112,copertura_del_fabbisogno_lordo_sociale_e_di_investimento
frozen,2022,1,41,513,Broadcasting and telecommunications,762624.3769147563,893988.0,783231.467562994,58671.686190148495,841903.1537531425,0.9058338521658136,0.45159964330432106,0.8987798880386405,0.4496642643931112,copertura_del_fabbisogno_lordo_sociale_e_di_investimento
frozen,2022,1,42,514,"Data processing, internet publishing, and other information services",437530.3919998748,481772.0,403141.6154941369,75194.81596233779,478336.43145647465,0.9146917592449512,0.45401077115029814,0.8987798880386405,0.4496642643931112,copertura_del_fabbisogno_lordo_sociale_e_di_investimento
frozen,2022,1,43,521CI,"Federal Reserve banks, credit intermediation, and related activities",1022177.0860857886,1119901.0,1044569.6242859027,83338.91612154015,1127908.540407443,0.9062588405585968,0.4517158116578167,0.8987798880386405,0.4496642643931112,copertura_del_fabbisogno_lordo_sociale_e_di_investimento
frozen,2022,1,44,523,"Securities, commodity contracts, and investments",578717.419457117,607994.0,623478.107200299,18347.83607308873,641825.9432733877,0.9016734607292285,0.4504598169577272,0.8987798880386405,0.4496642643931112,copertura_del_fabbisogno_lordo_sociale_e_di_investimento
frozen,2022,1,45,524,Insurance carriers and related activities,1059090.2463201114,1132639.0,1097830.3555989545,72382.4022294623,1170212.7578284168,0.9050407622332565,0.4513827246211209,0.8987798880386405,0.4496642643931112,copertura_del_fabbisogno_lordo_sociale_e_di_investimento
frozen,2022,1,46,525,"Funds, trusts, and other financial vehicles",136473.72156791636,147388.0,151548.73310241784,264.7681977274346,151813.5013001453,0.8989564195486067,0.44971286555191836,0.8987798880386405,0.4496642643931112,copertura_del_fabbisogno_lordo_sociale_e_di_investimento
frozen,2022,1,47,HS,Housing,2147885.1135318447,2218948.0,2389778.790243137,0.0,2389778.790243137,0.8987798880386405,0.4496642643931112,0.8987798880386405,0.4496642643931112,copertura_del_fabbisogno_lordo_sociale_e_di_investimento
frozen,2022,1,48,ORE,Other real estate,1172021.572495858,1435813.0,1076151.553627722,204798.19961372486,1280949.7532414468,0.9149629558302769,0.45408425657793855,0.8987798880386405,0.4496642643931112,copertura_del_fabbisogno_lordo_sociale_e_di_investimento
frozen,2022,1,49,532RL,Rental and leasing services and lessors of intangible assets,369435.84574278916,403077.0,364789.709318494,41570.191643864906,406359.9009623589,0.9091345993240852,0.4525005938526652,0.8987798880386405,0.4496642643931112,copertura_del_fabbisogno_lordo_sociale_e_di_investimento
frozen,2022,1,50,5411,Legal services,344902.84054812335,370979.0,319783.05471843417,57488.26243163464,377271.3171500688,0.9142037172439745,0.4538784778407991,0.8987798880386405,0.4496642643931112,copertura_del_fabbisogno_lordo_sociale_e_di_investimento
frozen,2022,1,51,5415,Computer systems design and related services,2050375.1325666464,531833.0,276263.64571749,1802074.9239995342,2078338.5697170242,0.9865452926881951,0.47281278587400427,0.8987798880386405,0.4496642643931112,copertura_del_fabbisogno_lordo_sociale_e_di_investimento
frozen,2022,1,52,5412OP,"Miscellaneous professional, scientific, and technical services",2727855.9707218283,1573028.0,1097704.8763078593,1741260.9048943808,2838965.78120224,0.960862574950319,0.4662429152868101,0.8987798880386405,0.4496642643931112,copertura_del_fabbisogno_lordo_sociale_e_di_investimento
frozen,2022,1,53,55,Management of companies and enterprises,590650.4683985652,631717.0,560590.2747325973,86803.2040388507,647393.478771448,0.9123515879700187,0.45337583821044075,0.8987798880386405,0.4496642643931112,copertura_del_fabbisogno_lordo_sociale_e_di_investimento
frozen,2022,1,54,561,Administrative and support services,1115094.6675941057,1085165.0,940545.6782436968,269751.12820700865,1210296.8064507055,0.9213398413106717,0.4558065014506709,0.8987798880386405,0.4496642643931112,copertura_del_fabbisogno_lordo_sociale_e_di_investimento
frozen,2022,1,55,562,Waste management and remediation services,111783.69129004254,128247.0,110645.83712150648,12337.438190033274,122983.27531153976,0.9089340888578014,0.45244594827627443,0.8987798880386405,0.4496642643931112,copertura_del_fabbisogno_lordo_sociale_e_di_investimento
frozen,2022,1,56,61,Educational services,311464.9824040866,383160.0,345788.1347448868,677.5613729869353,346465.6961178737,0.8989778379043932,0.44971876168813696,0.8987798880386405,0.4496642643931112,copertura_del_fabbisogno_lordo_sociale_e_di_investimento
frozen,2022,1,57,621,Ambulatory health care services,1129791.3781288285,1162296.0,1256831.4051336364,176.58853937143368,1257007.993673008,0.8987941077666106,0.44966817956597577,0.8987798880386405,0.4496642643931112,copertura_del_fabbisogno_lordo_sociale_e_di_investimento
frozen,2022,1,58,622,Hospitals,873686.1175451522,931191.0,972079.6958393004,0.43735407002701526,972080.1331933704,0.8987799335791535,0.44966427693204625,0.8987798880386405,0.4496642643931112,copertura_del_fabbisogno_lordo_sociale_e_di_investimento
frozen,2022,1,59,623,Nursing and residential care facilities,230310.80905713784,261253.0,256134.44751790876,102.31899415277014,256236.76651206153,0.898820306672488,0.44967539286649943,0.8987798880386405,0.4496642643931112,copertura_del_fabbisogno_lordo_sociale_e_di_investimento
frozen,2022,1,60,624,Social assistance,238344.5026011139,247852.0,265185.81725945196,0.8234552282992473,265186.64071468025,0.8987802023464434,0.44966435093329993,0.8987798880386405,0.4496642643931112,copertura_del_fabbisogno_lordo_sociale_e_di_investimento
frozen,2022,1,61,711AS,"Performing arts, spectator sports, museums, and related activities",192141.67083329568,224384.0,196618.49448098178,15424.922377352821,212043.41685833462,0.9061430610772735,0.45168416882028645,0.8987798880386405,0.4496642643931112,copertura_del_fabbisogno_lordo_sociale_e_di_investimento
frozen,2022,1,62,713,"Amusements, gambling, and recreation industries",157067.67588595985,172324.0,173183.05604082573,1414.2281673968794,174597.2842082226,0.8995997652440163,0.44988991341186507,0.8987798880386405,0.4496642643931112,copertura_del_fabbisogno_lordo_sociale_e_di_investimento
frozen,2022,1,63,721,Accommodation,279788.9614431635,306476.0,279461.49681797,28614.58862199756,308076.0854399676,0.908181370337763,0.4522407108004457,0.8987798880386405,0.4496642643931112,copertura_del_fabbisogno_lordo_sociale_e_di_investimento
frozen,2022,1,64,722,Food services and drinking places,906265.6995579598,909020.0,950013.0354477849,52413.08992295065,1002426.1253707355,0.9040723067974591,0.4511176087464537,0.8987798880386405,0.4496642643931112,copertura_del_fabbisogno_lordo_sociale_e_di_investimento
frozen,2022,1,65,81,"Other services, except government",725429.7167472582,776759.0,764531.2637299758,38284.3931299902,802815.656859966,0.9036068374458645,0.4509900947422171,0.8987798880386405,0.4496642643931112,copertura_del_fabbisogno_lordo_sociale_e_di_investimento
frozen,2022,1,66,GFGD,Federal general government (defense),597340.9160674622,702344.0,664613.1316656489,0.0,664613.1316656489,0.8987798880386405,0.4496642643931112,0.8987798880386405,0.4496642643931112,copertura_del_fabbisogno_lordo_sociale_e_di_investimento
frozen,2022,1,67,GFGN,Federal general government (nondefense),463913.2097188578,440949.0,492029.22935004794,21687.23405188309,513716.46340193105,0.9030530317185742,0.45083830403819863,0.8987798880386405,0.4496642643931112,copertura_del_fabbisogno_lordo_sociale_e_di_investimento
frozen,2022,1,68,GFE,Federal government enterprises,86536.75379894556,98900.0,85787.77410890601,9432.427790258826,95220.20189916484,0.908806661537908,0.4524112145477162,0.8987798880386405,0.4496642643931112,copertura_del_fabbisogno_lordo_sociale_e_di_investimento
frozen,2022,1,69,GSLG,State and local general government,2250122.5325984685,2503853.0,2495613.276491305,7115.511365868428,2502728.7878571735,0.8990676670663202,0.4497434888663492,0.8987798880386405,0.4496642643931112,copertura_del_fabbisogno_lordo_sociale_e_di_investimento
frozen,2022,1,70,GSLE,State and local government enterprises,318198.1375544563,382401.0,329804.0379838164,21776.90122067024,351580.93920448667,0.9050494553954922,0.4513851032252832,0.8987798880386405,0.4496642643931112,copertura_del_fabbisogno_lordo_sociale_e_di_investimento
frozen,2023,1,0,111CA,Farms,365160.5259725878,388056.0,405456.0260628577,744.804263220484,406200.83032607817,0.8989654838456504,0.44971536082564184,0.8987798880386405,0.4496642643931112,copertura_del_fabbisogno_lordo_sociale_e_di_investimento
frozen,2023,1,1,113FF,"Forestry, fishing, and related activities",46698.586224265455,50994.0,51601.17469201797,320.4882119112142,51921.66290392919,0.8994046725867003,0.4498362362148073,0.8987798880386405,0.4496642643931112,copertura_del_fabbisogno_lordo_sociale_e_di_investimento
frozen,2023,1,2,211,Oil and gas extraction,294754.5658308947,316004.0,325075.9643107803,2582.827023598496,327658.79133437877,0.8995777730562858,0.4498838630724086,0.8987798880386405,0.4496642643931112,copertura_del_fabbisogno_lordo_sociale_e_di_investimento
frozen,2023,1,3,212,"Mining, except oil and gas",70779.18216538845,106096.0,77818.82724188572,837.1853296280865,78656.01257151381,0.8998572372459922,0.4499607374400323,0.8987798880386405,0.4496642643931112,copertura_del_fabbisogno_lordo_sociale_e_di_investimento
frozen,2023,1,4,213,Support activities for mining,25093.834027848712,135631.0,27677.690428329057,217.6825235069697,27895.372951836027,0.8995697627407802,0.44988165929642454,0.8987798880386405,0.4496642643931112,copertura_del_fabbisogno_lordo_sociale_e_di_investimento
frozen,2023,1,5,22,Utilities,435256.428715822,517969.0,479296.9250558291,4473.992076879238,483770.91713270836,0.899715988087027,0.44992188563122676,0.8987798880386405,0.4496642643931112,copertura_del_fabbisogno_lordo_sociale_e_di_investimento
frozen,2023,1,6,23,Construction,263788.54968785524,1732164.0,290582.6514778039,2618.7067266633962,293201.3582044673,0.8996839281484478,0.4499130665022073,0.8987798880386405,0.4496642643931112,copertura_del_fabbisogno_lordo_sociale_e_di_investimento
frozen,2023,1,7,321,Wood products,56948.19645527602,112381.0,62041.40944681397,1186.625418909105,63228.03486572307,0.9006795257233046,0.4501868061041322,0.8987798880386405,0.4496642643931112,copertura_del_fabbisogno_lordo_sociale_e_di_investimento
frozen,2023,1,8,327,Nonmetallic mineral products,58873.97056026087,135072.0,64227.568063320294,1147.5241273156967,65375.09219063599,0.9005565971300258,0.4501530216250584,0.8987798880386405,0.4496642643931112,copertura_del_fabbisogno_lordo_sociale_e_di_investimento
frozen,2023,1,9,331,Primary metals,194426.35839212802,235954.0,205922.71127059148,9347.167011732534,215269.878282324,0.9031749353113865,0.45087172337796405,0.8987798880386405,0.4496642643931112,copertura_del_fabbisogno_lordo_sociale_e_di_investimento
frozen,2023,1,10,332,Fabricated metal products,236319.33898051846,377502.0,250451.89426526264,11218.213493720265,261670.10775898292,0.9031193551469228,0.4508564868221153,0.8987798880386405,0.4496642643931112,copertura_del_fabbisogno_lordo_sociale_e_di_investimento
frozen,2023,1,11,333,Machinery,171384.24564068747,391132.0,187021.56558266387,3293.023865489578,190314.58944815345,0.9005313052333117,0.450146070135247,0.8987798880386405,0.4496642643931112,copertura_del_fabbisogno_lordo_sociale_e_di_investimento
frozen,2023,1,12,334,Computer and electronic products,399805.10590150824,367248.0,225448.0202465542,197176.9595057771,422624.9797523313,0.9460044366894829,0.4623667572393714,0.8987798880386405,0.4496642643931112,copertura_del_fabbisogno_lordo_sociale_e_di_investimento
frozen,2023,1,13,335,"Electrical equipment, appliances, and components",77013.34653090846,131501.0,80597.0721584279,4574.319040114411,85171.3911985423,0.9042161393299694,0.4511569992806556,0.8987798880386405,0.4496642643931112,copertura_del_fabbisogno_lordo_sociale_e_di_investimento
frozen,2023,1,14,3361MV,"Motor vehicles, bodies and trailers, and parts",432537.4220844924,650219.0,477443.5532297202,3420.7587679137428,480864.31199763395,0.8994999447715735,0.4498624504209896,0.8987798880386405,0.4496642643931112,copertura_del_fabbisogno_lordo_sociale_e_di_investimento
frozen,2023,1,15,3364OT,Other transportation equipment,207491.36900337323,328510.0,230511.03590072726,312.68596484653756,230823.7218655738,0.8989170061308136,0.4497020153281874,0.8987798880386405,0.4496642643931112,copertura_del_fabbisogno_lordo_sociale_e_di_investimento
frozen,2023,1,16,337,Furniture and related products,39781.92865623795,74187.0,44106.75481918969,139.66449809887433,44246.419317288564,0.8990993908674054,0.4497522209124819,0.8987798880386405,0.4496642643931112,copertura_del_fabbisogno_lordo_sociale_e_di_investimento
frozen,2023,1,17,339,Miscellaneous manufacturing,132247.95959022312,166814.0,146621.01641821087,467.9388697518764,147088.95528796274,0.8991019028676577,0.4497529123342438,0.8987798880386405,0.4496642643931112,copertura_del_fabbisogno_lordo_sociale_e_di_investimento
frozen,2023,1,18,311FT,Food and beverage and tobacco products,861765.5557446639,977827.0,957464.4308854912,1215.781752421489,958680.2126379127,0.8989082536432274,0.449699605774737,0.8987798880386405,0.4496642643931112,copertura_del_fabbisogno_lordo_sociale_e_di_investimento
frozen,2023,1,19,313TT,Textile mills and textile product mills,42115.71857278481,49895.0,46380.2607917743,430.07297115095355,46810.33376292526,0.8997098543685523,0.4499201983743053,0.8987798880386405,0.4496642643931112,copertura_del_fabbisogno_lordo_sociale_e_di_investimento
frozen,2023,1,20,315AL,Apparel and leather and allied products,24768.21482606755,17331.0,27353.449713055303,183.48435549712022,27536.934068552422,0.8994543388311776,0.44984990222731075,0.8987798880386405,0.4496642643931112,copertura_del_fabbisogno_lordo_sociale_e_di_investimento
frozen,2023,1,21,322,Paper products,150650.7177812698,190943.0,162647.29407884192,4466.601019300419,167113.89509814233,0.9014852875806404,0.45040815097388986,0.8987798880386405,0.4496642643931112,copertura_del_fabbisogno_lordo_sociale_e_di_investimento
frozen,2023,1,22,323,Printing and related support activities,71344.76831892651,81156.0,74845.64798767795,4075.0052003818323,78920.65318805978,0.904006308068932,0.45109953218662063,0.8987798880386405,0.4496642643931112,copertura_del_fabbisogno_lordo_sociale_e_di_investimento
frozen,2023,1,23,324,Petroleum and coal products,503405.8279232176,597698.0,555575.559682119,4065.688595117599,559641.2482772367,0.8995152331477879,0.4498666567954589,0.8987798880386405,0.4496642643931112,copertura_del_fabbisogno_lordo_sociale_e_di_investimento
frozen,2023,1,24,325,Chemical products,642080.1870997838,805728.0,705745.9476069071,7769.923325923578,713515.8709328307,0.8998821375344407,0.449967585911769,0.8987798880386405,0.4496642643931112,copertura_del_fabbisogno_lordo_sociale_e_di_investimento
frozen,2023,1,25,326,Plastics and rubber products,183369.89239453542,250297.0,198108.62102642228,5313.848168918144,203422.4691953404,0.9014239829055014,0.4503913166848779,0.8987798880386405,0.4496642643931112,copertura_del_fabbisogno_lordo_sociale_e_di_investimento
frozen,2023,1,26,42,Wholesale trade,1896532.2378655672,2232753.0,2078387.9176633996,28518.97792719382,2106906.8955905936,0.9001499980064114,0.4500412463583274,0.8987798880386405,0.4496642643931112,copertura_del_fabbisogno_lordo_sociale_e_di_investimento
frozen,2023,1,27,441,Motor vehicle and parts dealers,72197.65458335393,371276.0,79875.17485632308,407.4538689210283,80282.62872524411,0.8992936047278689,0.44980567266420834,0.8987798880386405,0.4496642643931112,copertura_del_fabbisogno_lordo_sociale_e_di_investimento
frozen,2023,1,28,445,Food and beverage stores,21102.336804735165,263473.0,23455.03102626115,21.42664500933162,23476.45767127048,0.8988722702641521,0.4496896993550096,0.8987798880386405,0.4496642643931112,copertura_del_fabbisogno_lordo_sociale_e_di_investimento
frozen,2023,1,29,452,General merchandise stores,15477.002632696467,244474.0,17154.425066447642,58.95039210740655,17213.37545855505,0.8991265350576197,0.44975969219062195,0.8987798880386405,0.4496642643931112,copertura_del_fabbisogno_lordo_sociale_e_di_investimento
frozen,2023,1,30,4A0,Other retail,1117909.09824574,1108702.0,1243052.7666783438,678.2717844556571,1243731.0384627995,0.8988350886759485,0.44967946268711306,0.8987798880386405,0.4496642643931112,copertura_del_fabbisogno_lordo_sociale_e_di_investimento
frozen,2023,1,31,481,Air transportation,277835.89158343064,272267.0,303914.96896140405,4683.229807032963,308598.198768437,0.9003159859397316,0.4500868824066167,0.8987798880386405,0.4496642643931112,copertura_del_fabbisogno_lordo_sociale_e_di_investimento
frozen,2023,1,32,482,Rail transportation,67579.3420769109,84848.0,74396.07621524364,713.6450256600629,75109.7212409037,0.8997416174686605,0.4499289356229848,0.8987798880386405,0.4496642643931112,copertura_del_fabbisogno_lordo_sociale_e_di_investimento
frozen,2023,1,33,483,Water transportation,49638.30595338526,60883.0,55071.140984048136,141.47202558228744,55212.613009630426,0.8990392457014691,0.44973566558769257,0.8987798880386405,0.4496642643931112,copertura_del_fabbisogno_lordo_sociale_e_di_investimento
frozen,2023,1,34,484,Truck transportation,333885.53895996755,409425.0,367056.18867179187,3982.8188016443955,371039.00747343624,0.8998664082074211,0.44996325980294644,0.8987798880386405,0.4496642643931112,copertura_del_fabbisogno_lordo_sociale_e_di_investimento
frozen,2023,1,35,485,Transit and ground passenger transportation,105647.36403887084,109551.0,115270.64223732357,2044.4291146669811,117315.07135199055,0.9005438331268446,0.45014951345469745,0.8987798880386405,0.4496642643931112,copertura_del_fabbisogno_lordo_sociale_e_di_investimento
frozen,2023,1,36,486,Pipeline transportation,56132.189723263604,61593.0,62001.7708913719,406.2450233189228,62408.015914690826,0.8994387804283664,0.4498456212976262,0.8987798880386405,0.4496642643931112,copertura_del_fabbisogno_lordo_sociale_e_di_investimento
frozen,2023,1,37,487OS,Other transportation and support activities,232333.54849984127,264513.0,253654.71994713988,4353.787705278181,258008.50765241805,0.9004879358971939,0.45013414964351495,0.8987798880386405,0.4496642643931112,copertura_del_fabbisogno_lordo_sociale_e_di_investimento
frozen,2023,1,38,493,Warehousing and storage,109745.77391134218,134932.0,119458.35604379632,2379.006041018877,121837.36208481519,0.9007563200108056,0.45020790937995925,0.8987798880386405,0.4496642643931112,copertura_del_fabbisogno_lordo_sociale_e_di_investimento
frozen,2023,1,39,511,"Publishing industries, except internet (includes software)",601288.9004967371,418461.0,313156.8553499398,319829.81710678554,632986.6724567253,0.9499234765291915,0.4633946034598059,0.8987798880386405,0.4496642643931112,copertura_del_fabbisogno_lordo_sociale_e_di_investimento
frozen,2023,1,40,512,Motion picture and sound recording industries,105573.5513363722,166843.0,116438.49637920716,920.9725972807308,117359.4689764879,0.8995742078342488,0.44988288222050193,0.8987798880386405,0.4496642643931112,copertura_del_fabbisogno_lordo_sociale_e_di_investimento
frozen,2023,1,41,513,Broadcasting and telecommunications,725081.7723898469,893988.0,796324.5897771438,9361.246747529196,805685.836524673,0.8999559623853983,0.4499878893893233,0.8987798880386405,0.4496642643931112,copertura_del_fabbisogno_lordo_sociale_e_di_investimento
frozen,2023,1,42,514,"Data processing, internet publishing, and other information services",398229.7784330591,481772.0,428531.7126742764,13074.09369466612,441605.8063689425,0.9017765905468086,0.45048812879786837,0.8987798880386405,0.4496642643931112,copertura_del_fabbisogno_lordo_sociale_e_di_investimento
frozen,2023,1,43,521CI,"Federal Reserve banks, credit intermediation, and related activities",985250.5330115241,1119901.0,1079448.4216897131,15064.001421756617,1094512.4231114697,0.9001730014271223,0.4500475712775091,0.8987798880386405,0.4496642643931112,copertura_del_fabbisogno_lordo_sociale_e_di_investimento
frozen,2023,1,44,523,"Securities, commodity contracts, and investments",594179.7356263838,607994.0,658094.8261620206,2697.3414496743903,660792.1676116949,0.8991930666701623,0.4497780037662146,0.8987798880386405,0.4496642643931112,copertura_del_fabbisogno_lordo_sociale_e_di_investimento
frozen,2023,1,45,524,Insurance carriers and related activities,1001865.5610192379,1132639.0,1104545.0448583446,9122.689267819778,1113667.7341261643,0.8996090398590458,0.44989246494027657,0.8987798880386405,0.4496642643931112,copertura_del_fabbisogno_lordo_sociale_e_di_investimento
frozen,2023,1,46,525,"Funds, trusts, and other financial vehicles",157683.2787627142,147388.0,175403.99913165712,33.69206163362248,175437.69119329075,0.8987993269301784,0.44966961656455223,0.8987798880386405,0.4496642643931112,copertura_del_fabbisogno_lordo_sociale_e_di_investimento
frozen,2023,1,47,HS,Housing,2194731.5508885724,2218948.0,2441901.0484068776,0.0,2441901.0484068776,0.8987798880386405,0.4496642643931112,0.8987798880386405,0.4496642643931112,copertura_del_fabbisogno_lordo_sociale_e_di_investimento
frozen,2023,1,48,ORE,Other real estate,1021742.3023161564,1435813.0,1110877.9576135664,23307.535947641645,1134185.493561208,0.9008599634862254,0.4502363883160518,0.8987798880386405,0.4496642643931112,copertura_del_fabbisogno_lordo_sociale_e_di_investimento
frozen,2023,1,49,532RL,Rental and leasing services and lessors of intangible assets,341098.54002667236,403077.0,373337.1491594838,5550.618904446297,378887.7680639301,0.9002627394641003,0.45007224386197076,0.8987798880386405,0.4496642643931112,copertura_del_fabbisogno_lordo_sociale_e_di_investimento
frozen,2023,1,50,5411,Legal services,299653.2794002135,370979.0,324752.2252643454,7772.5107368257795,332524.7360011712,0.9011458305440414,0.4503149229754292,0.8987798880386405,0.4496642643931112,copertura_del_fabbisogno_lordo_sociale_e_di_investimento
frozen,2023,1,51,5415,Computer systems design and related services,614084.3273795272,531833.0,290416.77141425683,353063.57408327796,643480.3454975348,0.9543171468659561,0.46454226813121435,0.8987798880386405,0.4496642643931112,copertura_del_fabbisogno_lordo_sociale_e_di_investimento
frozen,2023,1,52,5412OP,"Miscellaneous professional, scientific, and technical services",1065745.499374803,1573028.0,1138977.0407359435,42055.84222356951,1181032.882959513,0.9023842729121859,0.4506548943274485,0.8987798880386405,0.4496642643931112,copertura_del_fabbisogno_lordo_sociale_e_di_investimento
frozen,2023,1,53,55,Management of companies and enterprises,535192.0575243179,631717.0,580895.2798723613,13095.062918462228,593990.3427908235,0.9010113784169522,0.450277988488883,0.8987798880386405,0.4496642643931112,copertura_del_fabbisogno_lordo_sociale_e_di_investimento
frozen,2023,1,54,561,Administrative and support services,928859.2866279772,1085165.0,978787.5671174115,49144.70664057672,1027932.2737579882,0.9036191491801177,0.4509934682695957,0.8987798880386405,0.4496642643931112,copertura_del_fabbisogno_lordo_sociale_e_di_investimento
frozen,2023,1,55,562,Waste management and remediation services,102174.45021098667,128247.0,112077.55970135402,1441.3936509596517,113518.95335231368,0.9000651185875668,0.45001790702854066,0.8987798880386405,0.4496642643931112,copertura_del_fabbisogno_lordo_sociale_e_di_investimento
frozen,2023,1,56,61,Educational services,324829.55014221277,383160.0,361294.90751769143,104.95361453106284,361399.8611322225,0.8988092832259554,0.44967235782261944,0.8987798880386405,0.4496642643931112,copertura_del_fabbisogno_lordo_sociale_e_di_investimento
frozen,2023,1,57,621,Ambulatory health care services,1214109.5095243058,1162296.0,1350820.8764774061,18.873403684386357,1350839.7498810906,0.8987813022463836,0.4496646537749099,0.8987798880386405,0.4496642643931112,copertura_del_fabbisogno_lordo_sociale_e_di_investimento
frozen,2023,1,58,622,Hospitals,895794.0080351656,931191.0,996677.7767780087,0.06741202583609954,996677.8441900345,0.8987798948848374,0.44966426627811457,0.8987798880386405,0.4496642643931112,copertura_del_fabbisogno_lordo_sociale_e_di_investimento
frozen,2023,1,59,623,Nursing and residential care facilities,241491.18141850477,261253.0,268663.6292266987,21.71482207769353,268685.34404877643,0.8987880685247391,0.44966651676488867,0.8987798880386405,0.4496642643931112,copertura_del_fabbisogno_lordo_sociale_e_di_investimento
frozen,2023,1,60,624,Social assistance,249766.28467971753,247852.0,277894.63412127853,0.17653765584003023,277894.81065893435,0.8987799523405297,0.44966428209772513,0.8987798880386405,0.4496642643931112,copertura_del_fabbisogno_lordo_sociale_e_di_investimento
frozen,2023,1,61,711AS,"Performing arts, spectator sports, museums, and related activities",194763.77082663117,224384.0,214589.2897707237,1895.2329922087388,216484.52276293244,0.8996660285036303,0.44990814249960487,0.8987798880386405,0.4496642643931112,copertura_del_fabbisogno_lordo_sociale_e_di_investimento
frozen,2023,1,62,713,"Amusements, gambling, and recreation industries",161619.54386659563,172324.0,179575.92954307544,220.3100174354873,179796.23956051093,0.8989039162423756,0.4496984116836258,0.8987798880386405,0.4496642643931112,copertura_del_fabbisogno_lordo_sociale_e_di_investimento
frozen,2023,1,63,721,Accommodation,274498.9484424133,306476.0,300298.8172704974,4596.411077899521,304895.2283483969,0.9003058195740261,0.4500840875250516,0.8987798880386405,0.4496642643931112,copertura_del_fabbisogno_lordo_sociale_e_di_investimento
frozen,2023,1,64,722,Food services and drinking places,889250.5395471187,909020.0,981608.8033141535,7000.289206680026,988609.0925208335,0.8994966223501318,0.44986153629651937,0.8987798880386405,0.4496642643931112,copertura_del_fabbisogno_lordo_sociale_e_di_investimento
frozen,2023,1,65,81,"Other services, except government",704381.8665484027,776759.0,777351.8309774031,5713.674935900136,783065.5059133032,0.8995184454292487,0.44986754059982864,0.8987798880386405,0.4496642643931112,copertura_del_fabbisogno_lordo_sociale_e_di_investimento
frozen,2023,1,66,GFGD,Federal general government (defense),615770.8648790369,702344.0,685118.6514896333,0.0,685118.6514896333,0.8987798880386405,0.4496642643931112,0.8987798880386405,0.4496642643931112,copertura_del_fabbisogno_lordo_sociale_e_di_investimento
frozen,2023,1,67,GFGN,Federal general government (nondefense),448619.85811258655,440949.0,493945.7765222861,4671.328392726879,498617.104915013,0.8997281755688099,0.44992523812037005,0.8987798880386405,0.4496642643931112,copertura_del_fabbisogno_lordo_sociale_e_di_investimento
frozen,2023,1,68,GFE,Federal government enterprises,81809.10427275862,98900.0,89349.29113391758,1503.7583910842802,90853.04952500186,0.900455237336261,0.4501251617783145,0.8987798880386405,0.4496642643931112,copertura_del_fabbisogno_lordo_sociale_e_di_investimento
frozen,2023,1,69,GSLG,State and local general government,2307716.4154783865,2503853.0,2566565.9807985197,938.5306125092071,2567504.511411029,0.8988168882360132,0.44967445168488296,0.8987798880386405,0.4496642643931112,copertura_del_fabbisogno_lordo_sociale_e_di_investimento
frozen,2023,1,70,GSLE,State and local government enterprises,308693.55363991845,382401.0,340127.79353410134,2993.5334485089843,343121.32698261034,0.8996629744777225,0.44990730236063853,0.8987798880386405,0.4496642643931112,copertura_del_fabbisogno_lordo_sociale_e_di_investimento
frozen,2024,0,0,111CA,Farms,365173.4342738426,388056.0,405456.0260628577,757.7125644752248,406213.73862733296,0.8989686944312305,0.4497162446493517,0.8987798880386405,0.4496642643931112,copertura_del_fabbisogno_lordo_sociale_e_di_investimento
frozen,2024,0,1,113FF,"Forestry, fishing, and related activities",46674.16239562284,50994.0,51601.17469201797,296.0643832686046,51897.239075286576,0.8993573305106523,0.44982320908136464,0.8987798880386405,0.4496642643931112,copertura_del_fabbisogno_lordo_sociale_e_di_investimento
frozen,2024,0,2,211,Oil and gas extraction,294736.3600980125,316004.0,325075.9643107803,2564.6212907163044,327640.58560149657,0.8995721929776279,0.44988232789837196,0.8987798880386405,0.4496642643931112,copertura_del_fabbisogno_lordo_sociale_e_di_investimento
frozen,2024,0,3,212,"Mining, except oil and gas",70653.49661233215,106096.0,77818.82724188572,711.4997765717824,78530.32701845751,0.8996969616047312,0.44991665181245055,0.8987798880386405,0.4496642643931112,copertura_del_fabbisogno_lordo_sociale_e_di_investimento
frozen,2024,0,4,213,Support activities for mining,25088.05773239966,135631.0,27677.690428329057,211.9062280579175,27889.596656386973,0.8995489623423529,0.44987593666552916,0.8987798880386405,0.4496642643931112,copertura_del_fabbisogno_lordo_sociale_e_di_investimento
frozen,2024,0,5,22,Utilities,434705.03910905635,517969.0,479296.9250558291,3922.6024701135757,483219.52752594266,0.8996015565321257,0.44989040621287024,0.8987798880386405,0.4496642643931112,copertura_del_fabbisogno_lordo_sociale_e_di_investimento
frozen,2024,0,6,23,Construction,263528.7601851329,1732164.0,290582.6514778039,2358.917223941027,292941.5687017449,0.8995949648014676,0.4498885927584765,0.8987798880386405,0.4496642643931112,copertura_del_fabbisogno_lordo_sociale_e_di_investimento
frozen,2024,0,7,321,Wood products,56758.71013761451,112381.0,62041.40944681397,997.1391012475976,63038.54854806156,0.9003809802876536,0.45010474962533353,0.8987798880386405,0.4496642643931112,copertura_del_fabbisogno_lordo_sociale_e_di_investimento
frozen,2024,0,8,327,Nonmetallic mineral products,58783.286280769324,135072.0,64227.568063320294,1056.8398478241504,65284.407911144444,0.9004184637896465,0.4501150534692974,0.8987798880386405,0.4496642643931112,copertura_del_fabbisogno_lordo_sociale_e_di_investimento
frozen,2024,0,9,331,Primary metals,192108.0305447453,235954.0,205922.71127059148,7028.839164349795,212951.55043494128,0.9021208352433956,0.4505826118800295,0.8987798880386405,0.4496642643931112,copertura_del_fabbisogno_lordo_sociale_e_di_investimento
frozen,2024,0,10,332,Fabricated metal products,234346.0128091763,377502.0,250451.89426526264,9244.88732237812,259696.78158764075,0.9023832000401235,0.4506545999896731,0.8987798880386405,0.4496642643931112,copertura_del_fabbisogno_lordo_sociale_e_di_investimento
frozen,2024,0,11,333,Machinery,171712.6508368621,391132.0,187021.56558266387,3621.4290616641993,190642.99464432808,0.900702651871456,0.45019316140204013,0.8987798880386405,0.4496642643931112,copertura_del_fabbisogno_lordo_sociale_e_di_investimento
frozen,2024,0,12,334,Computer and electronic products,318761.22072204447,367248.0,225448.0202465542,116133.07432631333,341581.0945728675,0.933193393272077,0.4589791587755761,0.8987798880386405,0.4496642643931112,copertura_del_fabbisogno_lordo_sociale_e_di_investimento
frozen,2024,0,13,335,"Electrical equipment, appliances, and components",77173.6136424365,131501.0,80597.0721584279,4734.586151642449,85331.65831007034,0.9043960374238844,0.4512062589119084,0.8987798880386405,0.4496642643931112,copertura_del_fabbisogno_lordo_sociale_e_di_investimento
frozen,2024,0,14,3361MV,"Motor vehicles, bodies and trailers, and parts",432002.19108921214,650219.0,477443.5532297202,2885.527772633489,480329.0810023537,0.8993879574971961,0.4498316367890084,0.8987798880386405,0.4496642643931112,copertura_del_fabbisogno_lordo_sociale_e_di_investimento
frozen,2024,0,15,3364OT,Other transportation equipment,207464.44636508438,328510.0,230511.03590072726,285.76332655769,230796.79922728497,0.8989052147156371,0.4496987691552522,0.8987798880386405,0.4496642643931112,copertura_del_fabbisogno_lordo_sociale_e_di_investimento
frozen,2024,0,16,337,Furniture and related products,39759.96225128589,74187.0,44106.75481918969,117.69809314681356,44224.45291233651,0.8990492732629094,0.44973842580450935,0.8987798880386405,0.4496642643931112,copertura_del_fabbisogno_lordo_sociale_e_di_investimento
frozen,2024,0,17,339,Miscellaneous manufacturing,132215.40214644547,166814.0,146621.01641821087,435.3814259742288,147056.3978441851,0.899079564607148,0.44974676372314965,0.8987798880386405,0.4496642643931112,copertura_del_fabbisogno_lordo_sociale_e_di_investimento
frozen,2024,0,18,311FT,Food and beverage and tobacco products,861893.5038381856,977827.0,957464.4308854912,1343.7298459431288,958808.1607314344,0.898921743824837,0.4497033196030952,0.8987798880386405,0.4496642643931112,copertura_del_fabbisogno_lordo_sociale_e_di_investimento
frozen,2024,0,19,313TT,Textile mills and textile product mills,42066.378119518144,49895.0,46380.2607917743,380.73251788428917,46760.99330965859,0.8996040319534709,0.44989108722421495,0.8987798880386405,0.4496642643931112,copertura_del_fabbisogno_lordo_sociale_e_di_investimento
frozen,2024,0,20,315AL,Apparel and leather and allied products,24732.897002324313,17331.0,27353.449713055303,148.16653175388296,27501.616244809185,0.8993252171858279,0.4498143720968432,0.8987798880386405,0.4496642643931112,copertura_del_fabbisogno_lordo_sociale_e_di_investimento
frozen,2024,0,21,322,Paper products,149788.98787396593,190943.0,162647.29407884192,3604.871111996553,166252.16519083848,0.9009746591993271,0.45026790072386236,0.8987798880386405,0.4496642643931112,copertura_del_fabbisogno_lordo_sociale_e_di_investimento
frozen,2024,0,22,323,Printing and related support activities,70199.0301637388,81156.0,74845.64798767795,2929.2670451941262,77774.91503287207,0.9025921807059349,0.4507119269724511,0.8987798880386405,0.4496642643931112,copertura_del_fabbisogno_lordo_sociale_e_di_investimento
frozen,2024,0,23,324,Petroleum and coal products,503455.60934415,597698.0,555575.559682119,4115.470016050004,559691.0296981691,0.8995241707119269,0.4498691158065136,0.8987798880386405,0.4496642643931112,copertura_del_fabbisogno_lordo_sociale_e_di_investimento
frozen,2024,0,24,325,Chemical products,640890.5629081543,805728.0,705745.9476069071,6580.2991342941,712326.2467412013,0.8997149351721128,0.4499215959972192,0.8987798880386405,0.4496642643931112,copertura_del_fabbisogno_lordo_sociale_e_di_investimento
frozen,2024,0,25,326,Plastics and rubber products,182920.04033116903,250297.0,198108.62102642228,4863.996105551753,202972.61713197402,0.901205507008038,0.4503313147260984,0.8987798880386405,0.4496642643931112,copertura_del_fabbisogno_lordo_sociale_e_di_investimento
frozen,2024,0,26,42,Wholesale trade,1889867.5704755671,2232753.0,2078387.9176633996,21854.310537193553,2100242.228200593,0.8998331454818587,0.4499541111791326,0.8987798880386405,0.4496642643931112,copertura_del_fabbisogno_lordo_sociale_e_di_investimento
frozen,2024,0,27,441,Motor vehicle and parts dealers,72142.57848178565,371276.0,79875.17485632308,352.377767352746,80227.55262367583,0.8992244699297454,0.4497866464996524,0.8987798880386405,0.4496642643931112,copertura_del_fabbisogno_lordo_sociale_e_di_investimento
frozen,2024,0,28,445,Food and beverage stores,21103.68030793396,263473.0,23455.03102626115,22.77014820812549,23477.801174469274,0.8988780572382974,0.44969129256449536,0.8987798880386405,0.4496642643931112,copertura_del_fabbisogno_lordo_sociale_e_di_investimento
frozen,2024,0,29,452,General merchandise stores,15472.204538296151,244474.0,17154.425066447642,54.15229770709095,17208.577364154735,0.899098409524809,0.44975195079992436,0.8987798880386405,0.4496642643931112,copertura_del_fabbisogno_lordo_sociale_e_di_investimento
frozen,2024,0,30,4A0,Other retail,1117859.599367513,1108702.0,1243052.7666783438,628.772906228947,1243681.5395845727,0.8988310622837676,0.44967835413604523,0.8987798880386405,0.4496642643931112,copertura_del_fabbisogno_lordo_sociale_e_di_investimento
frozen,2024,0,31,481,Air transportation,278729.8833204431,272267.0,303914.96896140405,5577.221544045454,309492.1905054495,0.9006039307978444,0.4501660308338402,0.8987798880386405,0.4496642643931112,copertura_del_fabbisogno_lordo_sociale_e_di_investimento
frozen,2024,0,32,482,Rail transportation,67483.68859737275,84848.0,74396.07621524364,617.9915461219098,75014.06776136554,0.8996137739397307,0.44989376731851094,0.8987798880386405,0.4496642643931112,copertura_del_fabbisogno_lordo_sociale_e_di_investimento
frozen,2024,0,33,483,Water transportation,49625.66512318563,60883.0,55071.140984048136,128.8311953826655,55199.9721794308,0.8990161256218472,0.4497293013792894,0.8987798880386405,0.4496642643931112,copertura_del_fabbisogno_lordo_sociale_e_di_investimento
frozen,2024,0,34,484,Truck transportation,333191.3997937029,409425.0,367056.18867179187,3288.679635379682,370344.86830717156,0.8996787273351582,0.44991163582267113,0.8987798880386405,0.4496642643931112,copertura_del_fabbisogno_lordo_sociale_e_di_investimento
frozen,2024,0,35,485,Transit and ground passenger transportation,106114.38839087127,109551.0,115270.64223732357,2511.4534666674085,117782.09570399098,0.9009381923170827,0.4502578819157817,0.8987798880386405,0.4496642643931112,copertura_del_fabbisogno_lordo_sociale_e_di_investimento
frozen,2024,0,36,486,Pipeline transportation,56125.40690840087,61593.0,62001.7708913719,399.4622084561948,62401.233099828096,0.8994278497447752,0.44984261365549455,0.8987798880386405,0.4496642643931112,copertura_del_fabbisogno_lordo_sociale_e_di_investimento
frozen,2024,0,37,487OS,Other transportation and support activities,231918.3499540463,264513.0,253654.71994713988,3938.5891594831946,257593.30910662308,0.9003275386242684,0.4500900583728761,0.8987798880386405,0.4496642643931112,copertura_del_fabbisogno_lordo_sociale_e_di_investimento
frozen,2024,0,38,493,Warehousing and storage,109406.57090389876,134932.0,119458.35604379632,2039.8030335754454,121498.15907737176,0.9004792478726126,0.4501317615917372,0.8987798880386405,0.4496642643931112,copertura_del_fabbisogno_lordo_sociale_e_di_investimento
frozen,2024,0,39,511,"Publishing industries, except internet (includes software)",466867.7564394286,418461.0,313156.8553499398,185408.673049477,498565.52839941677,0.9364220545657259,0.45983692450503394,0.8987798880386405,0.4496642643931112,copertura_del_fabbisogno_lordo_sociale_e_di_investimento
frozen,2024,0,40,512,Motion picture and sound recording industries,105519.73117373275,166843.0,116438.49637920716,867.1524346412936,117305.64881384846,0.899528132197464,0.44987020573143444,0.8987798880386405,0.4496642643931112,copertura_del_fabbisogno_lordo_sociale_e_di_investimento
frozen,2024,0,41,513,Broadcasting and telecommunications,724698.6253482971,893988.0,796324.5897771438,8978.099705979455,805302.6894831232,0.899908363417287,0.4499747987850773,0.8987798880386405,0.4496642643931112,copertura_del_fabbisogno_lordo_sociale_e_di_investimento
frozen,2024,0,42,514,"Data processing, internet publishing, and other information services",397420.5106517905,481772.0,428531.7126742764,12264.825913397495,440796.53858767386,0.9015962600911941,0.45043862144812197,0.8987798880386405,0.4496642643931112,copertura_del_fabbisogno_lordo_sociale_e_di_investimento
frozen,2024,0,43,521CI,"Federal Reserve banks, credit intermediation, and related activities",983246.7240217957,1119901.0,1079448.4216897131,13060.192432028138,1092508.6141217414,0.8999899051708801,0.44999722390797986,0.8987798880386405,0.4496642643931112,copertura_del_fabbisogno_lordo_sociale_e_di_investimento
frozen,2024,0,44,523,"Securities, commodity contracts, and investments",594017.9576630301,607994.0,658094.8261620206,2535.563486320696,660630.3896483412,0.8991683806420571,0.4497712095432793,0.8987798880386405,0.4496642643931112,copertura_del_fabbisogno_lordo_sociale_e_di_investimento
frozen,2024,0,45,524,Insurance carriers and related activities,1002238.0016642791,1132639.0,1104545.0448583446,9495.129912861015,1114040.1747712055,0.8996426020902814,0.4499016980083642,0.8987798880386405,0.4496642643931112,copertura_del_fabbisogno_lordo_sociale_e_di_investimento
frozen,2024,0,46,525,"Funds, trusts, and other financial vehicles",157684.35279405958,147388.0,175403.99913165712,34.76609297900092,175438.76522463612,0.8987999464779443,0.4496697871448847,0.8987798880386405,0.4496642643931112,copertura_del_fabbisogno_lordo_sociale_e_di_investimento
frozen,2024,0,47,HS,Housing,2194731.5508885724,2218948.0,2441901.0484068776,0.0,2441901.0484068776,0.8987798880386405,0.4496642643931112,0.8987798880386405,0.4496642643931112,copertura_del_fabbisogno_lordo_sociale_e_di_investimento
frozen,2024,0,48,ORE,Other real estate,1021047.5973252008,1435813.0,1110877.9576135664,22612.83095668591,1133490.7885702522,0.9007992015648547,0.45021969264098377,0.8987798880386405,0.4496642643931112,copertura_del_fabbisogno_lordo_sociale_e_di_investimento
frozen,2024,0,49,532RL,Rental and leasing services and lessors of intangible assets,340817.23638893466,403077.0,373337.1491594838,5269.315266708627,378606.4644261924,0.9001886349338217,0.45005186971458094,0.8987798880386405,0.4496642643931112,copertura_del_fabbisogno_lordo_sociale_e_di_investimento
frozen,2024,0,50,5411,Legal services,299211.5717023055,370979.0,324752.2252643454,7330.803038917747,332083.0283032632,0.901014343404087,0.4502788030351141,0.8987798880386405,0.4496642643931112,copertura_del_fabbisogno_lordo_sociale_e_di_investimento
frozen,2024,0,51,5415,Computer systems design and related services,770250.2949053469,531833.0,290416.77141425683,509229.54160909774,799646.3130233546,0.9632387248721684,0.4668576220775652,0.8987798880386405,0.4496642643931112,copertura_del_fabbisogno_lordo_sociale_e_di_investimento
frozen,2024,0,52,5412OP,"Miscellaneous professional, scientific, and technical services",1065028.213459045,1573028.0,1138977.0407359435,41338.55630781156,1180315.597043755,0.9023249511626709,0.4506386191905197,0.8987798880386405,0.4496642643931112,copertura_del_fabbisogno_lordo_sociale_e_di_investimento
frozen,2024,0,53,55,Management of companies and enterprises,534082.6058590693,631717.0,580895.2798723613,11985.61125321355,592880.8911255749,0.9008261420689777,0.4502270952624938,0.8987798880386405,0.4496642643931112,copertura_del_fabbisogno_lordo_sociale_e_di_investimento
frozen,2024,0,54,561,Administrative and support services,929842.4906646741,1085165.0,978787.5671174115,50127.91067727363,1028915.4777946852,0.9037112481363794,0.4510187029078701,0.8987798880386405,0.4496642643931112,copertura_del_fabbisogno_lordo_sociale_e_di_investimento
frozen,2024,0,55,562,Waste management and remediation services,102147.15222961972,128247.0,112077.55970135402,1414.0956695927082,113491.65537094673,0.9000410813971514,0.4500112971521652,0.8987798880386405,0.4496642643931112,copertura_del_fabbisogno_lordo_sociale_e_di_investimento
frozen,2024,0,56,61,Educational services,324844.0865522221,383160.0,361294.90751769143,119.49002454042581,361414.39754223183,0.8988133532070026,0.4496734783990204,0.8987798880386405,0.4496642643931112,copertura_del_fabbisogno_lordo_sociale_e_di_investimento
frozen,2024,0,57,621,Ambulatory health care services,1214108.7078149319,1162296.0,1350820.8764774061,18.07169431060503,1350838.9481717166,0.8987812421741013,0.4496646372348806,0.8987798880386405,0.4496642643931112,copertura_del_fabbisogno_lordo_sociale_e_di_investimento
frozen,2024,0,58,622,Hospitals,895794.0104647984,931191.0,996677.7767780087,0.0698416587163655,996677.8466196674,0.8987798951315848,0.449664266346053,0.8987798880386405,0.4496642643931112,copertura_del_fabbisogno_lordo_sociale_e_di_investimento
frozen,2024,0,59,623,Nursing and residential care facilities,241489.40189978806,261253.0,268663.6292266987,19.935303360974046,268683.5645300597,0.8987873981877696,0.4496663321985463,0.8987798880386405,0.4496642643931112,copertura_del_fabbisogno_lordo_sociale_e_di_investimento
frozen,2024,0,60,624,Social assistance,249766.27187761426,247852.0,277894.63412127853,0.16373555256038164,277894.7978568311,0.8987799476775078,0.44966428081382825,0.8987798880386405,0.4496642643931112,copertura_del_fabbisogno_lordo_sociale_e_di_investimento
frozen,2024,0,61,711AS,"Performing arts, spectator sports, museums, and related activities",194928.43458842623,224384.0,214589.2897707237,2059.896754003802,216649.1865247275,0.8997422871291412,0.4499291198271474,0.8987798880386405,0.4496642643931112,copertura_del_fabbisogno_lordo_sociale_e_di_investimento
frozen,2024,0,62,713,"Amusements, gambling, and recreation industries",161667.70209654263,172324.0,179575.92954307544,268.4682473824903,179844.39779045794,0.8989309874689925,0.44970586433661797,0.8987798880386405,0.4496642643931112,copertura_del_fabbisogno_lordo_sociale_e_di_investimento
frozen,2024,0,63,721,Accommodation,275617.1404422146,306476.0,300298.8172704974,5714.603077700821,306013.4203481982,0.9006701082867636,0.450184218055837,0.8987798880386405,0.4496642643931112,copertura_del_fabbisogno_lordo_sociale_e_di_investimento
frozen,2024,0,64,722,Food services and drinking places,890808.1268420577,909020.0,981608.8033141535,8557.876501618963,990166.6798157725,0.8996547197566765,0.44990503153771916,0.8987798880386405,0.4496642643931112,copertura_del_fabbisogno_lordo_sociale_e_di_investimento
frozen,2024,0,65,81,"Other services, except government",704334.0382571708,776759.0,777351.8309774031,5665.846644668226,783017.6776220714,0.8995123078142334,0.4498658519374333,0.8987798880386405,0.4496642643931112,copertura_del_fabbisogno_lordo_sociale_e_di_investimento
frozen,2024,0,66,GFGD,Federal general government (defense),615770.8648790369,702344.0,685118.6514896333,0.0,685118.6514896333,0.8987798880386405,0.4496642643931112,0.8987798880386405,0.4496642643931112,copertura_del_fabbisogno_lordo_sociale_e_di_investimento
frozen,2024,0,67,GFGN,Federal general government (nondefense),448240.2692576363,440949.0,493945.7765222861,4291.739537776612,498237.51606006274,0.8996517821504246,0.44990422341580866,0.8987798880386405,0.4496642643931112,copertura_del_fabbisogno_lordo_sociale_e_di_investimento
frozen,2024,0,68,GFE,Federal government enterprises,81695.75528513727,98900.0,89349.29113391758,1390.4094034629445,90739.70053738052,0.9003308893606327,0.45009097952209604,0.8987798880386405,0.4496642643931112,copertura_del_fabbisogno_lordo_sociale_e_di_investimento
frozen,2024,0,69,GSLG,State and local general government,2307616.1578201777,2503853.0,2566565.9807985197,838.2729543006626,2567404.25375282,0.8988129370149225,0.4496733638102384,0.8987798880386405,0.4496642643931112,copertura_del_fabbisogno_lordo_sociale_e_di_investimento
frozen,2024,0,70,GSLE,State and local government enterprises,308588.6386490569,382401.0,340127.79353410134,2888.618457647462,343016.4119917488,0.8996322853977027,0.44989885988902034,0.8987798880386405,0.4496642643931112,copertura_del_fabbisogno_lordo_sociale_e_di_investimento
frozen,2025,0,0,111CA,Farms,365678.9193642947,388056.0,405456.0260628577,1263.1976549273488,406719.22371778503,0.8990942597245724,0.44975080857290145,0.8987798880386405,0.4496642643931112,copertura_del_fabbisogno_lordo_sociale_e_di_investimento
frozen,2025,0,1,113FF,"Forestry, fishing, and related activities",46761.705977306265,50994.0,51601.17469201797,383.60796495202317,51984.78265697,0.8995268151041613,0.44986984335956615,0.8987798880386405,0.4496642643931112,copertura_del_fabbisogno_lordo_sociale_e_di_investimento
frozen,2025,0,2,211,Oil and gas extraction,294751.9058538687,316004.0,325075.9643107803,2580.1670465725138,327656.1313573528,0.8995769578088633,0.4498836387845856,0.8987798880386405,0.4496642643931112,copertura_del_fabbisogno_lordo_sociale_e_di_investimento
frozen,2025,0,3,212,"Mining, except oil and gas",70844.6381713488,106096.0,77818.82724188572,902.6413355884254,78721.46857747415,0.8999405048144734,0.44998363833726013,0.8987798880386405,0.4496642643931112,copertura_del_fabbisogno_lordo_sociale_e_di_investimento
frozen,2025,0,4,213,Support activities for mining,25092.89708038949,135631.0,27677.690428329057,216.74557604775066,27894.436004376807,0.8995663893850466,0.44988073122278394,0.8987798880386405,0.4496642643931112,copertura_del_fabbisogno_lordo_sociale_e_di_investimento
frozen,2025,0,5,22,Utilities,434882.08937693137,517969.0,479296.9250558291,4099.6527379886,483396.57779381773,0.8996383287645467,0.44990052242116096,0.8987798880386405,0.4496642643931112,copertura_del_fabbisogno_lordo_sociale_e_di_investimento
frozen,2025,0,6,23,Construction,264076.39368861576,1732164.0,290582.6514778039,2906.5507274238726,293489.20220522775,0.8997823146623141,0.44994013001572747,0.8987798880386405,0.4496642643931112,copertura_del_fabbisogno_lordo_sociale_e_di_investimento
frozen,2025,0,7,321,Wood products,56857.63438415951,112381.0,62041.40944681397,1096.0633477925976,63137.47279460656,0.9005370640843341,0.4501476529736373,0.8987798880386405,0.4496642643931112,copertura_del_fabbisogno_lordo_sociale_e_di_investimento
frozen,2025,0,8,327,Nonmetallic mineral products,59367.47159538055,135072.0,64227.568063320294,1641.0251624353746,65868.59322575567,0.9013016475379486,0.4503577202600879,0.8987798880386405,0.4496642643931112,copertura_del_fabbisogno_lordo_sociale_e_di_investimento
frozen,2025,0,9,331,Primary metals,190335.2396006347,235954.0,205922.71127059148,5256.048220239191,211178.75949083068,0.9012991650275273,0.4503570384566319,0.8987798880386405,0.4496642643931112,copertura_del_fabbisogno_lordo_sociale_e_di_investimento
frozen,2025,0,10,332,Fabricated metal products,232331.72470632265,377502.0,250451.89426526264,7230.599219524482,257682.49348478712,0.901620135556624,0.4504451766548079,0.8987798880386405,0.4496642643931112,copertura_del_fabbisogno_lordo_sociale_e_di_investimento
frozen,2025,0,11,333,Machinery,171309.03112861453,391132.0,187021.56558266387,3217.8093534166364,190239.3749360805,0.9004919785200803,0.450135260820313,0.8987798880386405,0.4496642643931112,copertura_del_fabbisogno_lordo_sociale_e_di_investimento
frozen,2025,0,12,334,Computer and electronic products,254145.6182934272,367248.0,225448.0202465542,51517.47189769606,276965.49214425025,0.9176075197160738,0.4547998115338128,0.8987798880386405,0.4496642643931112,copertura_del_fabbisogno_lordo_sociale_e_di_investimento
frozen,2025,0,13,335,"Electrical equipment, appliances, and components",76417.74099067136,131501.0,80597.0721584279,3978.7134998773095,84575.7856583052,0.9035416034963816,0.45097221935377363,0.8987798880386405,0.4496642643931112,copertura_del_fabbisogno_lordo_sociale_e_di_investimento
frozen,2025,0,14,3361MV,"Motor vehicles, bodies and trailers, and parts",432135.2510518391,650219.0,477443.5532297202,3018.5877352604284,480462.14096498064,0.8994158211590204,0.44983930388109433,0.8987798880386405,0.4496642643931112,copertura_del_fabbisogno_lordo_sociale_e_di_investimento
frozen,2025,0,15,3364OT,Other transportation equipment,207706.00699138403,328510.0,230511.03590072726,527.3239528573387,231038.3598535846,0.8990109136985437,0.44972786668543274,0.8987798880386405,0.4496642643931112,copertura_del_fabbisogno_lordo_sociale_e_di_investimento
frozen,2025,0,16,337,Furniture and related products,39820.3326035575,74187.0,44106.75481918969,178.06844541842528,44284.823264608116,0.899186892214187,0.4497763044145903,0.8987798880386405,0.4496642643931112,copertura_del_fabbisogno_lordo_sociale_e_di_investimento
frozen,2025,0,17,339,Miscellaneous manufacturing,132437.2901048353,166814.0,146621.01641821087,657.269384364041,147278.28580257492,0.8992316103024595,0.4497886116188492,0.8987798880386405,0.4496642643931112,copertura_del_fabbisogno_lordo_sociale_e_di_investimento
frozen,2025,0,18,311FT,Food and beverage and tobacco products,862827.8203753778,977827.0,957464.4308854912,2278.0463831353127,959742.4772686266,0.8990201442692601,0.44973040759321414,0.8987798880386405,0.4496642643931112,copertura_del_fabbisogno_lordo_sociale_e_di_investimento
frozen,2025,0,19,313TT,Textile mills and textile product mills,42139.792999585996,49895.0,46380.2607917743,454.1473979521393,46834.40818972644,0.8997614068032517,0.44993437904253714,0.8987798880386405,0.4496642643931112,copertura_del_fabbisogno_lordo_sociale_e_di_investimento
frozen,2025,0,20,315AL,Apparel and leather and allied products,24734.381076381083,17331.0,27353.449713055303,149.650605810655,27503.100318865956,0.8993306496218665,0.4498158670212738,0.8987798880386405,0.4496642643931112,copertura_del_fabbisogno_lordo_sociale_e_di_investimento
frozen,2025,0,21,322,Paper products,149425.97674033474,190943.0,162647.29407884192,3241.859978365352,165889.15405720728,0.9007579644948025,0.450208361270848,0.8987798880386405,0.4496642643931112,copertura_del_fabbisogno_lordo_sociale_e_di_investimento
frozen,2025,0,22,323,Printing and related support activities,69999.06311494541,81156.0,74845.64798767795,2729.2999964007295,77574.94798407868,0.902341089926504,0.4506430470143448,0.8987798880386405,0.4496642643931112,copertura_del_fabbisogno_lordo_sociale_e_di_investimento
frozen,2025,0,23,324,Petroleum and coal products,503459.6798059646,597698.0,555575.559682119,4119.540477864572,559695.1001599836,0.8995249014366131,0.4498693168513805,0.8987798880386405,0.4496642643931112,copertura_del_fabbisogno_lordo_sociale_e_di_investimento
frozen,2025,0,24,325,Chemical products,644045.2670299411,805728.0,705745.9476069071,9735.00325608091,715480.950862988,0.9001571128527129,0.45004320264065095,0.8987798880386405,0.4496642643931112,copertura_del_fabbisogno_lordo_sociale_e_di_investimento
frozen,2025,0,25,326,Plastics and rubber products,182678.2221438536,250297.0,198108.62102642228,4622.177918236315,202730.7989446586,0.9010876645029208,0.4502989451622825,0.8987798880386405,0.4496642643931112,copertura_del_fabbisogno_lordo_sociale_e_di_investimento
frozen,2025,0,26,42,Wholesale trade,1885920.9258130156,2232753.0,2078387.9176633996,17907.665874642007,2096295.5835380417,0.8996445637833361,0.4499022376662804,0.8987798880386405,0.4496642643931112,copertura_del_fabbisogno_lordo_sociale_e_di_investimento
frozen,2025,0,27,441,Motor vehicle and parts dealers,72157.49421369634,371276.0,79875.17485632308,367.29349926344554,80242.46835558652,0.8992432024141827,0.4497918018819837,0.8987798880386405,0.4496642643931112,copertura_del_fabbisogno_lordo_sociale_e_di_investimento
frozen,2025,0,28,445,Food and beverage stores,21104.884143204472,263473.0,23455.03102626115,23.97398347863918,23479.005009739787,0.8988832420475034,0.44969271998436283,0.8987798880386405,0.4496642643931112,copertura_del_fabbisogno_lordo_sociale_e_di_investimento
frozen,2025,0,29,452,General merchandise stores,15474.658761183357,244474.0,17154.425066447642,56.606520594295176,17211.031587041936,0.8991127976799553,0.44975591108386137,0.8987798880386405,0.4496642643931112,copertura_del_fabbisogno_lordo_sociale_e_di_investimento
frozen,2025,0,30,4A0,Other retail,1117917.93833979,1108702.0,1243052.7666783438,687.1118785058119,1243739.8785568497,0.8988358077228699,0.4496796606554937,0.8987798880386405,0.4496642643931112,copertura_del_fabbisogno_lordo_sociale_e_di_investimento
frozen,2025,0,31,481,Air transportation,278280.3694584679,272267.0,303914.96896140405,5127.707682070195,309042.67664347426,0.9004593555844225,0.4501262937788399,0.8987798880386405,0.4496642643931112,copertura_del_fabbisogno_lordo_sociale_e_di_investimento
frozen,2025,0,32,482,Rail transportation,67556.66332303923,84848.0,74396.07621524364,690.9662717883891,75087.04248703203,0.8997113361430724,0.4499206059802529,0.8987798880386405,0.4496642643931112,copertura_del_fabbisogno_lordo_sociale_e_di_investimento
frozen,2025,0,33,483,Water transportation,49887.169827879145,60883.0,55071.140984048136,390.3359000761802,55461.47688412431,0.8994922715835431,0.44986033923060365,0.8987798880386405,0.4496642643931112,copertura_del_fabbisogno_lordo_sociale_e_di_investimento
frozen,2025,0,34,484,Truck transportation,333172.8116777169,409425.0,367056.18867179187,3270.0915193937535,370326.2801911856,0.8996736918203921,0.4499102506076274,0.8987798880386405,0.4496642643931112,copertura_del_fabbisogno_lordo_sociale_e_di_investimento
frozen,2025,0,35,485,Transit and ground passenger transportation,106067.54871464452,109551.0,115270.64223732357,2464.6137904406683,117735.25602776423,0.9008987816668251,0.4502470539346033,0.8987798880386405,0.4496642643931112,copertura_del_fabbisogno_lordo_sociale_e_di_investimento
frozen,2025,0,36,486,Pipeline transportation,56131.97097780507,61593.0,62001.7708913719,406.0262778603871,62407.79716923229,0.8994384279514152,0.44984552431202485,0.8987798880386405,0.4496642643931112,copertura_del_fabbisogno_lordo_sociale_e_di_investimento
frozen,2025,0,37,487OS,Other transportation and support activities,232250.5714154041,264513.0,253654.71994713988,4270.810620840988,257925.53056798087,0.9004559219242948,0.4501253499542849,0.8987798880386405,0.4496642643931112,copertura_del_fabbisogno_lordo_sociale_e_di_investimento
frozen,2025,0,38,493,Warehousing and storage,109221.43425451589,134932.0,119458.35604379632,1854.6663841925815,121313.0224279889,0.9003273685588821,0.4500900116202054,0.8987798880386405,0.4496642643931112,copertura_del_fabbisogno_lordo_sociale_e_di_investimento
frozen,2025,0,39,511,"Publishing industries, except internet (includes software)",362497.1321152276,418461.0,313156.8553499398,81038.04872527598,394194.90407521575,0.9195885800848913,0.45533461079792664,0.8987798880386405,0.4496642643931112,copertura_del_fabbisogno_lordo_sociale_e_di_investimento
frozen,2025,0,40,512,Motion picture and sound recording industries,106049.77058734257,166843.0,116438.49637920716,1397.1918482511087,117835.68822745827,0.8999800670119112,0.44999451837364296,0.8987798880386405,0.4496642643931112,copertura_del_fabbisogno_lordo_sociale_e_di_investimento
frozen,2025,0,41,513,Broadcasting and telecommunications,725316.9799666081,893988.0,796324.5897771438,9596.454324290531,805921.0441014343,0.8999851601781957,0.4499959190187233,0.8987798880386405,0.4496642643931112,copertura_del_fabbisogno_lordo_sociale_e_di_investimento
frozen,2025,0,42,514,"Data processing, internet publishing, and other information services",397701.80296895857,481772.0,428531.7126742764,12546.11823056555,441077.83090484195,0.9016590159453257,0.45045585125271603,0.8987798880386405,0.4496642643931112,copertura_del_fabbisogno_lordo_sociale_e_di_investimento
frozen,2025,0,43,521CI,"Federal Reserve banks, credit intermediation, and related activities",983114.8676719229,1119901.0,1079448.4216897131,12928.336082155402,1092376.7577718685,0.8999778333596111,0.4499939041063303,0.8987798880386405,0.4496642643931112,copertura_del_fabbisogno_lordo_sociale_e_di_investimento
frozen,2025,0,44,523,"Securities, commodity contracts, and investments",594144.1619268866,607994.0,658094.8261620206,2661.7677501772196,660756.5939121977,0.8991876394438787,0.44977651006986463,0.8987798880386405,0.4496642643931112,copertura_del_fabbisogno_lordo_sociale_e_di_investimento
frozen,2025,0,45,524,Insurance carriers and related activities,1004144.2569396527,1132639.0,1104545.0448583446,11401.385188234653,1115946.4300465793,0.8998140322002195,0.449948854099315,0.8987798880386405,0.4496642643931112,copertura_del_fabbisogno_lordo_sociale_e_di_investimento
frozen,2025,0,46,525,"Funds, trusts, and other financial vehicles",157691.0025506354,147388.0,175403.99913165712,41.415849554807544,175445.41498121194,0.8988037821764803,0.44967084322693274,0.8987798880386405,0.4496642643931112,copertura_del_fabbisogno_lordo_sociale_e_di_investimento
frozen,2025,0,47,HS,Housing,2194731.5508885724,2218948.0,2441901.0484068776,0.0,2441901.0484068776,0.8987798880386405,0.4496642643931112,0.8987798880386405,0.4496642643931112,copertura_del_fabbisogno_lordo_sociale_e_di_investimento
frozen,2025,0,48,ORE,Other real estate,1032341.2086438856,1435813.0,1110877.9576135664,33906.44227537073,1144784.3998889371,0.9017778445828224,0.45048847304569706,0.8987798880386405,0.4496642643931112,copertura_del_fabbisogno_lordo_sociale_e_di_investimento
frozen,2025,0,49,532RL,Rental and leasing services and lessors of intangible assets,341633.93391703186,403077.0,373337.1491594838,6086.012794805794,379423.1619542896,0.9004034760487017,0.45011093353388104,0.8987798880386405,0.4496642643931112,copertura_del_fabbisogno_lordo_sociale_e_di_investimento
frozen,2025,0,50,5411,Legal services,301407.4879382782,370979.0,324752.2252643454,9526.719274890434,334278.94453923585,0.9016645913900826,0.4504573819552404,0.8987798880386405,0.4496642643931112,copertura_del_fabbisogno_lordo_sociale_e_di_investimento
frozen,2025,0,51,5415,Computer systems design and related services,605746.1061249492,531833.0,290416.77141425683,344725.3528286999,635142.1242429568,0.9537174169434196,0.46438590288767795,0.8987798880386405,0.4496642643931112,copertura_del_fabbisogno_lordo_sociale_e_di_investimento
frozen,2025,0,52,5412OP,"Miscellaneous professional, scientific, and technical services",1327969.6188450167,1573028.0,1138977.0407359435,304279.96169378323,1443257.0024297268,0.9201199901399242,0.45547788974465414,0.8987798880386405,0.4496642643931112,copertura_del_fabbisogno_lordo_sociale_e_di_investimento
frozen,2025,0,53,55,Management of companies and enterprises,534763.5395805767,631717.0,580895.2798723613,12666.544974721,593561.8248470824,0.9009399142513019,0.4502583550033332,0.8987798880386405,0.4496642643931112,copertura_del_fabbisogno_lordo_sociale_e_di_investimento
frozen,2025,0,54,561,Administrative and support services,925748.7860988579,1085165.0,978787.5671174115,46034.206111457395,1024821.773228869,0.9033266176440949,0.4509133007509299,0.8987798880386405,0.4496642643931112,copertura_del_fabbisogno_lordo_sociale_e_di_investimento
frozen,2025,0,55,562,Waste management and remediation services,102622.09223977044,128247.0,112077.55970135402,1889.0356797434188,113966.59538109745,0.9004576463533751,0.45012582395574086,0.8987798880386405,0.4496642643931112,copertura_del_fabbisogno_lordo_sociale_e_di_investimento
frozen,2025,0,56,61,Educational services,324833.7082490986,383160.0,361294.90751769143,109.11172141695377,361404.01923910837,0.8988104474681714,0.4496726783706106,0.8987798880386405,0.4496642643931112,copertura_del_fabbisogno_lordo_sociale_e_di_investimento
frozen,2025,0,57,621,Ambulatory health care services,1214119.0321346724,1162296.0,1350820.8764774061,28.396014051066615,1350849.2724914572,0.8987820157724892,0.44966485023387,0.8987798880386405,0.4496642643931112,copertura_del_fabbisogno_lordo_sociale_e_di_investimento
frozen,2025,0,58,622,Hospitals,895794.0097548898,931191.0,996677.7767780087,0.06913175004612801,996677.8459097587,0.8987798950594883,0.4496642663262022,0.8987798880386405,0.4496642643931112,copertura_del_fabbisogno_lordo_sociale_e_di_investimento
frozen,2025,0,59,623,Nursing and residential care facilities,241485.61253126478,261253.0,268663.6292266987,16.145934837695496,268679.7751615364,0.8987859707195234,0.4496659391680532,0.8987798880386405,0.4496642643931112,copertura_del_fabbisogno_lordo_sociale_e_di_investimento
frozen,2025,0,60,624,Social assistance,249766.23860961298,247852.0,277894.63412127853,0.1304675512882728,277894.7645888298,0.8987799355600112,0.44966427747744736,0.8987798880386405,0.4496642643931112,copertura_del_fabbisogno_lordo_sociale_e_di_investimento
frozen,2025,0,61,711AS,"Performing arts, spectator sports, museums, and related activities",195507.95395409976,224384.0,214589.2897707237,2639.416119677339,217228.70589040103,0.9000097530974562,0.45000268208872113,0.8987798880386405,0.4496642643931112,copertura_del_fabbisogno_lordo_sociale_e_di_investimento
frozen,2025,0,62,713,"Amusements, gambling, and recreation industries",161646.04575392016,172324.0,179575.92954307544,246.8119047600082,179822.74144783546,0.8989188155648925,0.4497025134614378,0.8987798880386405,0.4496642643931112,copertura_del_fabbisogno_lordo_sociale_e_di_investimento
frozen,2025,0,63,721,Accommodation,275009.0484305261,306476.0,300298.8172704974,5106.511066012299,305405.3283365097,0.90047233271421,0.4501298608276491,0.8987798880386405,0.4496642643931112,copertura_del_fabbisogno_lordo_sociale_e_di_investimento
frozen,2025,0,64,722,Food services and drinking places,891465.7133252666,909020.0,981608.8033141535,9215.462984827884,990824.2662989814,0.8997213165308838,0.4499233513656394,0.8987798880386405,0.4496642643931112,copertura_del_fabbisogno_lordo_sociale_e_di_investimento
frozen,2025,0,65,81,"Other services, except government",704737.8583634702,776759.0,777351.8309774031,6069.666750967675,783421.4977283707,0.8995641049000396,0.4498801027161916,0.8987798880386405,0.4496642643931112,copertura_del_fabbisogno_lordo_sociale_e_di_investimento
frozen,2025,0,66,GFGD,Federal general government (defense),615770.8648790369,702344.0,685118.6514896333,0.0,685118.6514896333,0.8987798880386405,0.4496642643931112,0.8987798880386405,0.4496642643931112,copertura_del_fabbisogno_lordo_sociale_e_di_investimento
frozen,2025,0,67,GFGN,Federal general government (nondefense),447405.0333037331,440949.0,493945.7765222861,3456.5035838734348,497402.28010615957,0.8994832778173922,0.44985786467754585,0.8987798880386405,0.4496642643931112,copertura_del_fabbisogno_lordo_sociale_e_di_investimento
frozen,2025,0,68,GFE,Federal government enterprises,81767.04323673453,98900.0,89349.29113391758,1461.6973550602047,90810.98848897777,0.9004091310674264,0.4501124880323678,0.8987798880386405,0.4496642643931112,copertura_del_fabbisogno_lordo_sociale_e_di_investimento
frozen,2025,0,69,GSLG,State and local general government,2307602.395550798,2503853.0,2566565.9807985197,824.5106849211661,2567390.4914834406,0.8988123946106318,0.44967321447179653,0.8987798880386405,0.4496642643931112,copertura_del_fabbisogno_lordo_sociale_e_di_investimento
frozen,2025,0,70,GSLE,State and local government enterprises,308977.6912254472,382401.0,340127.79353410134,3277.6710340377845,343405.4645681391,0.8997459944733621,0.4499301396077117,0.8987798880386405,0.4496642643931112,copertura_del_fabbisogno_lordo_sociale_e_di_investimento
frozen,2026,0,0,111CA,Farms,364415.72170936735,388056.0,405456.0260628577,0.0,405456.0260628577,0.8987798880386405,0.4496642643931112,0.8987798880386405,0.4496642643931112,copertura_del_fabbisogno_lordo_sociale_e_di_investimento
frozen,2026,0,1,113FF,"Forestry, fishing, and related activities",46378.09801235424,50994.0,51601.17469201797,0.0,51601.17469201797,0.8987798880386404,0.4496642643931112,0.8987798880386405,0.4496642643931112,copertura_del_fabbisogno_lordo_sociale_e_di_investimento
frozen,2026,0,2,211,Oil and gas extraction,292171.7388072962,316004.0,325075.9643107803,0.0,325075.9643107803,0.8987798880386405,0.4496642643931112,0.8987798880386405,0.4496642643931112,copertura_del_fabbisogno_lordo_sociale_e_di_investimento
frozen,2026,0,3,212,"Mining, except oil and gas",69941.99683576036,106096.0,77818.82724188572,0.0,77818.82724188572,0.8987798880386406,0.44966426439311125,0.8987798880386405,0.4496642643931112,copertura_del_fabbisogno_lordo_sociale_e_di_investimento
frozen,2026,0,4,213,Support activities for mining,24876.151504341742,135631.0,27677.690428329057,0.0,27677.690428329057,0.8987798880386405,0.4496642643931112,0.8987798880386405,0.4496642643931112,copertura_del_fabbisogno_lordo_sociale_e_di_investimento
frozen,2026,0,5,22,Utilities,430782.43663894275,517969.0,479296.9250558291,0.0,479296.9250558291,0.8987798880386405,0.4496642643931112,0.8987798880386405,0.4496642643931112,copertura_del_fabbisogno_lordo_sociale_e_di_investimento
frozen,2026,0,6,23,Construction,261169.84296119187,1732164.0,290582.6514778039,0.0,290582.6514778039,0.8987798880386405,0.4496642643931112,0.8987798880386405,0.4496642643931112,copertura_del_fabbisogno_lordo_sociale_e_di_investimento
frozen,2026,0,7,321,Wood products,55761.57103636691,112381.0,62041.40944681397,0.0,62041.40944681397,0.8987798880386405,0.4496642643931112,0.8987798880386405,0.4496642643931112,copertura_del_fabbisogno_lordo_sociale_e_di_investimento
frozen,2026,0,8,327,Nonmetallic mineral products,57726.44643294517,135072.0,64227.568063320294,0.0,64227.568063320294,0.8987798880386405,0.4496642643931112,0.8987798880386405,0.4496642643931112,copertura_del_fabbisogno_lordo_sociale_e_di_investimento
frozen,2026,0,9,331,Primary metals,185079.1913803955,235954.0,205922.71127059148,0.0,205922.71127059148,0.8987798880386405,0.4496642643931112,0.8987798880386405,0.4496642643931112,copertura_del_fabbisogno_lordo_sociale_e_di_investimento
frozen,2026,0,10,332,Fabricated metal products,225101.12548679818,377502.0,250451.89426526264,0.0,250451.89426526264,0.8987798880386405,0.4496642643931112,0.8987798880386405,0.4496642643931112,copertura_del_fabbisogno_lordo_sociale_e_di_investimento
frozen,2026,0,11,333,Machinery,168091.2217751979,391132.0,187021.56558266387,0.0,187021.56558266387,0.8987798880386405,0.4496642643931112,0.8987798880386405,0.4496642643931112,copertura_del_fabbisogno_lordo_sociale_e_di_investimento
frozen,2026,0,12,334,Computer and electronic products,202628.14639573114,367248.0,225448.0202465542,0.0,225448.0202465542,0.8987798880386405,0.4496642643931112,0.8987798880386405,0.4496642643931112,copertura_del_fabbisogno_lordo_sociale_e_di_investimento
frozen,2026,0,13,335,"Electrical equipment, appliances, and components",72439.02749079405,131501.0,80597.0721584279,0.0,80597.0721584279,0.8987798880386404,0.4496642643931112,0.8987798880386405,0.4496642643931112,copertura_del_fabbisogno_lordo_sociale_e_di_investimento
frozen,2026,0,14,3361MV,"Motor vehicles, bodies and trailers, and parts",429116.66331657866,650219.0,477443.5532297202,0.0,477443.5532297202,0.8987798880386406,0.44966426439311125,0.8987798880386405,0.4496642643931112,copertura_del_fabbisogno_lordo_sociale_e_di_investimento
frozen,2026,0,15,3364OT,Other transportation equipment,207178.68303852668,328510.0,230511.03590072726,0.0,230511.03590072726,0.8987798880386405,0.4496642643931112,0.8987798880386405,0.4496642643931112,copertura_del_fabbisogno_lordo_sociale_e_di_investimento
frozen,2026,0,16,337,Furniture and related products,39642.26415813908,74187.0,44106.75481918969,0.0,44106.75481918969,0.8987798880386405,0.4496642643931112,0.8987798880386405,0.4496642643931112,copertura_del_fabbisogno_lordo_sociale_e_di_investimento
frozen,2026,0,17,339,Miscellaneous manufacturing,131780.02072047125,166814.0,146621.01641821087,0.0,146621.01641821087,0.8987798880386406,0.44966426439311125,0.8987798880386405,0.4496642643931112,copertura_del_fabbisogno_lordo_sociale_e_di_investimento
frozen,2026,0,18,311FT,Food and beverage and tobacco products,860549.7739922424,977827.0,957464.4308854912,0.0,957464.4308854912,0.8987798880386405,0.4496642643931112,0.8987798880386405,0.4496642643931112,copertura_del_fabbisogno_lordo_sociale_e_di_investimento
frozen,2026,0,19,313TT,Textile mills and textile product mills,41685.645601633856,49895.0,46380.2607917743,0.0,46380.2607917743,0.8987798880386405,0.4496642643931112,0.8987798880386405,0.4496642643931112,copertura_del_fabbisogno_lordo_sociale_e_di_investimento
frozen,2026,0,20,315AL,Apparel and leather and allied products,24584.73047057043,17331.0,27353.449713055303,0.0,27353.449713055303,0.8987798880386406,0.44966426439311125,0.8987798880386405,0.4496642643931112,copertura_del_fabbisogno_lordo_sociale_e_di_investimento
frozen,2026,0,21,322,Paper products,146184.11676196937,190943.0,162647.29407884192,0.0,162647.29407884192,0.8987798880386405,0.4496642643931112,0.8987798880386405,0.4496642643931112,copertura_del_fabbisogno_lordo_sociale_e_di_investimento
frozen,2026,0,22,323,Printing and related support activities,67269.76311854468,81156.0,74845.64798767795,0.0,74845.64798767795,0.8987798880386404,0.4496642643931112,0.8987798880386405,0.4496642643931112,copertura_del_fabbisogno_lordo_sociale_e_di_investimento
frozen,2026,0,23,324,Petroleum and coal products,499340.1393281,597698.0,555575.559682119,0.0,555575.559682119,0.8987798880386405,0.4496642643931112,0.8987798880386405,0.4496642643931112,copertura_del_fabbisogno_lordo_sociale_e_di_investimento
frozen,2026,0,24,325,Chemical products,634310.2637738602,805728.0,705745.9476069071,0.0,705745.9476069071,0.8987798880386404,0.4496642643931112,0.8987798880386405,0.4496642643931112,copertura_del_fabbisogno_lordo_sociale_e_di_investimento
frozen,2026,0,25,326,Plastics and rubber products,178056.04422561728,250297.0,198108.62102642228,0.0,198108.62102642228,0.8987798880386405,0.4496642643931112,0.8987798880386405,0.4496642643931112,copertura_del_fabbisogno_lordo_sociale_e_di_investimento
frozen,2026,0,26,42,Wholesale trade,1868013.2599383735,2232753.0,2078387.9176633996,0.0,2078387.9176633996,0.8987798880386405,0.4496642643931112,0.8987798880386405,0.4496642643931112,copertura_del_fabbisogno_lordo_sociale_e_di_investimento
frozen,2026,0,27,441,Motor vehicle and parts dealers,71790.2007144329,371276.0,79875.17485632308,0.0,79875.17485632308,0.8987798880386406,0.44966426439311125,0.8987798880386405,0.4496642643931112,copertura_del_fabbisogno_lordo_sociale_e_di_investimento
frozen,2026,0,28,445,Food and beverage stores,21080.910159725834,263473.0,23455.03102626115,0.0,23455.03102626115,0.8987798880386405,0.4496642643931112,0.8987798880386405,0.4496642643931112,copertura_del_fabbisogno_lordo_sociale_e_di_investimento
frozen,2026,0,29,452,General merchandise stores,15418.05224058906,244474.0,17154.425066447642,0.0,17154.425066447642,0.8987798880386405,0.4496642643931112,0.8987798880386405,0.4496642643931112,copertura_del_fabbisogno_lordo_sociale_e_di_investimento
frozen,2026,0,30,4A0,Other retail,1117230.8264612842,1108702.0,1243052.7666783438,0.0,1243052.7666783438,0.8987798880386405,0.4496642643931112,0.8987798880386405,0.4496642643931112,copertura_del_fabbisogno_lordo_sociale_e_di_investimento
frozen,2026,0,31,481,Air transportation,273152.66177639767,272267.0,303914.96896140405,0.0,303914.96896140405,0.8987798880386406,0.44966426439311125,0.8987798880386405,0.4496642643931112,copertura_del_fabbisogno_lordo_sociale_e_di_investimento
frozen,2026,0,32,482,Rail transportation,66865.69705125084,84848.0,74396.07621524364,0.0,74396.07621524364,0.8987798880386405,0.4496642643931112,0.8987798880386405,0.4496642643931112,copertura_del_fabbisogno_lordo_sociale_e_di_investimento
frozen,2026,0,33,483,Water transportation,49496.83392780297,60883.0,55071.140984048136,0.0,55071.140984048136,0.8987798880386405,0.4496642643931112,0.8987798880386405,0.4496642643931112,copertura_del_fabbisogno_lordo_sociale_e_di_investimento
frozen,2026,0,34,484,Truck transportation,329902.7201583232,409425.0,367056.18867179187,0.0,367056.18867179187,0.8987798880386404,0.4496642643931112,0.8987798880386405,0.4496642643931112,copertura_del_fabbisogno_lordo_sociale_e_di_investimento
frozen,2026,0,35,485,Transit and ground passenger transportation,103602.93492420386,109551.0,115270.64223732357,0.0,115270.64223732357,0.8987798880386405,0.4496642643931112,0.8987798880386405,0.4496642643931112,copertura_del_fabbisogno_lordo_sociale_e_di_investimento
frozen,2026,0,36,486,Pipeline transportation,55725.94469994468,61593.0,62001.7708913719,0.0,62001.7708913719,0.8987798880386405,0.4496642643931112,0.8987798880386405,0.4496642643931112,copertura_del_fabbisogno_lordo_sociale_e_di_investimento
frozen,2026,0,37,487OS,Other transportation and support activities,227979.7607945631,264513.0,253654.71994713988,0.0,253654.71994713988,0.8987798880386405,0.4496642643931112,0.8987798880386405,0.4496642643931112,copertura_del_fabbisogno_lordo_sociale_e_di_investimento
frozen,2026,0,38,493,Warehousing and storage,107366.76787032331,134932.0,119458.35604379632,0.0,119458.35604379632,0.8987798880386405,0.4496642643931112,0.8987798880386405,0.4496642643931112,copertura_del_fabbisogno_lordo_sociale_e_di_investimento
frozen,2026,0,39,511,"Publishing industries, except internet (includes software)",281459.0833899516,418461.0,313156.8553499398,0.0,313156.8553499398,0.8987798880386405,0.4496642643931112,0.8987798880386405,0.4496642643931112,copertura_del_fabbisogno_lordo_sociale_e_di_investimento
frozen,2026,0,40,512,Motion picture and sound recording industries,104652.57873909146,166843.0,116438.49637920716,0.0,116438.49637920716,0.8987798880386405,0.4496642643931112,0.8987798880386405,0.4496642643931112,copertura_del_fabbisogno_lordo_sociale_e_di_investimento
frozen,2026,0,41,513,Broadcasting and telecommunications,715720.5256423176,893988.0,796324.5897771438,0.0,796324.5897771438,0.8987798880386405,0.4496642643931112,0.8987798880386405,0.4496642643931112,copertura_del_fabbisogno_lordo_sociale_e_di_investimento
frozen,2026,0,42,514,"Data processing, internet publishing, and other information services",385155.684738393,481772.0,428531.7126742764,0.0,428531.7126742764,0.8987798880386405,0.4496642643931112,0.8987798880386405,0.4496642643931112,copertura_del_fabbisogno_lordo_sociale_e_di_investimento
frozen,2026,0,43,521CI,"Federal Reserve banks, credit intermediation, and related activities",970186.5315897675,1119901.0,1079448.4216897131,0.0,1079448.4216897131,0.8987798880386405,0.4496642643931112,0.8987798880386405,0.4496642643931112,copertura_del_fabbisogno_lordo_sociale_e_di_investimento
frozen,2026,0,44,523,"Securities, commodity contracts, and investments",591482.3941767095,607994.0,658094.8261620206,0.0,658094.8261620206,0.8987798880386406,0.44966426439311125,0.8987798880386405,0.4496642643931112,copertura_del_fabbisogno_lordo_sociale_e_di_investimento
frozen,2026,0,45,524,Insurance carriers and related activities,992742.8717514181,1132639.0,1104545.0448583446,0.0,1104545.0448583446,0.8987798880386405,0.4496642643931112,0.8987798880386405,0.4496642643931112,copertura_del_fabbisogno_lordo_sociale_e_di_investimento
frozen,2026,0,46,525,"Funds, trusts, and other financial vehicles",157649.58670108058,147388.0,175403.99913165712,0.0,175403.99913165712,0.8987798880386405,0.4496642643931112,0.8987798880386405,0.4496642643931112,copertura_del_fabbisogno_lordo_sociale_e_di_investimento
frozen,2026,0,47,HS,Housing,2194731.5508885724,2218948.0,2441901.0484068776,0.0,2441901.0484068776,0.8987798880386405,0.4496642643931112,0.8987798880386405,0.4496642643931112,copertura_del_fabbisogno_lordo_sociale_e_di_investimento
frozen,2026,0,48,ORE,Other real estate,998434.7663685149,1435813.0,1110877.9576135664,0.0,1110877.9576135664,0.8987798880386405,0.4496642643931112,0.8987798880386405,0.4496642643931112,copertura_del_fabbisogno_lordo_sociale_e_di_investimento
frozen,2026,0,49,532RL,Rental and leasing services and lessors of intangible assets,335547.92112222605,403077.0,373337.1491594838,0.0,373337.1491594838,0.8987798880386405,0.4496642643931112,0.8987798880386405,0.4496642643931112,copertura_del_fabbisogno_lordo_sociale_e_di_investimento
frozen,2026,0,50,5411,Legal services,291880.76866338775,370979.0,324752.2252643454,0.0,324752.2252643454,0.8987798880386405,0.4496642643931112,0.8987798880386405,0.4496642643931112,copertura_del_fabbisogno_lordo_sociale_e_di_investimento
frozen,2026,0,51,5415,Computer systems design and related services,261020.7532962492,531833.0,290416.77141425683,0.0,290416.77141425683,0.8987798880386405,0.4496642643931112,0.8987798880386405,0.4496642643931112,copertura_del_fabbisogno_lordo_sociale_e_di_investimento
frozen,2026,0,52,5412OP,"Miscellaneous professional, scientific, and technical services",1023689.6571512334,1573028.0,1138977.0407359435,0.0,1138977.0407359435,0.8987798880386405,0.4496642643931112,0.8987798880386405,0.4496642643931112,copertura_del_fabbisogno_lordo_sociale_e_di_investimento
frozen,2026,0,53,55,Management of companies and enterprises,522096.99460585567,631717.0,580895.2798723613,0.0,580895.2798723613,0.8987798880386405,0.4496642643931112,0.8987798880386405,0.4496642643931112,copertura_del_fabbisogno_lordo_sociale_e_di_investimento
frozen,2026,0,54,561,Administrative and support services,879714.5799874004,1085165.0,978787.5671174115,0.0,978787.5671174115,0.8987798880386405,0.4496642643931112,0.8987798880386405,0.4496642643931112,copertura_del_fabbisogno_lordo_sociale_e_di_investimento
frozen,2026,0,55,562,Waste management and remediation services,100733.05656002702,128247.0,112077.55970135402,0.0,112077.55970135402,0.8987798880386405,0.4496642643931112,0.8987798880386405,0.4496642643931112,copertura_del_fabbisogno_lordo_sociale_e_di_investimento
frozen,2026,0,56,61,Educational services,324724.5965276817,383160.0,361294.90751769143,0.0,361294.90751769143,0.8987798880386405,0.4496642643931112,0.8987798880386405,0.4496642643931112,copertura_del_fabbisogno_lordo_sociale_e_di_investimento
frozen,2026,0,57,621,Ambulatory health care services,1214090.6361206213,1162296.0,1350820.8764774061,0.0,1350820.8764774061,0.8987798880386405,0.4496642643931112,0.8987798880386405,0.4496642643931112,copertura_del_fabbisogno_lordo_sociale_e_di_investimento
frozen,2026,0,58,622,Hospitals,895793.9406231397,931191.0,996677.7767780087,0.0,996677.7767780087,0.8987798880386405,0.4496642643931112,0.8987798880386405,0.4496642643931112,copertura_del_fabbisogno_lordo_sociale_e_di_investimento
frozen,2026,0,59,623,Nursing and residential care facilities,241469.46659642708,261253.0,268663.6292266987,0.0,268663.6292266987,0.8987798880386405,0.4496642643931112,0.8987798880386405,0.4496642643931112,copertura_del_fabbisogno_lordo_sociale_e_di_investimento
frozen,2026,0,60,624,Social assistance,249766.10814206168,247852.0,277894.63412127853,0.0,277894.63412127853,0.8987798880386405,0.4496642643931112,0.8987798880386405,0.4496642643931112,copertura_del_fabbisogno_lordo_sociale_e_di_investimento
frozen,2026,0,61,711AS,"Performing arts, spectator sports, museums, and related activities",192868.53783442243,224384.0,214589.2897707237,0.0,214589.2897707237,0.8987798880386405,0.4496642643931112,0.8987798880386405,0.4496642643931112,copertura_del_fabbisogno_lordo_sociale_e_di_investimento
frozen,2026,0,62,713,"Amusements, gambling, and recreation industries",161399.23384916014,172324.0,179575.92954307544,0.0,179575.92954307544,0.8987798880386405,0.4496642643931112,0.8987798880386405,0.4496642643931112,copertura_del_fabbisogno_lordo_sociale_e_di_investimento
frozen,2026,0,63,721,Accommodation,269902.5373645138,306476.0,300298.8172704974,0.0,300298.8172704974,0.8987798880386405,0.4496642643931112,0.8987798880386405,0.4496642643931112,copertura_del_fabbisogno_lordo_sociale_e_di_investimento
frozen,2026,0,64,722,Food services and drinking places,882250.2503404387,909020.0,981608.8033141535,0.0,981608.8033141535,0.8987798880386405,0.4496642643931112,0.8987798880386405,0.4496642643931112,copertura_del_fabbisogno_lordo_sociale_e_di_investimento
frozen,2026,0,65,81,"Other services, except government",698668.1916125026,776759.0,777351.8309774031,0.0,777351.8309774031,0.8987798880386405,0.4496642643931112,0.8987798880386405,0.4496642643931112,copertura_del_fabbisogno_lordo_sociale_e_di_investimento
frozen,2026,0,66,GFGD,Federal general government (defense),615770.8648790369,702344.0,685118.6514896333,0.0,685118.6514896333,0.8987798880386405,0.4496642643931112,0.8987798880386405,0.4496642643931112,copertura_del_fabbisogno_lordo_sociale_e_di_investimento
frozen,2026,0,67,GFGN,Federal general government (nondefense),443948.52971985965,440949.0,493945.7765222861,0.0,493945.7765222861,0.8987798880386405,0.4496642643931112,0.8987798880386405,0.4496642643931112,copertura_del_fabbisogno_lordo_sociale_e_di_investimento
frozen,2026,0,68,GFE,Federal government enterprises,80305.34588167434,98900.0,89349.29113391758,0.0,89349.29113391758,0.8987798880386405,0.4496642643931112,0.8987798880386405,0.4496642643931112,copertura_del_fabbisogno_lordo_sociale_e_di_investimento
frozen,2026,0,69,GSLG,State and local general government,2306777.884865877,2503853.0,2566565.9807985197,0.0,2566565.9807985197,0.8987798880386405,0.4496642643931112,0.8987798880386405,0.4496642643931112,copertura_del_fabbisogno_lordo_sociale_e_di_investimento
frozen,2026,0,70,GSLE,State and local government enterprises,305700.02019140945,382401.0,340127.79353410134,0.0,340127.79353410134,0.8987798880386405,0.4496642643931112,0.8987798880386405,0.4496642643931112,copertura_del_fabbisogno_lordo_sociale_e_di_investimento
historical,2019,1,0,111CA,Farms,368525.6111525259,388056.0,376350.29304357385,4468.819517734389,380819.11256130825,0.9677182656981187,0.46801263100096,0.967334949285242,0.4679139921761044,copertura_del_fabbisogno_lordo_sociale_e_di_investimento
historical,2019,1,1,113FF,"Forestry, fishing, and related activities",50994.00000000003,50994.0,48583.25838973204,3997.7162094567825,52580.97459918882,0.9698184635928511,0.46855242652991513,0.967334949285242,0.4679139921761044,copertura_del_fabbisogno_lordo_sociale_e_di_investimento
historical,2019,1,2,211,Oil and gas extraction,316004.0,316004.0,309159.9243025317,16942.800303781205,326102.7246063129,0.9690320753421959,0.46835043636620677,0.967334949285242,0.4679139921761044,copertura_del_fabbisogno_lordo_sociale_e_di_investimento
historical,2019,1,3,212,"Mining, except oil and gas",83892.66145448804,106096.0,75007.63897045933,11335.15081499303,86342.78978545236,0.9716232433877515,0.46901541894212573,0.967334949285242,0.4679139921761044,copertura_del_fabbisogno_lordo_sociale_e_di_investimento
historical,2019,1,4,213,Support activities for mining,135631.00000000006,135631.0,27045.70957834088,109468.7398966523,136514.4494749932,0.9935285277244226,0.474571286976608,0.967334949285242,0.4679139921761044,copertura_del_fabbisogno_lordo_sociale_e_di_investimento
historical,2019,1,5,22,Utilities,458373.6397662626,517969.0,455282.7342018494,17962.73916667033,473245.4733685197,0.968574800100251,0.46823291091688357,0.967334949285242,0.4679139921761044,copertura_del_fabbisogno_lordo_sociale_e_di_investimento
historical,2019,1,6,23,Construction,854969.1805362012,1732164.0,271455.9450910564,592380.3576583667,863836.3027494231,0.9897351822503876,0.4736175141505559,0.967334949285242,0.4679139921761044,copertura_del_fabbisogno_lordo_sociale_e_di_investimento
historical,2019,1,7,321,Wood products,87314.37368810101,112381.0,58475.306235600045,30749.166296247837,89224.47253184789,0.9785922091826872,0.4707956687509545,0.967334949285242,0.4679139921761044,copertura_del_fabbisogno_lordo_sociale_e_di_investimento
historical,2019,1,8,327,Nonmetallic mineral products,89159.53003116154,135072.0,58755.98030584336,32322.816801803874,91078.79710764723,0.9789273998182334,0.4708809936815609,0.967334949285242,0.4679139921761044,copertura_del_fabbisogno_lordo_sociale_e_di_investimento
historical,2019,1,9,331,Primary metals,235953.99999999997,235954.0,195890.28149718448,46462.48448244925,242352.76597963372,0.9735973057548207,0.4695209156825252,0.967334949285242,0.4679139921761044,copertura_del_fabbisogno_lordo_sociale_e_di_investimento
historical,2019,1,10,332,Fabricated metal products,297442.9410301185,377502.0,238672.42611026217,66566.76182296239,305239.18793322454,0.9744585649179109,0.4697411562695982,0.967334949285242,0.4679139921761044,copertura_del_fabbisogno_lordo_sociale_e_di_investimento
historical,2019,1,11,333,Machinery,214103.44703099708,391132.0,190477.22234464975,29848.172814241567,220325.39515889133,0.9717601862308828,0.46905051689345817,0.967334949285242,0.4679139921761044,copertura_del_fabbisogno_lordo_sociale_e_di_investimento
historical,2019,1,12,334,Computer and electronic products,367247.9999999999,367248.0,236796.34651328865,138186.61815463725,374982.9646679259,0.9793724904949326,0.4709942518580796,0.967334949285242,0.4679139921761044,copertura_del_fabbisogno_lordo_sociale_e_di_investimento
historical,2019,1,13,335,"Electrical equipment, appliances, and components",93961.96337470463,131501.0,74855.56061525241,21551.563443231073,96407.12405848349,0.9746371369578918,0.46978679769852866,0.967334949285242,0.4679139921761044,copertura_del_fabbisogno_lordo_sociale_e_di_investimento
historical,2019,1,14,3361MV,"Motor vehicles, bodies and trailers, and parts",473363.0794300968,650219.0,427558.7032604938,59770.60289514315,487329.30615563696,0.9713412951999242,0.4689431420359777,0.967334949285242,0.4679139921761044,copertura_del_fabbisogno_lordo_sociale_e_di_investimento
historical,2019,1,15,3364OT,Other transportation equipment,328509.9999999999,328510.0,237595.20409218105,98675.85529907323,336271.05939125427,0.9769202279693527,0.47036964386663394,0.967334949285242,0.4679139921761044,copertura_del_fabbisogno_lordo_sociale_e_di_investimento
historical,2019,1,16,337,Furniture and related products,74187.0,74187.0,45933.20465797864,29754.205801665586,75687.41045964422,0.9801762215072185,0.47119864719779325,0.967334949285242,0.4679139921761044,copertura_del_fabbisogno_lordo_sociale_e_di_investimento
historical,2019,1,17,339,Miscellaneous manufacturing,166814.00000000006,166814.0,138444.38079009095,32891.9119295907,171336.29271968163,0.9736057513099086,0.46952307626214684,0.967334949285242,0.4679139921761044,copertura_del_fabbisogno_lordo_sociale_e_di_investimento
historical,2019,1,18,311FT,Food and beverage and tobacco products,936662.7596282101,977827.0,963102.8393564329,5019.723362882469,968122.5627193154,0.9675043178389116,0.4679575803015537,0.967334949285242,0.4679139921761044,copertura_del_fabbisogno_lordo_sociale_e_di_investimento
historical,2019,1,19,313TT,Textile mills and textile product mills,41291.47564355768,49895.0,37622.44894846624,4897.9658980064805,42520.41484647272,0.9710976666772341,0.46888067245771886,0.967334949285242,0.4679139921761044,copertura_del_fabbisogno_lordo_sociale_e_di_investimento
historical,2019,1,20,315AL,Apparel and leather and allied products,15435.11159731059,17331.0,15334.22342727529,601.7813559586781,15936.004783233968,0.9685684591127658,0.468231280838632,0.967334949285242,0.4679139921761044,copertura_del_fabbisogno_lordo_sociale_e_di_investimento
historical,2019,1,21,322,Paper products,171068.87049630654,190943.0,163286.96982207638,13115.677824527434,176402.64764660381,0.9697636219101274,0.46853834498026375,0.967334949285242,0.4679139921761044,copertura_del_fabbisogno_lordo_sociale_e_di_investimento
historical,2019,1,22,323,Printing and related support activities,72782.65100448305,81156.0,68701.3194309562,6325.463656909824,75026.78308786602,0.9700889203692127,0.46862186006782325,0.967334949285242,0.4679139921761044,copertura_del_fabbisogno_lordo_sociale_e_di_investimento
historical,2019,1,23,324,Petroleum and coal products,539247.2847629613,597698.0,527948.7022835652,28544.05361427953,556492.7558978447,0.9690104301410725,0.4683448744504405,0.967334949285242,0.4679139921761044,copertura_del_fabbisogno_lordo_sociale_e_di_investimento
historical,2019,1,24,325,Chemical products,719152.35333492,805728.0,696463.403857984,45438.96188493,741902.365742914,0.9693355710151793,0.4684284098686036,0.967334949285242,0.4679139921761044,copertura_del_fabbisogno_lordo_sociale_e_di_investimento
historical,2019,1,25,326,Plastics and rubber products,207215.1270748115,250297.0,185333.61304884197,27935.445895359255,213269.0589442012,0.971613641944312,0.4690129579531077,0.967334949285242,0.4679139921761044,copertura_del_fabbisogno_lordo_sociale_e_di_investimento
historical,2019,1,26,42,Wholesale trade,2030219.196346331,2232753.0,1988341.470951856,106827.00038137386,2095168.47133323,0.969000452290326,0.4683423105189124,0.967334949285242,0.4679139921761044,copertura_del_fabbisogno_lordo_sociale_e_di_investimento
historical,2019,1,27,441,Motor vehicle and parts dealers,79570.619780956,371276.0,79656.22822616658,2516.36628954348,82172.59451571007,0.9683352491169472,0.4681713225795321,0.967334949285242,0.4679139921761044,copertura_del_fabbisogno_lordo_sociale_e_di_investimento
historical,2019,1,28,445,Food and beverage stores,22434.717853557573,263473.0,23057.242498036645,130.64135106176678,23187.883849098413,0.9675189853268942,0.4679613547412819,0.967334949285242,0.4679139921761044,copertura_del_fabbisogno_lordo_sociale_e_di_investimento
historical,2019,1,29,452,General merchandise stores,17439.21423258958,244474.0,17274.26586818606,729.2131350480319,18003.47900323409,0.9686580149012785,0.46825430202754187,0.967334949285242,0.4679139921761044,copertura_del_fabbisogno_lordo_sociale_e_di_investimento
historical,2019,1,30,4A0,Other retail,1020824.8020779202,1108702.0,1026439.7226459201,27913.785027871167,1054353.5076737914,0.9681997495604248,0.46813647945088765,0.967334949285242,0.4679139921761044,copertura_del_fabbisogno_lordo_sociale_e_di_investimento
historical,2019,1,31,481,Air transportation,253182.66525451708,272267.0,252102.98372877517,9314.63827458418,261417.62200335934,0.9684988460772685,0.4682133847519151,0.967334949285242,0.4679139921761044,copertura_del_fabbisogno_lordo_sociale_e_di_investimento
historical,2019,1,32,482,Rail transportation,76405.44341009778,84848.0,73760.20304213963,5054.621141060485,78814.82418320012,0.9694298528472018,0.46845262791267,0.967334949285242,0.4679139921761044,copertura_del_fabbisogno_lordo_sociale_e_di_investimento
historical,2019,1,33,483,Water transportation,57856.01492584541,60883.0,58325.87596044542,1435.356661630627,59761.232622076044,0.9681195046916279,0.46811584267514644,0.967334949285242,0.4679139921761044,copertura_del_fabbisogno_lordo_sociale_e_di_investimento
historical,2019,1,34,484,Truck transportation,365515.05199767184,409425.0,353645.1269348339,23421.76106919135,377066.8880040252,0.9693639606821428,0.46843570251537714,0.967334949285242,0.4679139921761044,copertura_del_fabbisogno_lordo_sociale_e_di_investimento
historical,2019,1,35,485,Transit and ground passenger transportation,101742.37824072869,109551.0,100859.00532530983,4177.937439410163,105036.94276471999,0.9686342306118807,0.4682481882383666,0.967334949285242,0.4679139921761044,copertura_del_fabbisogno_lordo_sociale_e_di_investimento
historical,2019,1,36,486,Pipeline transportation,56406.5594243432,61593.0,55906.66958483991,2326.084036785302,58232.75362162521,0.9686397416624337,0.4682496048751339,0.967334949285242,0.4679139921761044,copertura_del_fabbisogno_lordo_sociale_e_di_investimento
historical,2019,1,37,487OS,Other transportation and support activities,237280.72444773014,264513.0,231270.97235741693,13564.23013121964,244835.20248863657,0.9691446411132114,0.4683793592079702,0.967334949285242,0.4679139921761044,copertura_del_fabbisogno_lordo_sociale_e_di_investimento
historical,2019,1,38,493,Warehousing and storage,112770.12907567131,134932.0,109134.59387926626,7200.422240205805,116335.01611947207,0.9693567150913552,0.4684338413102263,0.967334949285242,0.4679139921761044,copertura_del_fabbisogno_lordo_sociale_e_di_investimento
historical,2019,1,39,511,"Publishing industries, except internet (includes software)",418460.9999999999,418461.0,241130.53739164173,185207.003841133,426337.54123277473,0.9815251051784005,0.47154132454927905,0.967334949285242,0.4679139921761044,copertura_del_fabbisogno_lordo_sociale_e_di_investimento
historical,2019,1,40,512,Motion picture and sound recording industries,110145.9408721494,166843.0,110745.65982399065,3017.7936427487416,113763.45346673939,0.9682014523614332,0.4681369173471758,0.967334949285242,0.4679139921761044,copertura_del_fabbisogno_lordo_sociale_e_di_investimento
historical,2019,1,41,513,Broadcasting and telecommunications,739645.8138605186,893988.0,740145.9863256714,23676.733714499886,763822.7200401713,0.968347490137003,0.46817447008039337,0.967334949285242,0.4679139921761044,copertura_del_fabbisogno_lordo_sociale_e_di_investimento
historical,2019,1,42,514,"Data processing, internet publishing, and other information services",343902.7412395492,481772.0,327896.9804415487,26716.532293339733,354613.5127348884,0.9697959296228323,0.4685466406340614,0.967334949285242,0.4679139921761044,copertura_del_fabbisogno_lordo_sociale_e_di_investimento
historical,2019,1,43,521CI,"Federal Reserve banks, credit intermediation, and related activities",1024958.5478760962,1119901.0,1018772.8528934057,39463.961889272294,1058236.814782678,0.968553100363064,0.4682273325219775,0.967334949285242,0.4679139921761044,copertura_del_fabbisogno_lordo_sociale_e_di_investimento
historical,2019,1,44,523,"Securities, commodity contracts, and investments",575918.6296412426,607994.0,578905.9339939358,15922.687340292976,594828.6213342288,0.9682093446502789,0.46813894693721003,0.967334949285242,0.4679139921761044,copertura_del_fabbisogno_lordo_sociale_e_di_investimento
historical,2019,1,45,524,Insurance carriers and related activities,1035032.4239829126,1132639.0,1033676.7435079364,35120.7837243288,1068797.527232265,0.9684083258156576,0.468190112043653,0.967334949285242,0.4679139921761044,copertura_del_fabbisogno_lordo_sociale_e_di_investimento
historical,2019,1,46,525,"Funds, trusts, and other financial vehicles",142312.96187441412,147388.0,146985.01556028606,129.21930171429594,147114.23486200036,0.967363640968598,0.4679213766743862,0.967334949285242,0.4679139921761044,copertura_del_fabbisogno_lordo_sociale_e_di_investimento
historical,2019,1,47,HS,Housing,2127949.573277529,2218948.0,2199806.359575717,0.0,2199806.359575717,0.967334949285242,0.4679139921761044,0.967334949285242,0.4679139921761044,copertura_del_fabbisogno_lordo_sociale_e_di_investimento
historical,2019,1,48,ORE,Other real estate,1056540.7777983206,1435813.0,1008190.2466794705,81283.1166567594,1089473.36333623,0.9697720140334025,0.46854049985128077,0.967334949285242,0.4679139921761044,copertura_del_fabbisogno_lordo_sociale_e_di_investimento
historical,2019,1,49,532RL,Rental and leasing services and lessors of intangible assets,357761.6462488573,403077.0,341513.3684211921,27403.829326911324,368917.1977481034,0.9697613676799554,0.4685377661517491,0.967334949285242,0.4679139921761044,copertura_del_fabbisogno_lordo_sociale_e_di_investimento
historical,2019,1,50,5411,Legal services,319440.35765773826,370979.0,307355.79302429676,22124.35720005478,329480.15022435156,0.9695283841537132,0.4684779351553469,0.967334949285242,0.4679139921761044,copertura_del_fabbisogno_lordo_sociale_e_di_investimento
historical,2019,1,51,5415,Computer systems design and related services,531833.0,531833.0,241320.02358891864,298395.7072200999,539715.7308090186,0.9853946617468373,0.47252190667900645,0.967334949285242,0.4679139921761044,copertura_del_fabbisogno_lordo_sociale_e_di_investimento
historical,2019,1,52,5412OP,"Miscellaneous professional, scientific, and technical services",1573028.0,1573028.0,1027483.4238734312,579107.3742759677,1606590.798149399,0.9791093051273172,0.4709272873305524,0.967334949285242,0.4679139921761044,copertura_del_fabbisogno_lordo_sociale_e_di_investimento
historical,2019,1,53,55,Management of companies and enterprises,557840.3294333244,631717.0,531223.1503346458,43969.610245213385,575192.7605798591,0.9698319722782298,0.4685558950037629,0.967334949285242,0.4679139921761044,copertura_del_fabbisogno_lordo_sociale_e_di_investimento
historical,2019,1,54,561,Administrative and support services,947915.2475790248,1085165.0,886972.4098230227,89915.83650546227,976888.246328485,0.9703415422814722,0.46868669853002926,0.967334949285242,0.4679139921761044,copertura_del_fabbisogno_lordo_sociale_e_di_investimento
historical,2019,1,55,562,Waste management and remediation services,109727.09189765199,128247.0,107428.45323602951,5807.794534785392,113236.24777081491,0.9690103130203918,0.4683448443549838,0.967334949285242,0.4679139921761044,copertura_del_fabbisogno_lordo_sociale_e_di_investimento
historical,2019,1,56,61,Educational services,341665.2446757135,383160.0,352907.786213745,285.20919627343676,353192.9954100184,0.9673613268549607,0.4679207810889013,0.967334949285242,0.4679139921761044,copertura_del_fabbisogno_lordo_sociale_e_di_investimento
historical,2019,1,57,621,Ambulatory health care services,1122345.1391637484,1162296.0,1160171.2000582127,70.99019323869811,1160242.1902514515,0.9673369479181843,0.46791450657924727,0.967334949285242,0.4679139921761044,copertura_del_fabbisogno_lordo_sociale_e_di_investimento
historical,2019,1,58,622,Hospitals,891353.421410583,931191.0,921452.5261770329,0.188732364824888,921452.7149093976,0.9673349559757125,0.46791399389808264,0.967334949285242,0.4679139921761044,copertura_del_fabbisogno_lordo_sociale_e_di_investimento
historical,2019,1,59,623,Nursing and residential care facilities,252351.21244913506,261253.0,260826.52958692744,44.59467891892095,260871.12426584636,0.967340533220423,0.4679154293528688,0.967334949285242,0.4679139921761044,copertura_del_fabbisogno_lordo_sociale_e_di_investimento
historical,2019,1,60,624,Social assistance,239478.85467417238,247852.0,247565.22929844717,0.35614596966696743,247565.58544441685,0.9673349962769358,0.46791400427072033,0.967334949285242,0.4679139921761044,copertura_del_fabbisogno_lordo_sociale_e_di_investimento
historical,2019,1,61,711AS,"Performing arts, spectator sports, museums, and related activities",192327.9696221167,224384.0,193366.42383043363,5277.869832635581,198644.2936630692,0.9682028417505618,0.468137274645198,0.967334949285242,0.4679139921761044,copertura_del_fabbisogno_lordo_sociale_e_di_investimento
historical,2019,1,62,713,"Amusements, gambling, and recreation industries",165595.12778703385,172324.0,170729.38380644558,442.6279611252088,171172.01176757077,0.9674194167437279,0.467935731331891,0.967334949285242,0.4679139921761044,copertura_del_fabbisogno_lordo_sociale_e_di_investimento
historical,2019,1,63,721,Accommodation,286617.84243792854,306476.0,288072.9203556443,7954.838635249816,296027.75899089413,0.9682127223979187,0.4681398155579265,0.967334949285242,0.4679139921761044,copertura_del_fabbisogno_lordo_sociale_e_di_investimento
historical,2019,1,64,722,Food services and drinking places,859863.3153085116,909020.0,872317.2864696842,16040.317240719636,888357.6037104039,0.9679247543074093,0.46806575156627844,0.967334949285242,0.4679139921761044,copertura_del_fabbisogno_lordo_sociale_e_di_investimento
historical,2019,1,65,81,"Other services, except government",724091.214613752,776759.0,731029.1416455158,16941.176954052942,747970.3185995688,0.9680747973655881,0.4681043444844296,0.967334949285242,0.4679139921761044,copertura_del_fabbisogno_lordo_sociale_e_di_investimento
historical,2019,1,66,GFGD,Federal general government (defense),660967.4549360038,702344.0,683287.06145104,0.0,683287.06145104,0.967334949285242,0.4679139921761044,0.967334949285242,0.4679139921761044,copertura_del_fabbisogno_lordo_sociale_e_di_investimento
historical,2019,1,67,GFGN,Federal general government (nondefense),405950.1010422395,440949.0,410045.2086692737,9299.039909491126,419344.24857876485,0.9680593031097467,0.46810035943073447,0.967334949285242,0.4679139921761044,copertura_del_fabbisogno_lordo_sociale_e_di_investimento
historical,2019,1,68,GFE,Federal government enterprises,88151.2800635516,98900.0,86838.08507770993,4149.765438877545,90987.85051658747,0.968824733885556,0.46829715345966555,0.967334949285242,0.4679139921761044,copertura_del_fabbisogno_lordo_sociale_e_di_investimento
historical,2019,1,69,GSLG,State and local general government,2349354.1158848577,2503853.0,2424100.6650297297,4436.822016002419,2428537.4870457323,0.967394626773005,0.4679293513899717,0.967334949285242,0.4679139921761044,copertura_del_fabbisogno_lordo_sociale_e_di_investimento
historical,2019,1,70,GSLE,State and local government enterprises,333076.13882311346,382401.0,333680.0234321304,10295.790278895243,343975.81371102564,0.9683126706778605,0.468165516947933,0.967334949285242,0.4679139921761044,copertura_del_fabbisogno_lordo_sociale_e_di_investimento
historical,2020,1,0,111CA,Farms,386742.63511121774,388056.0,392381.2544554705,7178.53423205555,399559.788687526,0.9679218131073448,0.4680649949975165,0.967334949285242,0.4679139921761044,copertura_del_fabbisogno_lordo_sociale_e_di_investimento
historical,2020,1,1,113FF,"Forestry, fishing, and related activities",56752.55964823795,50994.0,50060.84598235441,8326.95373872083,58387.79972107524,0.9719934630068437,0.4691102941976961,0.967334949285242,0.4679139921761044,copertura_del_fabbisogno_lordo_sociale_e_di_investimento
historical,2020,1,2,211,Oil and gas extraction,292616.10785253206,316004.0,266254.0570865737,35059.253043701356,301313.31013027503,0.9711356850648826,0.46889042184334717,0.967334949285242,0.4679139921761044,copertura_del_fabbisogno_lordo_sociale_e_di_investimento
historical,2020,1,3,212,"Mining, except oil and gas",90272.75060315673,106096.0,66539.85474917074,25906.423583920277,92446.27833309102,0.9764887481775859,0.4702595903948883,0.967334949285242,0.4679139921761044,copertura_del_fabbisogno_lordo_sociale_e_di_investimento
historical,2020,1,4,213,Support activities for mining,72993.7885228441,135631.0,16185.429176632835,57337.0572111061,73522.48638773893,0.9928090317551748,0.4743906475415658,0.967334949285242,0.4679139921761044,copertura_del_fabbisogno_lordo_sociale_e_di_investimento
historical,2020,1,5,22,Utilities,463954.03684814554,517969.0,444337.8497594868,34130.50548553894,478468.3552450257,0.9696650400433539,0.4685130305061547,0.967334949285242,0.4679139921761044,copertura_del_fabbisogno_lordo_sociale_e_di_investimento
historical,2020,1,6,23,Construction,1829941.8336155287,1732164.0,266570.3963434731,1572078.9727876682,1838649.3691311413,0.9952641674580252,0.4750065327874526,0.967334949285242,0.4679139921761044,copertura_del_fabbisogno_lordo_sociale_e_di_investimento
historical,2020,1,7,321,Wood products,121363.99958544459,112381.0,60397.49861179797,62939.388328845525,123336.8869406435,0.9840040769299749,0.47216993854424144,0.967334949285242,0.4679139921761044,copertura_del_fabbisogno_lordo_sociale_e_di_investimento
historical,2020,1,8,327,Nonmetallic mineral products,130380.51762668777,135072.0,53608.83215337227,78522.82069436435,132131.6528477366,0.9867470421862747,0.472863755039741,0.967334949285242,0.4679139921761044,copertura_del_fabbisogno_lordo_sociale_e_di_investimento
historical,2020,1,9,331,Primary metals,252344.12790234433,235954.0,181053.69962503455,77204.5565576561,258258.25618269067,0.9770999449629881,0.4704154690930864,0.967334949285242,0.4679139921761044,copertura_del_fabbisogno_lordo_sociale_e_di_investimento
historical,2020,1,10,332,Fabricated metal products,344234.3205833372,377502.0,217286.3749852606,134045.6160565961,351331.9910418567,0.9797978247370195,0.47110243749817854,0.967334949285242,0.4679139921761044,copertura_del_fabbisogno_lordo_sociale_e_di_investimento
historical,2020,1,11,333,Machinery,249943.1589234749,391132.0,168740.84201623502,86714.24506935116,255455.0870855862,0.9784231027653616,0.47075261118083245,0.967334949285242,0.4679139921761044,copertura_del_fabbisogno_lordo_sociale_e_di_investimento
historical,2020,1,12,334,Computer and electronic products,294686.3600465945,367248.0,235562.1982870634,66818.81291305793,302381.0112001213,0.9745531271193668,0.4697653265079735,0.967334949285242,0.4679139921761044,copertura_del_fabbisogno_lordo_sociale_e_di_investimento
historical,2020,1,13,335,"Electrical equipment, appliances, and components",118594.58237969718,131501.0,68457.00188544313,52373.73193262233,120830.73381806546,0.9814935209966096,0.4715333058191193,0.967334949285242,0.4679139921761044,copertura_del_fabbisogno_lordo_sociale_e_di_investimento
historical,2020,1,14,3361MV,"Motor vehicles, bodies and trailers, and parts",402131.12975685165,650219.0,392393.5565902036,22555.12859281131,414948.6851830149,0.969110504783236,0.46837058849341734,0.967334949285242,0.4679139921761044,copertura_del_fabbisogno_lordo_sociale_e_di_investimento
historical,2020,1,15,3364OT,Other transportation equipment,243196.70434494957,328510.0,174323.10791616896,74567.86958961653,248890.97750578547,0.9771214158990414,0.47042094334004714,0.967334949285242,0.4679139921761044,copertura_del_fabbisogno_lordo_sociale_e_di_investimento
historical,2020,1,16,337,Furniture and related products,58075.82623350059,74187.0,43391.44958997714,16101.760544966923,59493.21013494406,0.9761757031058078,0.4701797163147223,0.967334949285242,0.4679139921761044,copertura_del_fabbisogno_lordo_sociale_e_di_investimento
historical,2020,1,17,339,Miscellaneous manufacturing,130668.06046778307,166814.0,129398.2228052322,5496.637172883336,134894.85997811554,0.9686659705861425,0.4682563470175311,0.967334949285242,0.4679139921761044,copertura_del_fabbisogno_lordo_sociale_e_di_investimento
historical,2020,1,18,311FT,Food and beverage and tobacco products,951726.0595705264,977827.0,976423.9679612895,7197.030041797641,983620.9980030871,0.9675739553168214,0.4679754998986514,0.967334949285242,0.4679139921761044,copertura_del_fabbisogno_lordo_sociale_e_di_investimento
historical,2020,1,19,313TT,Textile mills and textile product mills,41112.20007121196,49895.0,36070.15930552587,6220.274348690491,42290.433654216366,0.9721394773901324,0.46914770361623803,0.967334949285242,0.4679139921761044,copertura_del_fabbisogno_lordo_sociale_e_di_investimento
historical,2020,1,20,315AL,Apparel and leather and allied products,15992.659721708611,17331.0,16222.420836925803,300.1450841371367,16522.56592106294,0.9679283349882839,0.4680666726266255,0.967334949285242,0.4679139921761044,copertura_del_fabbisogno_lordo_sociale_e_di_investimento
historical,2020,1,21,322,Paper products,173995.42178967874,190943.0,158622.6377224435,20554.200572947564,179176.83829539106,0.9710821077377745,0.46887668244040753,0.967334949285242,0.4679139921761044,copertura_del_fabbisogno_lordo_sociale_e_di_investimento
historical,2020,1,22,323,Printing and related support activities,69231.51774423421,81156.0,62097.72123362424,9162.221723977222,71259.94295760145,0.9715348465185536,0.46899276068241225,0.967334949285242,0.4679139921761044,copertura_del_fabbisogno_lordo_sociale_e_di_investimento
historical,2020,1,23,324,Petroleum and coal products,447942.13147275243,597698.0,407097.3539610436,54142.63322469007,461239.9871857336,0.9711693346578245,0.4688990506023837,0.967334949285242,0.4679139921761044,copertura_del_fabbisogno_lordo_sociale_e_di_investimento
historical,2020,1,24,325,Chemical products,734317.9441843234,805728.0,673658.2273184686,82664.79702562655,756323.0243440951,0.9709051827704768,0.46883130664224354,0.967334949285242,0.4679139921761044,copertura_del_fabbisogno_lordo_sociale_e_di_investimento
historical,2020,1,25,326,Plastics and rubber products,219029.69057386063,250297.0,173904.1133407745,50806.16391486755,224710.27725564205,0.9747203966317975,0.4698080754467957,0.967334949285242,0.4679139921761044,copertura_del_fabbisogno_lordo_sociale_e_di_investimento
historical,2020,1,26,42,Wholesale trade,2010499.7622535978,2232753.0,1882461.1043297513,189529.3453653372,2071990.4496950884,0.970322890508236,0.46868191186836317,0.967334949285242,0.4679139921761044,copertura_del_fabbisogno_lordo_sociale_e_di_investimento
historical,2020,1,27,441,Motor vehicle and parts dealers,71418.09142724532,371276.0,69373.1457448277,4311.023006414717,73684.16875124243,0.9692460760241813,0.4684054193721011,0.967334949285242,0.4679139921761044,copertura_del_fabbisogno_lordo_sociale_e_di_investimento
historical,2020,1,28,445,Food and beverage stores,24027.21764799995,263473.0,24501.396057202724,326.16093558812787,24827.55699279085,0.9677640717923518,0.4680244158384507,0.967334949285242,0.4679139921761044,copertura_del_fabbisogno_lordo_sociale_e_di_investimento
historical,2020,1,29,452,General merchandise stores,19594.258938740088,244474.0,18169.018717431973,2018.7321391504183,20187.750856582392,0.9706013848665667,0.46875337375914766,0.967334949285242,0.4679139921761044,copertura_del_fabbisogno_lordo_sociale_e_di_investimento
historical,2020,1,30,4A0,Other retail,1075777.3343283278,1108702.0,1031187.2249847264,78273.89234413797,1109461.1173288643,0.9696395101419746,0.4685064743837726,0.967334949285242,0.4679139921761044,copertura_del_fabbisogno_lordo_sociale_e_di_investimento
historical,2020,1,31,481,Air transportation,138054.5906111157,272267.0,131743.26206999784,10614.728877962005,142357.99094795986,0.9697705741125745,0.4685401301196723,0.967334949285242,0.4679139921761044,copertura_del_fabbisogno_lordo_sociale_e_di_investimento
historical,2020,1,32,482,Rail transportation,70657.86796462176,84848.0,63939.35908159517,8807.09129009602,72746.45037169119,0.9712895626329806,0.4689298783499383,0.967334949285242,0.4679139921761044,copertura_del_fabbisogno_lordo_sociale_e_di_investimento
historical,2020,1,33,483,Water transportation,40712.84494910967,60883.0,39663.26822620199,2345.1793910296155,42008.447617231606,0.9691585206878607,0.468382925231692,0.967334949285242,0.4679139921761044,copertura_del_fabbisogno_lordo_sociale_e_di_investimento
historical,2020,1,34,484,Truck transportation,394420.8740016282,409425.0,356882.6854142525,49195.77960565126,406078.4650199038,0.9712922697890315,0.46893057245270414,0.967334949285242,0.4679139921761044,copertura_del_fabbisogno_lordo_sociale_e_di_investimento
historical,2020,1,35,485,Transit and ground passenger transportation,72577.3370930563,109551.0,68281.6100870547,6526.149262380573,74807.75934943526,0.9701846135243749,0.46864642273265145,0.967334949285242,0.4679139921761044,copertura_del_fabbisogno_lordo_sociale_e_di_investimento
historical,2020,1,36,486,Pipeline transportation,54067.00812343383,61593.0,51228.06324323185,4512.312164060975,55740.37540729283,0.9699792606054092,0.46859370964022035,0.967334949285242,0.4679139921761044,copertura_del_fabbisogno_lordo_sociale_e_di_investimento
historical,2020,1,37,487OS,Other transportation and support activities,271224.08780625416,264513.0,248644.99161599396,30701.09745136721,279346.0890673612,0.9709249508800228,0.468836376937482,0.967334949285242,0.4679139921761044,copertura_del_fabbisogno_lordo_sociale_e_di_investimento
historical,2020,1,38,493,Warehousing and storage,122233.84102302796,134932.0,111622.13995808807,14257.843927560658,125879.98388564872,0.9710347685940842,0.4688645421695495,0.967334949285242,0.4679139921761044,copertura_del_fabbisogno_lordo_sociale_e_di_investimento
historical,2020,1,39,511,"Publishing industries, except internet (includes software)",354545.36738985544,418461.0,255294.05057100512,107590.5099279282,362884.5604989333,0.9770197081473727,0.47039501084890495,0.967334949285242,0.4679139921761044,copertura_del_fabbisogno_lordo_sociale_e_di_investimento
historical,2020,1,40,512,Motion picture and sound recording industries,97622.67640572281,166843.0,94990.48789374366,5735.057616447903,100725.54551019156,0.9691948145949253,0.46839224985427924,0.967334949285242,0.4679139921761044,copertura_del_fabbisogno_lordo_sociale_e_di_investimento
historical,2020,1,41,513,Broadcasting and telecommunications,761167.3270290578,893988.0,737859.0028384883,47410.52593862945,785269.5287771177,0.9693070966530514,0.4684210952646094,0.967334949285242,0.4679139921761044,copertura_del_fabbisogno_lordo_sociale_e_di_investimento
historical,2020,1,42,514,"Data processing, internet publishing, and other information services",404857.8281612919,481772.0,361423.4910500045,55240.2537759407,416663.7448259452,0.9716656013121924,0.46902627561935656,0.967334949285242,0.4679139921761044,copertura_del_fabbisogno_lordo_sociale_e_di_investimento
historical,2020,1,43,521CI,"Federal Reserve banks, credit intermediation, and related activities",1095409.2713561128,1119901.0,1051083.5402361453,78659.42826722871,1129742.968503374,0.9696092844970351,0.4684987121772956,0.967334949285242,0.4679139921761044,copertura_del_fabbisogno_lordo_sociale_e_di_investimento
historical,2020,1,44,523,"Securities, commodity contracts, and investments",597357.7886468552,607994.0,595825.0240693446,20995.41920585753,616820.4432752022,0.968446806780586,0.4682000057269617,0.967334949285242,0.4679139921761044,copertura_del_fabbisogno_lordo_sociale_e_di_investimento
historical,2020,1,45,524,Insurance carriers and related activities,1078972.6717476954,1132639.0,1047574.1157954006,65617.61757221943,1113191.73336762,0.969260406276639,0.46840910082491516,0.967334949285242,0.4679139921761044,copertura_del_fabbisogno_lordo_sociale_e_di_investimento
historical,2020,1,46,525,"Funds, trusts, and other financial vehicles",146132.1987329382,147388.0,150794.3124434609,263.5901529400316,151057.90259640093,0.9673919485257034,0.46792866210762263,0.967334949285242,0.4679139921761044,copertura_del_fabbisogno_lordo_sociale_e_di_investimento
historical,2020,1,47,HS,Housing,2185062.8970860373,2218948.0,2258848.2910708096,0.0,2258848.2910708096,0.9673349492852421,0.46791399217610447,0.967334949285242,0.4679139921761044,copertura_del_fabbisogno_lordo_sociale_e_di_investimento
historical,2020,1,48,ORE,Other real estate,1065188.8895535462,1435813.0,935211.0910720817,160526.5162003382,1095737.6072724198,0.9721204077361938,0.4691428182005321,0.967334949285242,0.4679139921761044,copertura_del_fabbisogno_lordo_sociale_e_di_investimento
historical,2020,1,49,532RL,Rental and leasing services and lessors of intangible assets,381789.7492910216,403077.0,337498.1497558368,55315.99371309616,392814.14346893295,0.9719348339126612,0.4690952717259212,0.967334949285242,0.4679139921761044,copertura_del_fabbisogno_lordo_sociale_e_di_investimento
historical,2020,1,50,5411,Legal services,322688.55100842565,370979.0,289798.3501446751,42356.47866827955,332154.82881295466,0.9715004058849322,0.4689839321899207,0.967334949285242,0.4679139921761044,copertura_del_fabbisogno_lordo_sociale_e_di_investimento
historical,2020,1,51,5415,Computer systems design and related services,1221330.4571498726,531833.0,259055.36875726748,970737.1451509916,1229792.513908259,0.9931191183368857,0.4744685143031807,0.967334949285242,0.4679139921761044,copertura_del_fabbisogno_lordo_sociale_e_di_investimento
historical,2020,1,52,5412OP,"Miscellaneous professional, scientific, and technical services",2096745.977516745,1573028.0,1019978.9881717383,1110084.654721624,2130063.6428933623,0.9843583709398652,0.47225965777468715,0.967334949285242,0.4679139921761044,copertura_del_fabbisogno_lordo_sociale_e_di_investimento
historical,2020,1,53,55,Management of companies and enterprises,592469.4482526261,631717.0,522872.74515100854,86676.36783934,609549.1129903486,0.9719798382546528,0.4691068032174517,0.967334949285242,0.4679139921761044,copertura_del_fabbisogno_lordo_sociale_e_di_investimento
historical,2020,1,54,561,Administrative and support services,955813.0075836773,1085165.0,812666.3671207668,169692.4285590885,982358.7956798553,0.9729775025042591,0.4693623067924539,0.967334949285242,0.4679139921761044,copertura_del_fabbisogno_lordo_sociale_e_di_investimento
historical,2020,1,55,562,Waste management and remediation services,111392.48522151507,128247.0,103433.15283956945,11337.98156503748,114771.13440460693,0.9705618559874039,0.46874323178554106,0.967334949285242,0.4679139921761044,copertura_del_fabbisogno_lordo_sociale_e_di_investimento
historical,2020,1,56,61,Educational services,307949.82872567873,383160.0,317656.1469603002,669.9359156913227,318326.08287599153,0.9674036948007335,0.4679316851535262,0.967334949285242,0.4679139921761044,copertura_del_fabbisogno_lordo_sociale_e_di_investimento
historical,2020,1,57,621,Ambulatory health care services,1054648.3756371413,1162296.0,1090094.9860769983,161.3975642516769,1090256.38364125,0.9673397848997823,0.4679152367527603,0.967334949285242,0.4679139921761044,copertura_del_fabbisogno_lordo_sociale_e_di_investimento
historical,2020,1,58,622,Hospitals,864226.4007480004,931191.0,893409.1974035279,0.46008668990369944,893409.6574902178,0.9673349661070381,0.46791399650566035,0.967334949285242,0.4679139921761044,copertura_del_fabbisogno_lordo_sociale_e_di_investimento
historical,2020,1,59,623,Nursing and residential care facilities,240476.96202607555,261253.0,248512.3829075161,82.24870947881632,248594.6316169949,0.9673457566717446,0.4679167737423328,0.967334949285242,0.4679139921761044,copertura_del_fabbisogno_lordo_sociale_e_di_investimento
historical,2020,1,60,624,Social assistance,236662.96536566655,247852.0,244653.8790720624,0.7176610553430135,244654.59673311774,0.967335045103735,0.467914016837651,0.967334949285242,0.4679139921761044,copertura_del_fabbisogno_lordo_sociale_e_di_investimento
historical,2020,1,61,711AS,"Performing arts, spectator sports, museums, and related activities",141532.17692661783,224384.0,135991.71334845247,9982.639791479398,145974.35313993186,0.9695687898746451,0.46848831245342293,0.967334949285242,0.4679139921761044,copertura_del_fabbisogno_lordo_sociale_e_di_investimento
historical,2020,1,62,713,"Amusements, gambling, and recreation industries",129289.48293398693,172324.0,129587.05523254555,3935.395432588629,133522.45066513418,0.9682977079130816,0.46816166947750315,0.967334949285242,0.4679139921761044,copertura_del_fabbisogno_lordo_sociale_e_di_investimento
historical,2020,1,63,721,Accommodation,189424.7777427947,306476.0,183057.7920640724,12346.577740226832,195404.36980429923,0.9693988825966727,0.4684446728705465,0.967334949285242,0.4679139921761044,copertura_del_fabbisogno_lordo_sociale_e_di_investimento
historical,2020,1,64,722,Food services and drinking places,719286.8612482604,909020.0,719371.3524805716,23413.810479210653,742785.1629597823,0.968364605429263,0.46817887082741444,0.967334949285242,0.4679139921761044,copertura_del_fabbisogno_lordo_sociale_e_di_investimento
historical,2020,1,65,81,"Other services, except government",676430.3806929935,776759.0,669257.1017817749,29034.596082132273,698291.6978639072,0.968693144658904,0.4682633319300851,0.967334949285242,0.4679139921761044,copertura_del_fabbisogno_lordo_sociale_e_di_investimento
historical,2020,1,66,GFGD,Federal general government (defense),674096.6722696299,702344.0,696859.6273376826,0.0,696859.6273376826,0.967334949285242,0.4679139921761044,0.967334949285242,0.4679139921761044,copertura_del_fabbisogno_lordo_sociale_e_di_investimento
historical,2020,1,67,GFGN,Federal general government (nondefense),460487.03724176163,440949.0,461404.0674358893,14154.757068661333,475558.8245045506,0.9683072072556089,0.4681641121100353,0.967334949285242,0.4679139921761044,copertura_del_fabbisogno_lordo_sociale_e_di_investimento
historical,2020,1,68,GFE,Federal government enterprises,93747.29517003498,98900.0,88179.49093792646,8448.191775597434,96627.68271352389,0.9701908659858013,0.468648027544942,0.967334949285242,0.4679139921761044,copertura_del_fabbisogno_lordo_sociale_e_di_investimento
historical,2020,1,69,GSLG,State and local general government,2366734.4278328824,2503853.0,2438230.3799080057,8148.966938835709,2446379.3468468413,0.9674437576017743,0.467941995541395,0.967334949285242,0.4679139921761044,copertura_del_fabbisogno_lordo_sociale_e_di_investimento
historical,2020,1,70,GSLE,State and local government enterprises,308789.32436127163,382401.0,300443.1822073132,18160.13393766363,318603.3161449768,0.9691968310234428,0.46839276790505696,0.967334949285242,0.4679139921761044,copertura_del_fabbisogno_lordo_sociale_e_di_investimento
historical,2021,1,0,111CA,Farms,383133.82047195034,388056.0,388053.08994630753,7756.5043887574975,395809.59433506505,0.9679750717402159,0.46807869445237454,0.967334949285242,0.4679139921761044,copertura_del_fabbisogno_lordo_sociale_e_di_investimento
historical,2021,1,1,113FF,"Forestry, fishing, and related activities",64173.91515578702,50994.0,56950.31747550823,9083.882688837837,66034.20016434607,0.9718284615558428,0.46906801387700153,0.967334949285242,0.4679139921761044,copertura_del_fabbisogno_lordo_sociale_e_di_investimento
historical,2021,1,2,211,Oil and gas extraction,328760.94109522155,316004.0,306734.96813729114,32045.486248124696,338780.4543854158,0.9704247598688338,0.46870805386345576,0.967334949285242,0.4679139921761044,copertura_del_fabbisogno_lordo_sociale_e_di_investimento
historical,2021,1,3,212,"Mining, except oil and gas",96766.73005241486,106096.0,71504.6190476111,27597.813012333427,99102.43205994452,0.9764314360507635,0.4702449688913745,0.967334949285242,0.4679139921761044,copertura_del_fabbisogno_lordo_sociale_e_di_investimento
historical,2021,1,4,213,Support activities for mining,72062.93534727315,135631.0,22879.735744070647,49930.56733162283,72810.30307569347,0.9897354124780476,0.47361757214249467,0.967334949285242,0.4679139921761044,copertura_del_fabbisogno_lordo_sociale_e_di_investimento
historical,2021,1,5,22,Utilities,467935.51600534644,517969.0,449798.588341625,32829.62136332719,482628.2097049522,0.9695569106733568,0.4684852615905591,0.967334949285242,0.4679139921761044,copertura_del_fabbisogno_lordo_sociale_e_di_investimento
historical,2021,1,6,23,Construction,1591407.243218739,1732164.0,272010.6688872413,1328281.8166256547,1600292.485512896,0.9944477385386777,0.474801887027516,0.967334949285242,0.4679139921761044,copertura_del_fabbisogno_lordo_sociale_e_di_investimento
historical,2021,1,7,321,Wood products,125163.58595692721,112381.0,64878.44281494751,62404.40076682449,127282.843581772,0.9833500135194317,0.4720042273925181,0.967334949285242,0.4679139921761044,copertura_del_fabbisogno_lordo_sociale_e_di_investimento
historical,2021,1,8,327,Nonmetallic mineral products,122858.21809633115,135072.0,55960.74987129436,68725.42895761851,124686.17882891287,0.9853395079570932,0.472507955753633,0.967334949285242,0.4679139921761044,copertura_del_fabbisogno_lordo_sociale_e_di_investimento
historical,2021,1,9,331,Primary metals,267169.0594042638,235954.0,207191.506300539,66745.47416469899,273936.980465238,0.9752938758050119,0.46995458675783586,0.967334949285242,0.4679139921761044,copertura_del_fabbisogno_lordo_sociale_e_di_investimento
historical,2021,1,10,332,Fabricated metal products,336204.0683387865,377502.0,228951.8557687814,114730.93654993034,343682.79231871176,0.9782394575839284,0.470705843840145,0.967334949285242,0.4679139921761044,copertura_del_fabbisogno_lordo_sociale_e_di_investimento
historical,2021,1,11,333,Machinery,227921.77828163572,391132.0,187769.57595471552,46285.705048169606,234055.28100288514,0.9737946407576515,0.46957139420607236,0.967334949285242,0.4679139921761044,copertura_del_fabbisogno_lordo_sociale_e_di_investimento
historical,2021,1,12,334,Computer and electronic products,290749.33702779835,367248.0,256464.48590782587,42662.276558685946,299126.7624665118,0.9719937281116686,0.4691103621232987,0.967334949285242,0.4679139921761044,copertura_del_fabbisogno_lordo_sociale_e_di_investimento
historical,2021,1,13,335,"Electrical equipment, appliances, and components",116262.45200051476,131501.0,70360.15880408972,48200.61135205906,118560.77015614878,0.9806148513322995,0.4713101277270867,0.967334949285242,0.4679139921761044,copertura_del_fabbisogno_lordo_sociale_e_di_investimento
historical,2021,1,14,3361MV,"Motor vehicles, bodies and trailers, and parts",452653.49082183436,650219.0,447001.95401847933,20252.87830096462,467254.8323194439,0.9687507961659192,0.46827815025441216,0.967334949285242,0.4679139921761044,copertura_del_fabbisogno_lordo_sociale_e_di_investimento
historical,2021,1,15,3364OT,Other transportation equipment,171418.89891067252,328510.0,174371.26555845788,2743.4795848781955,177114.74514333607,0.9678409257904869,0.46804418740310216,0.967334949285242,0.4679139921761044,copertura_del_fabbisogno_lordo_sociale_e_di_investimento
historical,2021,1,16,337,Furniture and related products,56800.89391460837,74187.0,44222.038816492306,14023.370238766789,58245.40905525909,0.9751995021739779,0.46993048193793385,0.967334949285242,0.4679139921761044,copertura_del_fabbisogno_lordo_sociale_e_di_investimento
historical,2021,1,17,339,Miscellaneous manufacturing,143191.81728710321,166814.0,142997.1340943615,4865.691829999066,147862.82592436057,0.9684098514413162,0.46819050429802656,0.967334949285242,0.4679139921761044,copertura_del_fabbisogno_lordo_sociale_e_di_investimento
historical,2021,1,18,311FT,Food and beverage and tobacco products,943029.3392250444,977827.0,965856.2267426798,8722.855112078898,974579.0818547588,0.9676273139685382,0.4679892296988982,0.967334949285242,0.4679139921761044,copertura_del_fabbisogno_lordo_sociale_e_di_investimento
historical,2021,1,19,313TT,Textile mills and textile product mills,39915.53329470023,49895.0,35731.78149300153,5350.932256296249,41082.71374929778,0.9715894996197154,0.4690067698248477,0.967334949285242,0.4679139921761044,copertura_del_fabbisogno_lordo_sociale_e_di_investimento
historical,2021,1,20,315AL,Apparel and leather and allied products,17249.97426313958,17331.0,17542.47281466236,280.5272126304247,17823.000027292786,0.9678490847065185,0.46804628629070455,0.967334949285242,0.4679139921761044,copertura_del_fabbisogno_lordo_sociale_e_di_investimento
historical,2021,1,21,322,Paper products,172813.40198188525,190943.0,157715.51897257924,20249.668435049683,177965.18740762892,0.971051723650067,0.4688688904102617,0.967334949285242,0.4679139921761044,copertura_del_fabbisogno_lordo_sociale_e_di_investimento
historical,2021,1,22,323,Printing and related support activities,71300.6812602034,81156.0,63350.1387621986,10019.877993458977,73370.01675565758,0.9717958971940046,0.46905966872035215,0.967334949285242,0.4679139921761044,copertura_del_fabbisogno_lordo_sociale_e_di_investimento
historical,2021,1,23,324,Petroleum and coal products,476198.4200235993,597698.0,444922.6598483079,45809.18142338139,490731.8412716893,0.9703841894374984,0.46869764287619564,0.967334949285242,0.4679139921761044,copertura_del_fabbisogno_lordo_sociale_e_di_investimento
historical,2021,1,24,325,Chemical products,744565.8301219229,805728.0,675516.820653144,91114.80067408588,766631.6213272299,0.9712172175117096,0.4689113287106106,0.967334949285242,0.4679139921761044,copertura_del_fabbisogno_lordo_sociale_e_di_investimento
historical,2021,1,25,326,Plastics and rubber products,223156.67882901014,250297.0,183835.89270836077,45325.79487916079,229161.68758752156,0.9737957560806582,0.4695716794796948,0.967334949285242,0.4679139921761044,copertura_del_fabbisogno_lordo_sociale_e_di_investimento
historical,2021,1,26,42,Wholesale trade,2212669.129468927,2232753.0,2089843.0261557307,191090.9317484566,2280933.9579041875,0.9700715453866167,0.4686173999872267,0.967334949285242,0.4679139921761044,copertura_del_fabbisogno_lordo_sociale_e_di_investimento
historical,2021,1,27,441,Motor vehicle and parts dealers,64620.09992995378,371276.0,63577.00289850917,3119.8430554167244,66696.84595392589,0.9688629050704028,0.4683069635478977,0.967334949285242,0.4679139921761044,copertura_del_fabbisogno_lordo_sociale_e_di_investimento
historical,2021,1,28,445,Food and beverage stores,25152.428922615694,263473.0,25694.844229309398,296.9080831644959,25991.752312473895,0.9677080875591679,0.46801001233278616,0.967334949285242,0.4679139921761044,copertura_del_fabbisogno_lordo_sociale_e_di_investimento
historical,2021,1,29,452,General merchandise stores,20289.15218625762,244474.0,19217.3558526893,1699.532237099969,20916.888089789267,0.9699890394385157,0.46859622005613377,0.967334949285242,0.4679139921761044,copertura_del_fabbisogno_lordo_sociale_e_di_investimento
historical,2021,1,30,4A0,Other retail,1223494.816097233,1108702.0,1192788.3546623832,69668.95353186932,1262457.3081942524,0.9691375764993201,0.46837754410654503,0.967334949285242,0.4679139921761044,copertura_del_fabbisogno_lordo_sociale_e_di_investimento
historical,2021,1,31,481,Air transportation,207160.05037662917,272267.0,202182.60968721448,11581.745888489673,213764.35557570416,0.9691047406791068,0.4683691074822216,0.967334949285242,0.4679139921761044,copertura_del_fabbisogno_lordo_sociale_e_di_investimento
historical,2021,1,32,482,Rail transportation,75443.09027315349,84848.0,69373.86013173278,8335.330800902293,77709.19093263507,0.9708387047621428,0.46881425507915336,0.967334949285242,0.4679139921761044,copertura_del_fabbisogno_lordo_sociale_e_di_investimento
historical,2021,1,33,483,Water transportation,37324.58649937339,60883.0,36769.85826634956,1755.817518068603,38525.67578441816,0.9688236673182368,0.46829687934404685,0.967334949285242,0.4679139921761044,copertura_del_fabbisogno_lordo_sociale_e_di_investimento
historical,2021,1,34,484,Truck transportation,412196.65395211056,409425.0,380043.07425008575,44567.705996196426,424610.7802462822,0.9707635159734495,0.46879496788753355,0.967334949285242,0.4679139921761044,copertura_del_fabbisogno_lordo_sociale_e_di_investimento
historical,2021,1,35,485,Transit and ground passenger transportation,84517.44519528517,109551.0,79565.3878243797,7551.0647993282255,87116.45262370791,0.9701662848962763,0.4686417182882899,0.967334949285242,0.4679139921761044,copertura_del_fabbisogno_lordo_sociale_e_di_investimento
historical,2021,1,36,486,Pipeline transportation,55239.36174676875,61593.0,52891.8055258967,4075.269730770581,56967.07525666728,0.9696717182317285,0.4685147454496743,0.967334949285242,0.4679139921761044,copertura_del_fabbisogno_lordo_sociale_e_di_investimento
historical,2021,1,37,487OS,Other transportation and support activities,288073.21270836605,264513.0,268527.5626127279,28317.116546693247,296844.6791594212,0.9704509898041851,0.4687147846450431,0.967334949285242,0.4679139921761044,copertura_del_fabbisogno_lordo_sociale_e_di_investimento
historical,2021,1,38,493,Warehousing and storage,131657.71338716752,134932.0,122246.78199622824,13404.128724562046,135650.91072079027,0.9705626942539152,0.4687434468646396,0.967334949285242,0.4679139921761044,copertura_del_fabbisogno_lordo_sociale_e_di_investimento
historical,2021,1,39,511,"Publishing industries, except internet (includes software)",609218.4560154058,418461.0,290018.35183744144,328673.56834894494,618691.9201863864,0.9846879135448761,0.4723430817375817,0.967334949285242,0.4679139921761044,copertura_del_fabbisogno_lordo_sociale_e_di_investimento
historical,2021,1,40,512,Motion picture and sound recording industries,116010.36174260493,166843.0,112686.86047425981,7004.423280623682,119691.2837548835,0.9692465324390976,0.46840553662622825,0.967334949285242,0.4679139921761044,copertura_del_fabbisogno_lordo_sociale_e_di_investimento
historical,2021,1,41,513,Broadcasting and telecommunications,797637.4281701713,893988.0,771434.7403437565,51401.64274286975,822836.3830866263,0.9693754974446699,0.4684386659848275,0.967334949285242,0.4679139921761044,copertura_del_fabbisogno_lordo_sociale_e_di_investimento
historical,2021,1,42,514,"Data processing, internet publishing, and other information services",506040.1801782306,481772.0,450399.69879202516,70352.81038915874,520752.5091811839,0.9717479440932767,0.4690473794670871,0.967334949285242,0.4679139921761044,copertura_del_fabbisogno_lordo_sociale_e_di_investimento
historical,2021,1,43,521CI,"Federal Reserve banks, credit intermediation, and related activities",1104256.6016288386,1119901.0,1063592.318149961,75406.5804910729,1138998.898641034,0.9694975148319745,0.4684700067932623,0.967334949285242,0.4679139921761044,copertura_del_fabbisogno_lordo_sociale_e_di_investimento
historical,2021,1,44,523,"Securities, commodity contracts, and investments",616176.7446557945,607994.0,617243.2200888534,19095.805654483964,636339.0257433373,0.9683151900608479,0.4681661647673539,0.967334949285242,0.4679139921761044,copertura_del_fabbisogno_lordo_sociale_e_di_investimento
historical,2021,1,45,524,Insurance carriers and related activities,1123263.5430519695,1132639.0,1101894.2712277533,57362.70407617204,1159256.9753039253,0.9689512911988135,0.46832967761042527,0.967334949285242,0.4679139921761044,copertura_del_fabbisogno_lordo_sociale_e_di_investimento
historical,2021,1,46,525,"Funds, trusts, and other financial vehicles",151435.98784058742,147388.0,156291.62745804555,249.63431975099942,156541.26177779655,0.9673870398179373,0.4679273987821503,0.967334949285242,0.4679139921761044,copertura_del_fabbisogno_lordo_sociale_e_di_investimento
historical,2021,1,47,HS,Housing,2249891.32002957,2218948.0,2325865.8458396452,0.0,2325865.8458396452,0.967334949285242,0.4679139921761044,0.967334949285242,0.4679139921761044,copertura_del_fabbisogno_lordo_sociale_e_di_investimento
historical,2021,1,48,ORE,Other real estate,1254369.1512682617,1435813.0,1107779.8474148633,182774.98874999187,1290554.8361648552,0.9719611411444348,0.4691020125056873,0.967334949285242,0.4679139921761044,copertura_del_fabbisogno_lordo_sociale_e_di_investimento
historical,2021,1,49,532RL,Rental and leasing services and lessors of intangible assets,466508.3890912372,403077.0,420122.87454929674,60108.849545523204,480231.72409482,0.9714235142847973,0.46896422078137984,0.967334949285242,0.4679139921761044,copertura_del_fabbisogno_lordo_sociale_e_di_investimento
historical,2021,1,50,5411,Legal services,333920.4330519233,370979.0,298170.17408976436,45490.00282042927,343660.17691019364,0.9716587940277539,0.46902453088746265,0.967334949285242,0.4679139921761044,copertura_del_fabbisogno_lordo_sociale_e_di_investimento
historical,2021,1,51,5415,Computer systems design and related services,1345446.7767701012,531833.0,296482.3936069476,1058648.9955863573,1355131.3891933048,0.9928533775393036,0.4744017847569725,0.967334949285242,0.4679139921761044,copertura_del_fabbisogno_lordo_sociale_e_di_investimento
historical,2021,1,52,5412OP,"Miscellaneous professional, scientific, and technical services",2517396.07792462,1573028.0,1140432.7827760319,1414215.5898347397,2554648.3726107716,0.985417838679661,0.47252776896909915,0.967334949285242,0.4679139921761044,copertura_del_fabbisogno_lordo_sociale_e_di_investimento
historical,2021,1,53,55,Management of companies and enterprises,644422.9558655656,631717.0,581615.5036803749,81805.95210939957,663421.4557897745,0.9713628497263598,0.4689486681943161,0.967334949285242,0.4679139921761044,copertura_del_fabbisogno_lordo_sociale_e_di_investimento
historical,2021,1,54,561,Administrative and support services,1047552.7475278788,1085165.0,891975.3795206945,184713.7890155434,1076689.168536238,0.9729388742268392,0.46935241859928173,0.967334949285242,0.4679139921761044,copertura_del_fabbisogno_lordo_sociale_e_di_investimento
historical,2021,1,55,562,Waste management and remediation services,117859.13305493326,128247.0,109895.18312053711,11553.681664336105,121448.86478487322,0.9704424431113574,0.46871259152368666,0.967334949285242,0.4679139921761044,copertura_del_fabbisogno_lordo_sociale_e_di_investimento
historical,2021,1,56,61,Educational services,315944.46261490684,383160.0,325963.2751366073,628.794391785436,326592.06952839275,0.9673978399755349,0.46793017834776435,0.967334949285242,0.4679139921761044,copertura_del_fabbisogno_lordo_sociale_e_di_investimento
historical,2021,1,57,621,Ambulatory health care services,1150495.882450404,1162296.0,1189186.9305470297,153.8032990204278,1189340.7338460502,0.9673391734679506,0.4679150793845038,0.967334949285242,0.4679139921761044,copertura_del_fabbisogno_lordo_sociale_e_di_investimento
historical,2021,1,58,622,Hospitals,916214.4406681823,931191.0,947152.7930061797,0.44168017404930665,947153.2346863538,0.9673349645177354,0.46791399609660916,0.967334949285242,0.4679139921761044,copertura_del_fabbisogno_lordo_sociale_e_di_investimento
historical,2021,1,59,623,Nursing and residential care facilities,239508.61813759647,261253.0,247497.250211129,95.87815637715008,247593.12836750614,0.9673475985249893,0.46791724778898924,0.967334949285242,0.4679139921761044,copertura_del_fabbisogno_lordo_sociale_e_di_investimento
historical,2021,1,60,624,Social assistance,248728.82013757175,247852.0,257127.04016990575,0.8477749515845459,257127.88794485733,0.9673350569850019,0.4679140198956243,0.967334949285242,0.4679139921761044,copertura_del_fabbisogno_lordo_sociale_e_di_investimento
historical,2021,1,61,711AS,"Performing arts, spectator sports, museums, and related activities",176725.54098142855,224384.0,170410.44418509334,11881.562597965736,182292.00678305907,0.9694640160045249,0.46846140281107707,0.967334949285242,0.4679139921761044,copertura_del_fabbisogno_lordo_sociale_e_di_investimento
historical,2021,1,62,713,"Amusements, gambling, and recreation industries",164835.4480795799,172324.0,165932.08746625474,4323.540665616014,170255.62813187076,0.9681644588683277,0.4681274038516717,0.967334949285242,0.4679139921761044,copertura_del_fabbisogno_lordo_sociale_e_di_investimento
historical,2021,1,63,721,Accommodation,239084.21887481876,306476.0,231665.5057378997,14986.078630707621,246651.58436860732,0.969319615306101,0.46842431112929633,0.967334949285242,0.4679139921761044,copertura_del_fabbisogno_lordo_sociale_e_di_investimento
historical,2021,1,64,722,Food services and drinking places,895203.4873009723,909020.0,892498.7542944045,31858.25007845289,924357.0043728574,0.968460760362102,0.46820359318422095,0.967334949285242,0.4679139921761044,copertura_del_fabbisogno_lordo_sociale_e_di_investimento
historical,2021,1,65,81,"Other services, except government",717461.1958208564,776759.0,712368.8017295197,28361.957127442816,740730.7588569626,0.9685856665760526,0.4682357043396066,0.967334949285242,0.4679139921761044,copertura_del_fabbisogno_lordo_sociale_e_di_investimento
historical,2021,1,66,GFGD,Federal general government (defense),670829.6914036217,702344.0,693482.3267776003,0.0,693482.3267776003,0.9673349492852421,0.46791399217610447,0.967334949285242,0.4679139921761044,copertura_del_fabbisogno_lordo_sociale_e_di_investimento
historical,2021,1,67,GFGN,Federal general government (nondefense),497155.0514909739,440949.0,499232.5559246311,14229.95232407915,513462.50824871025,0.9682402191089727,0.4681468864995306,0.967334949285242,0.4679139921761044,copertura_del_fabbisogno_lordo_sociale_e_di_investimento
historical,2021,1,68,GFE,Federal government enterprises,91992.88132797915,98900.0,87164.7024282346,7675.418325099634,94840.12075333422,0.9699785343719634,0.4685935232010786,0.967334949285242,0.4679139921761044,copertura_del_fabbisogno_lordo_sociale_e_di_investimento
historical,2021,1,69,GSLG,State and local general government,2389880.365672021,2503853.0,2462962.4854605035,7370.674707631497,2470333.160168135,0.9674324112256024,0.4679390755280339,0.967334949285242,0.4679139921761044,copertura_del_fabbisogno_lordo_sociale_e_di_investimento
historical,2021,1,70,GSLE,State and local government enterprises,329114.24802523357,382401.0,320657.80529656674,18930.74620076217,339588.5514973289,0.9691558993201874,0.46838225173782194,0.967334949285242,0.4679139921761044,copertura_del_fabbisogno_lordo_sociale_e_di_investimento
historical,2022,1,0,111CA,Farms,367736.96067532396,388056.0,372180.661149188,7713.599697626345,379894.2608468144,0.9679981999612449,0.4680846433905917,0.967334949285242,0.4679139921761044,copertura_del_fabbisogno_lordo_sociale_e_di_investimento
historical,2022,1,1,113FF,"Forestry, fishing, and related activities",64787.00562811506,50994.0,58193.697541817295,8494.20816778052,66687.90570959782,0.9714955798767995,0.4689826950702827,0.967334949285242,0.4679139921761044,copertura_del_fabbisogno_lordo_sociale_e_di_investimento
historical,2022,1,2,211,Oil and gas extraction,340671.2132572627,316004.0,323214.45062622125,28014.579052489586,351229.02967871085,0.969940365034445,0.46858372415878974,0.967334949285242,0.4679139921761044,copertura_del_fabbisogno_lordo_sociale_e_di_investimento
historical,2022,1,3,212,"Mining, except oil and gas",92845.61858869588,106096.0,73836.85093403384,21420.65213504029,95257.50306907413,0.9746803726460339,0.4697978471753376,0.967334949285242,0.4679139921761044,copertura_del_fabbisogno_lordo_sociale_e_di_investimento
historical,2022,1,4,213,Support activities for mining,78352.10381673023,135631.0,27844.879332592045,51416.77887968363,79261.65821227568,0.9885246610270313,0.47331241975420324,0.967334949285242,0.4679139921761044,copertura_del_fabbisogno_lordo_sociale_e_di_investimento
historical,2022,1,5,22,Utilities,482801.0317388871,517969.0,466345.36019343935,31688.86638675849,498034.22658019786,0.9694133574997224,0.4684483909347978,0.967334949285242,0.4679139921761044,copertura_del_fabbisogno_lordo_sociale_e_di_investimento
historical,2022,1,6,23,Construction,1470171.0003749845,1732164.0,266596.1787740068,1212283.1993009914,1478879.378074998,0.9941115023786802,0.4747175598097231,0.967334949285242,0.4679139921761044,copertura_del_fabbisogno_lordo_sociale_e_di_investimento
historical,2022,1,7,321,Wood products,110132.34448740195,112381.0,61659.147201198204,50487.29645655961,112146.44365775782,0.9820404543856747,0.47167212928887814,0.967334949285242,0.4679139921761044,copertura_del_fabbisogno_lordo_sociale_e_di_investimento
historical,2022,1,8,327,Nonmetallic mineral products,124672.98236535912,135072.0,60181.342379523194,66457.46658674527,126638.80896626847,0.9844769023259452,0.47228966712340414,0.967334949285242,0.4679139921761044,copertura_del_fabbisogno_lordo_sociale_e_di_investimento
historical,2022,1,9,331,Primary metals,271546.53267793835,235954.0,212381.74545097357,66102.24771300967,278483.9931639832,0.9750884766940274,0.46990212111220964,0.967334949285242,0.4679139921761044,copertura_del_fabbisogno_lordo_sociale_e_di_investimento
historical,2022,1,10,332,Fabricated metal products,317242.5369587539,377502.0,216275.94706207703,108031.2546758419,324307.20173791895,0.9782161335261552,0.47069990351118784,0.967334949285242,0.4679139921761044,copertura_del_fabbisogno_lordo_sociale_e_di_investimento
historical,2022,1,11,333,Machinery,224541.22894709365,391132.0,187593.71318742432,43075.273914706326,230668.98710213066,0.9734348417096751,0.4694793499790029,0.967334949285242,0.4679139921761044,copertura_del_fabbisogno_lordo_sociale_e_di_investimento
historical,2022,1,12,334,Computer and electronic products,302207.1923247111,367248.0,266615.45948474575,44300.74034537309,310916.19983011886,0.9719892128162951,0.4691092052043771,0.967334949285242,0.4679139921761044,copertura_del_fabbisogno_lordo_sociale_e_di_investimento
historical,2022,1,13,335,"Electrical equipment, appliances, and components",117359.37374635151,131501.0,74971.67565116614,44836.651682501106,119808.32733366724,0.9795594042432846,0.4710417996449248,0.967334949285242,0.4679139921761044,copertura_del_fabbisogno_lordo_sociale_e_di_investimento
historical,2022,1,14,3361MV,"Motor vehicles, bodies and trailers, and parts",463067.70725883695,650219.0,456535.0944761532,21445.354796814165,477980.44927296735,0.9688005188563393,0.46829092995002974,0.967334949285242,0.4679139921761044,copertura_del_fabbisogno_lordo_sociale_e_di_investimento
historical,2022,1,15,3364OT,Other transportation equipment,194440.76843280514,328510.0,194951.2012412917,5857.658066963221,200808.85930825493,0.9682877991668966,0.4681591215482301,0.967334949285242,0.4679139921761044,copertura_del_fabbisogno_lordo_sociale_e_di_investimento
historical,2022,1,16,337,Furniture and related products,55365.31533592829,74187.0,43226.81898290377,13550.502587338731,56777.32157024251,0.975130805834732,0.4699129342077694,0.967334949285242,0.4679139921761044,copertura_del_fabbisogno_lordo_sociale_e_di_investimento
historical,2022,1,17,339,Miscellaneous manufacturing,135357.1047611495,166814.0,135079.9730514742,4689.52587994987,139769.49893142405,0.9684309223113161,0.4681959217807318,0.967334949285242,0.4679139921761044,copertura_del_fabbisogno_lordo_sociale_e_di_investimento
historical,2022,1,18,311FT,Food and beverage and tobacco products,949158.3173007513,977827.0,970838.520210542,10032.28658872725,980870.8067992693,0.9676690454250538,0.4679999671930711,0.967334949285242,0.4679139921761044,copertura_del_fabbisogno_lordo_sociale_e_di_investimento
historical,2022,1,19,313TT,Textile mills and textile product mills,35322.15337808723,49895.0,31511.344235186676,4840.128800433119,36351.4730356198,0.971684238035582,0.4690310522210445,0.967334949285242,0.4679139921761044,copertura_del_fabbisogno_lordo_sociale_e_di_investimento
historical,2022,1,20,315AL,Apparel and leather and allied products,14821.832065167342,17331.0,14772.555587786068,531.8227548428873,15304.378342628956,0.9684700504222687,0.46820598162615895,0.967334949285242,0.4679139921761044,copertura_del_fabbisogno_lordo_sociale_e_di_investimento
historical,2022,1,21,322,Paper products,164045.08846555883,190943.0,149267.06509237085,19653.839624473367,168920.9047168442,0.971135507121167,0.468890376212527,0.967334949285242,0.4679139921761044,copertura_del_fabbisogno_lordo_sociale_e_di_investimento
historical,2022,1,22,323,Printing and related support activities,69163.72821830711,81156.0,62385.47692353907,8816.07606233981,71201.55298587888,0.9713794898830939,0.4689529343258667,0.967334949285242,0.4679139921761044,copertura_del_fabbisogno_lordo_sociale_e_di_investimento
historical,2022,1,23,324,Petroleum and coal products,474295.57193486975,597698.0,451132.47553087474,37899.36159628535,489031.8371271601,0.9698664502522797,0.46856474732177544,0.967334949285242,0.4679139921761044,copertura_del_fabbisogno_lordo_sociale_e_di_investimento
historical,2022,1,24,325,Chemical products,712194.2368527002,805728.0,649580.0805161699,83832.7226098876,733412.8031260575,0.9710687266667334,0.468873250879324,0.967334949285242,0.4679139921761044,copertura_del_fabbisogno_lordo_sociale_e_di_investimento
historical,2022,1,25,326,Plastics and rubber products,210015.48179649684,250297.0,174785.5647087889,40939.29642312815,215724.86113191704,0.9735339760773846,0.469504713840798,0.967334949285242,0.4679139921761044,copertura_del_fabbisogno_lordo_sociale_e_di_investimento
historical,2022,1,26,42,Wholesale trade,2252122.205354194,2232753.0,2137429.0099073052,184512.4224547057,2321941.4323620107,0.9699306683473095,0.4685812347143633,0.967334949285242,0.4679139921761044,copertura_del_fabbisogno_lordo_sociale_e_di_investimento
historical,2022,1,27,441,Motor vehicle and parts dealers,63650.11130170322,371276.0,62976.724476886986,2730.5247237030853,65707.24920059007,0.9686923752871338,0.4682631341707728,0.967334949285242,0.4679139921761044,copertura_del_fabbisogno_lordo_sociale_e_di_investimento
historical,2022,1,28,445,Food and beverage stores,24269.500354370153,263473.0,24810.7779656902,269.16770920182455,25079.945674892024,0.9676855232851154,0.46800420682332167,0.967334949285242,0.4679139921761044,copertura_del_fabbisogno_lordo_sociale_e_di_investimento
historical,2022,1,29,452,General merchandise stores,18289.52093344352,244474.0,17421.761044511426,1436.842596991456,18858.603641502883,0.9698237091739412,0.46855377338439813,0.967334949285242,0.4679139921761044,copertura_del_fabbisogno_lordo_sociale_e_di_investimento
historical,2022,1,30,4A0,Other retail,1248933.5419636907,1108702.0,1222064.833550283,66787.51817804987,1288852.351728333,0.9690276316669542,0.4683492945361185,0.967334949285242,0.4679139921761044,copertura_del_fabbisogno_lordo_sociale_e_di_investimento
historical,2022,1,31,481,Air transportation,260868.99933427677,272267.0,253688.06581331347,15467.66705648407,269155.73286979756,0.9692121232300505,0.468396696669796,0.967334949285242,0.4679139921761044,copertura_del_fabbisogno_lordo_sociale_e_di_investimento
historical,2022,1,32,482,Rail transportation,78314.19635527945,84848.0,72697.22344713807,7991.631398864236,80688.8548460023,0.9705701797942854,0.46874536746719364,0.967334949285242,0.4679139921761044,copertura_del_fabbisogno_lordo_sociale_e_di_investimento
historical,2022,1,33,483,Water transportation,51992.370270867934,60883.0,51903.774537116864,1784.0351612933575,53687.80969841022,0.9684204023768826,0.468193217038491,0.967334949285242,0.4679139921761044,copertura_del_fabbisogno_lordo_sociale_e_di_investimento
historical,2022,1,34,484,Truck transportation,404669.1372068181,409425.0,375123.23321970116,41799.323424522496,416922.55664422363,0.9706098429021631,0.46875554379754997,0.967334949285242,0.4679139921761044,copertura_del_fabbisogno_lordo_sociale_e_di_investimento
historical,2022,1,35,485,Transit and ground passenger transportation,112749.79731037786,109551.0,105507.87095944934,10688.346306625088,116196.21726607443,0.9703396544501556,0.468686214054022,0.967334949285242,0.4679139921761044,copertura_del_fabbisogno_lordo_sociale_e_di_investimento
historical,2022,1,36,486,Pipeline transportation,53877.69436664322,61593.0,52320.681621789474,3266.0704634602057,55586.75208524968,0.9692542259712279,0.46840751310598266,0.967334949285242,0.4679139921761044,copertura_del_fabbisogno_lordo_sociale_e_di_investimento
historical,2022,1,37,487OS,Other transportation and support activities,288257.0070336242,264513.0,270644.85645188927,26452.778543424338,297097.6349953136,0.9702433580064385,0.468661500230941,0.967334949285242,0.4679139921761044,copertura_del_fabbisogno_lordo_sociale_e_di_investimento
historical,2022,1,38,493,Warehousing and storage,127596.40909043358,134932.0,119395.2772043359,12101.184671079895,131496.4618754158,0.9703410059148416,0.4686865608818232,0.967334949285242,0.4679139921761044,copertura_del_fabbisogno_lordo_sociale_e_di_investimento
historical,2022,1,39,511,"Publishing industries, except internet (includes software)",534750.749550888,418461.0,315782.9364289117,229282.87875528182,545065.8151841935,0.9810755594169489,0.4714271689836264,0.967334949285242,0.4679139921761044,copertura_del_fabbisogno_lordo_sociale_e_di_investimento
historical,2022,1,40,512,Motion picture and sound recording industries,128111.0695583824,166843.0,124521.85404553123,7656.728190344132,132178.58223587536,0.9692271424864097,0.4684005552535784,0.967334949285242,0.4679139921761044,copertura_del_fabbisogno_lordo_sociale_e_di_investimento
historical,2022,1,41,513,Broadcasting and telecommunications,795064.4713461988,893988.0,767305.6985625954,52822.85234087342,820128.5509034689,0.9694388403748913,0.4684549364112986,0.967334949285242,0.4679139921761044,copertura_del_fabbisogno_lordo_sociale_e_di_investimento
historical,2022,1,42,514,"Data processing, internet publishing, and other information services",553981.4421764195,481772.0,492110.6050957205,77945.65495342104,570056.2600491415,0.9718013483943915,0.4690610656989484,0.967334949285242,0.4679139921761044,copertura_del_fabbisogno_lordo_sociale_e_di_investimento
historical,2022,1,43,521CI,"Federal Reserve banks, credit intermediation, and related activities",1016870.6955452807,1119901.0,980927.9224629834,67984.83341707289,1048912.7558800564,0.9694521206314325,0.4684583474855329,0.967334949285242,0.4679139921761044,copertura_del_fabbisogno_lordo_sociale_e_di_investimento
historical,2022,1,44,523,"Securities, commodity contracts, and investments",638076.9842549175,607994.0,639119.8000642739,19834.064872549163,658953.864936823,0.9683181451801529,0.4681669246274544,0.967334949285242,0.4679139921761044,copertura_del_fabbisogno_lordo_sociale_e_di_investimento
historical,2022,1,45,524,Insurance carriers and related activities,1189504.4935190433,1132639.0,1165744.679861554,61838.92274562635,1227583.6026071804,0.9689804352165804,0.46833716681093107,0.967334949285242,0.4679139921761044,copertura_del_fabbisogno_lordo_sociale_e_di_investimento
historical,2022,1,46,525,"Funds, trusts, and other financial vehicles",144837.76416611424,147388.0,149513.55409106406,208.07790197850795,149721.63199304257,0.9673803460333956,0.46792567603221713,0.967334949285242,0.4679139921761044,copertura_del_fabbisogno_lordo_sociale_e_di_investimento
historical,2022,1,47,HS,Housing,2311716.544862792,2218948.0,2389778.790243137,0.0,2389778.790243137,0.9673349492852419,0.46791399217610435,0.967334949285242,0.4679139921761044,copertura_del_fabbisogno_lordo_sociale_e_di_investimento
historical,2022,1,48,ORE,Other real estate,1326031.6667715288,1435813.0,1180623.404741601,183973.38542084242,1364596.7901624434,0.9717388142278103,0.46904503963256683,0.967334949285242,0.4679139921761044,copertura_del_fabbisogno_lordo_sociale_e_di_investimento
historical,2022,1,49,532RL,Rental and leasing services and lessors of intangible assets,487865.6092741743,403077.0,442488.180794947,59831.327345575264,502319.5081405223,0.9712256867748315,0.46891350033764617,0.967334949285242,0.4679139921761044,copertura_del_fabbisogno_lordo_sociale_e_di_investimento
historical,2022,1,50,5411,Legal services,352790.07070709346,370979.0,315396.3971738979,47696.112842132934,363092.5100160308,0.9716258556022472,0.469016088486588,0.967334949285242,0.4679139921761044,copertura_del_fabbisogno_lordo_sociale_e_di_investimento
historical,2022,1,51,5415,Computer systems design and related services,1606931.5594927818,531833.0,324723.4504245201,1292815.2170446499,1617538.66746917,0.9934424393124498,0.47454967982722585,0.967334949285242,0.4679139921761044,copertura_del_fabbisogno_lordo_sociale_e_di_investimento
historical,2022,1,52,5412OP,"Miscellaneous professional, scientific, and technical services",2571114.151331121,1573028.0,1224267.1013644089,1386837.79692119,2611104.898285599,0.9846843583416602,0.4723421818758999,0.967334949285242,0.4679139921761044,copertura_del_fabbisogno_lordo_sociale_e_di_investimento
historical,2022,1,53,55,Management of companies and enterprises,685564.4704060078,631717.0,623305.690599978,82619.09180027533,705924.7824002533,0.9711579583238071,0.46889613340247954,0.967334949285242,0.4679139921761044,copertura_del_fabbisogno_lordo_sociale_e_di_investimento
historical,2022,1,54,561,Administrative and support services,1141429.0745169104,1085165.0,972038.2139312496,201142.53814040782,1173180.7520716575,0.972935391670313,0.4693515271049277,0.967334949285242,0.4679139921761044,copertura_del_fabbisogno_lordo_sociale_e_di_investimento
historical,2022,1,55,562,Waste management and remediation services,119252.74922160334,128247.0,111762.06862919357,11141.394232168648,122903.46286136222,0.9702960880453225,0.4686750333192346,0.967334949285242,0.4679139921761044,copertura_del_fabbisogno_lordo_sociale_e_di_investimento
historical,2022,1,56,61,Educational services,340439.76981619495,383160.0,351206.6087825017,705.3427209318313,351911.9515034335,0.9674004203658692,0.4679308424415758,0.967334949285242,0.4679139921761044,copertura_del_fabbisogno_lordo_sociale_e_di_investimento
historical,2022,1,57,621,Ambulatory health care services,1221369.1292022592,1162296.0,1262418.1492334532,187.9328367477019,1262606.082070201,0.9673398113207814,0.46791524355290554,0.967334949285242,0.4679139921761044,copertura_del_fabbisogno_lordo_sociale_e_di_investimento
historical,2022,1,58,622,Hospitals,940254.7449283876,931191.0,972004.8463811905,0.4861492292730713,972005.3325304197,0.9673349656226927,0.4679139963810006,0.967334949285242,0.4679139921761044,copertura_del_fabbisogno_lordo_sociale_e_di_investimento
historical,2022,1,59,623,Nursing and residential care facilities,249448.31182640523,261253.0,257751.08350176437,116.68053900982451,257867.7640407742,0.9673497296349237,0.4679177962819815,0.967334949285242,0.4679139921761044,copertura_del_fabbisogno_lordo_sociale_e_di_investimento
historical,2022,1,60,624,Social assistance,256539.777989075,247852.0,265201.56733225833,1.0333033581792892,265202.6006356165,0.9673350765573974,0.46791402493312273,0.967334949285242,0.4679139921761044,copertura_del_fabbisogno_lordo_sociale_e_di_investimento
historical,2022,1,61,711AS,"Performing arts, spectator sports, museums, and related activities",221786.67094777885,224384.0,214967.02664395963,13841.553131144916,228808.57977510453,0.9693109898491241,0.46842209537571616,0.967334949285242,0.4679139921761044,copertura_del_fabbisogno_lordo_sociale_e_di_investimento
historical,2022,1,62,713,"Amusements, gambling, and recreation industries",180802.80329676246,172324.0,183595.73483151526,3204.2324545319125,186799.96728604718,0.9678952621008694,0.4680581651497863,0.967334949285242,0.4679139921761044,copertura_del_fabbisogno_lordo_sociale_e_di_investimento
historical,2022,1,63,721,Accommodation,286000.0002348349,306476.0,276435.0340996557,18594.730543380334,295029.764643036,0.9693937172097655,0.46844334606216564,0.967334949285242,0.4679139921761044,copertura_del_fabbisogno_lordo_sociale_e_di_investimento
historical,2022,1,64,722,Food services and drinking places,961608.0902256549,909020.0,956938.1903747198,35928.33437041405,992866.5247451338,0.9685169821517521,0.468218047281518,0.967334949285242,0.4679139921761044,copertura_del_fabbisogno_lordo_sociale_e_di_investimento
historical,2022,1,65,81,"Other services, except government",766573.5535144947,776759.0,762058.9527187151,29407.295133971817,791466.2478526869,0.9685486343786256,0.46822618442788955,0.967334949285242,0.4679139921761044,copertura_del_fabbisogno_lordo_sociale_e_di_investimento
historical,2022,1,66,GFGD,Federal general government (defense),642903.5100140963,702344.0,664613.1316656489,0.0,664613.1316656489,0.9673349492852419,0.46791399217610435,0.967334949285242,0.4679139921761044,copertura_del_fabbisogno_lordo_sociale_e_di_investimento
historical,2022,1,67,GFGN,Federal general government (nondefense),485123.5622663734,440949.0,486490.94181593304,14523.871737128226,501014.8135530613,0.9682818733961349,0.4681575977872922,0.967334949285242,0.4679139921761044,copertura_del_fabbisogno_lordo_sociale_e_di_investimento
historical,2022,1,68,GFE,Federal government enterprises,89259.27402645179,98900.0,84878.26356810736,7153.56324237726,92031.82681048462,0.9698739785993581,0.4685666802070975,0.967334949285242,0.4679139921761044,copertura_del_fabbisogno_lordo_sociale_e_di_investimento
historical,2022,1,69,GSLG,State and local general government,2430244.284369015,2503853.0,2504422.692903424,7628.685740472216,2512051.3786438964,0.9674341476570261,0.4679395224043272,0.967334949285242,0.4679139921761044,copertura_del_fabbisogno_lordo_sociale_e_di_investimento
historical,2022,1,70,GSLE,State and local government enterprises,337556.852216369,382401.0,329270.8247726597,19041.67563379844,348312.50040645816,0.9691206942686869,0.46837320652829983,0.967334949285242,0.4679139921761044,copertura_del_fabbisogno_lordo_sociale_e_di_investimento
historical,2023,1,0,111CA,Farms,385658.89778214885,388056.0,392330.4887308921,6143.904362597169,398474.3930934892,0.967838597577502,0.46804358846543276,0.967334949285242,0.4679139921761044,copertura_del_fabbisogno_lordo_sociale_e_di_investimento
historical,2023,1,1,113FF,"Forestry, fishing, and related activities",55799.00767320664,50994.0,51737.228862550706,5751.77801529219,57489.0068778429,0.9706030892440479,0.46875381104468616,0.967334949285242,0.4679139921761044,copertura_del_fabbisogno_lordo_sociale_e_di_investimento
historical,2023,1,2,211,Oil and gas extraction,356667.3649670008,316004.0,341020.384308909,26786.428806308555,367806.81311521755,0.9697138613233701,0.46852556744406076,0.967334949285242,0.4679139921761044,copertura_del_fabbisogno_lordo_sociale_e_di_investimento
historical,2023,1,3,212,"Mining, except oil and gas",88026.51739202139,106096.0,71996.24171896405,18382.03656007927,90378.27827904333,0.9739786934227618,0.4696184664343729,0.967334949285242,0.4679139921761044,copertura_del_fabbisogno_lordo_sociale_e_di_investimento
historical,2023,1,4,213,Support activities for mining,79030.3374503318,135631.0,28089.08475446823,51858.78407389941,79947.86882836765,0.988523379153413,0.4733120964890098,0.967334949285242,0.4679139921761044,copertura_del_fabbisogno_lordo_sociale_e_di_investimento
historical,2023,1,5,22,Utilities,477896.5765449414,517969.0,466178.9478833582,26945.38763634558,493124.3355197038,0.9691198387953945,0.4683729867283082,0.967334949285242,0.4679139921761044,copertura_del_fabbisogno_lordo_sociale_e_di_investimento
historical,2023,1,6,23,Construction,1287320.490363934,1732164.0,262889.2073928778,1033018.5722629073,1295907.779655785,0.9933735336521153,0.47453238406003356,0.967334949285242,0.4679139921761044,copertura_del_fabbisogno_lordo_sociale_e_di_investimento
historical,2023,1,7,321,Wood products,105584.29903044982,112381.0,63464.36597160036,44192.99979189174,107657.3657634921,0.9807438467554881,0.4713429037816288,0.967334949285242,0.4679139921761044,copertura_del_fabbisogno_lordo_sociale_e_di_investimento
historical,2023,1,8,327,Nonmetallic mineral products,104300.3121397728,135072.0,53385.38100271684,52658.76731493638,106044.14831765322,0.9835555643046253,0.47205631621006533,0.967334949285242,0.4679139921761044,copertura_del_fabbisogno_lordo_sociale_e_di_investimento
historical,2023,1,9,331,Primary metals,257515.3224957307,235954.0,206114.15352757755,58133.89824616088,264248.05177373847,0.9745211772317147,0.4697571603159706,0.967334949285242,0.4679139921761044,copertura_del_fabbisogno_lordo_sociale_e_di_investimento
historical,2023,1,10,332,Fabricated metal products,282140.37797579204,377502.0,199102.10482291118,89541.95350433631,288644.0583272475,0.9774681648077371,0.4705093350483176,0.967334949285242,0.4679139921761044,copertura_del_fabbisogno_lordo_sociale_e_di_investimento
historical,2023,1,11,333,Machinery,220580.29115494917,391132.0,175177.36296625543,51125.10563406402,226302.46860031947,0.974714471827188,0.46980656136685783,0.967334949285242,0.4679139921761044,copertura_del_fabbisogno_lordo_sociale_e_di_investimento
historical,2023,1,12,334,Computer and electronic products,289206.41899696144,367248.0,258801.88869812677,38858.30711823412,297660.1958163609,0.9715992365179558,0.46900926559090006,0.967334949285242,0.4679139921761044,copertura_del_fabbisogno_lordo_sociale_e_di_investimento
historical,2023,1,13,335,"Electrical equipment, appliances, and components",114928.86846503266,131501.0,81119.34926665654,36459.28685611963,117578.63612277617,0.9774638680535757,0.4705082399191782,0.967334949285242,0.4679139921761044,copertura_del_fabbisogno_lordo_sociale_e_di_investimento
historical,2023,1,14,3361MV,"Motor vehicles, bodies and trailers, and parts",469349.0150992139,650219.0,467231.5102569564,17379.64582033395,484611.15607729036,0.9685064184208704,0.4682153315048657,0.967334949285242,0.4679139921761044,copertura_del_fabbisogno_lordo_sociale_e_di_investimento
historical,2023,1,15,3364OT,Other transportation equipment,215319.10583404137,328510.0,220613.598619503,1911.861601809711,222525.4602213127,0.967615596075594,0.46798621460979584,0.967334949285242,0.4679139921761044,copertura_del_fabbisogno_lordo_sociale_e_di_investimento
historical,2023,1,16,337,Furniture and related products,50622.93456778176,74187.0,41606.333494442966,10375.674066989905,51982.00756143287,0.9738549344781473,0.46958681549401743,0.967334949285242,0.4679139921761044,copertura_del_fabbisogno_lordo_sociale_e_di_investimento
historical,2023,1,17,339,Miscellaneous manufacturing,128571.58610962203,166814.0,129111.69687255872,3677.3293632739114,132789.02623583263,0.9682395432381555,0.4681467126976132,0.967334949285242,0.4679139921761044,copertura_del_fabbisogno_lordo_sociale_e_di_investimento
historical,2023,1,18,311FT,Food and beverage and tobacco products,944229.7213397948,977827.0,967785.9437233623,8056.554549186104,975842.4982725484,0.9676046319065679,0.4679833934277491,0.967334949285242,0.4679139921761044,copertura_del_fabbisogno_lordo_sociale_e_di_investimento
historical,2023,1,19,313TT,Textile mills and textile product mills,32069.240144094998,49895.0,29682.274225621626,3356.5389113826554,33038.81313700428,0.9706535162480355,0.4687667485803379,0.967334949285242,0.4679139921761044,copertura_del_fabbisogno_lordo_sociale_e_di_investimento
historical,2023,1,20,315AL,Apparel and leather and allied products,16772.686723701892,17331.0,17195.989822936244,138.40478042232428,17334.394603358567,0.9675957601918302,0.46798111063163395,0.967334949285242,0.4679139921761044,copertura_del_fabbisogno_lordo_sociale_e_di_investimento
historical,2023,1,21,322,Paper products,159412.26289295658,190943.0,147046.35826062455,17169.181382335802,164215.53964296036,0.9707501691956368,0.4687915440676822,0.967334949285242,0.4679139921761044,copertura_del_fabbisogno_lordo_sociale_e_di_investimento
historical,2023,1,22,323,Printing and related support activities,61819.24395574372,81156.0,57182.031432650125,6505.066479813999,63687.09791246412,0.970671391569958,0.46877133451580966,0.967334949285242,0.4679139921761044,copertura_del_fabbisogno_lordo_sociale_e_di_investimento
historical,2023,1,23,324,Petroleum and coal products,465419.58424285403,597698.0,446181.54593172134,33812.58113698151,479994.12706870283,0.96963599760094,0.46850557234456347,0.967334949285242,0.4679139921761044,copertura_del_fabbisogno_lordo_sociale_e_di_investimento
historical,2023,1,24,325,Chemical products,739237.5854833566,805728.0,685936.4579741901,75707.27669599494,761643.734670185,0.9705818505859161,0.46874836187290486,0.967334949285242,0.4679139921761044,copertura_del_fabbisogno_lordo_sociale_e_di_investimento
historical,2023,1,25,326,Plastics and rubber products,199262.29096025758,250297.0,170975.12644761795,33872.075689013225,204847.20213663118,0.9727362096327363,0.4693005338123047,0.967334949285242,0.4679139921761044,copertura_del_fabbisogno_lordo_sociale_e_di_investimento
historical,2023,1,26,42,Wholesale trade,2129596.1598097747,2232753.0,2045483.9807120645,150928.01706389463,2196411.9977759593,0.9695795515441361,0.46849107627717046,0.967334949285242,0.4679139921761044,copertura_del_fabbisogno_lordo_sociale_e_di_investimento
historical,2023,1,27,441,Motor vehicle and parts dealers,78412.20918716515,371276.0,77881.79684566887,3074.4251852165326,80956.2220308854,0.9685754500407678,0.4682330779965889,0.967334949285242,0.4679139921761044,copertura_del_fabbisogno_lordo_sociale_e_di_investimento
historical,2023,1,28,445,Food and beverage stores,22733.344769596206,263473.0,23283.517415859238,210.3846309439621,23493.9020468032,0.9676274602791884,0.46798926734535207,0.967334949285242,0.4679139921761044,copertura_del_fabbisogno_lordo_sociale_e_di_investimento
historical,2023,1,29,452,General merchandise stores,17189.579933643072,244474.0,16613.80848616912,1118.4623442399434,17732.270830409063,0.969395296183085,0.46844375164623925,0.967334949285242,0.4679139921761044,copertura_del_fabbisogno_lordo_sociale_e_di_investimento
historical,2023,1,30,4A0,Other retail,1254027.9087097696,1108702.0,1242786.0995838013,51837.480096469495,1294623.5796802707,0.968642876888951,0.46825041079381513,0.967334949285242,0.4679139921761044,copertura_del_fabbisogno_lordo_sociale_e_di_investimento
historical,2023,1,31,481,Air transportation,266893.888011914,272267.0,263323.6532261871,12171.71527275565,275495.36849894276,0.9687781303406493,0.4682851757433883,0.967334949285242,0.4679139921761044,copertura_del_fabbisogno_lordo_sociale_e_di_investimento
historical,2023,1,32,482,Rail transportation,72468.86218160078,84848.0,68059.62774812084,6632.405625499862,74692.0333736207,0.9702354977953367,0.468659482860077,0.967334949285242,0.4679139921761044,copertura_del_fabbisogno_lordo_sociale_e_di_investimento
historical,2023,1,33,483,Water transportation,54805.34962033265,60883.0,55079.6999534679,1524.830859198438,56604.53081266634,0.9682148908134561,0.4681403731856144,0.967334949285242,0.4679139921761044,copertura_del_fabbisogno_lordo_sociale_e_di_investimento
historical,2023,1,34,484,Truck transportation,377790.41003608744,409425.0,354799.444667099,34580.5072226072,389379.9518897062,0.9702359050655449,0.468659587388823,0.967334949285242,0.4679139921761044,copertura_del_fabbisogno_lordo_sociale_e_di_investimento
historical,2023,1,35,485,Transit and ground passenger transportation,136578.97585750892,109551.0,127777.79300259556,12975.050943562981,140752.84394615854,0.9703461189725856,0.46868787304710297,0.967334949285242,0.4679139921761044,copertura_del_fabbisogno_lordo_sociale_e_di_investimento
historical,2023,1,36,486,Pipeline transportation,52365.080003347335,61593.0,51364.609110295125,2678.2984545837226,54042.90756487885,0.9689537880707608,0.46833031924520746,0.967334949285242,0.4679139921761044,copertura_del_fabbisogno_lordo_sociale_e_di_investimento
historical,2023,1,37,487OS,Other transportation and support activities,274853.1548761882,264513.0,260960.49769334382,22416.94507454596,283377.44276788976,0.969918961056178,0.46857822905360313,0.967334949285242,0.4679139921761044,copertura_del_fabbisogno_lordo_sociale_e_di_investimento
historical,2023,1,38,493,Warehousing and storage,115394.92383957113,134932.0,109238.00546983677,9725.183358385595,118963.18882822237,0.9700053014398962,0.46860039477442894,0.967334949285242,0.4679139921761044,copertura_del_fabbisogno_lordo_sociale_e_di_investimento
historical,2023,1,39,511,"Publishing industries, except internet (includes software)",467818.6241456012,418461.0,333498.83733993565,145213.54324068737,478712.38058062305,0.9772436292084007,0.4704521007874316,0.967334949285242,0.4679139921761044,copertura_del_fabbisogno_lordo_sociale_e_di_investimento
historical,2023,1,40,512,Motion picture and sound recording industries,130579.70174162085,166843.0,128332.45183125307,6439.2359577849,134771.68778903797,0.9688956477715189,0.46831537821404906,0.967334949285242,0.4679139921761044,copertura_del_fabbisogno_lordo_sociale_e_di_investimento
historical,2023,1,41,513,Broadcasting and telecommunications,777259.7496355991,893988.0,756109.4428204254,45848.660110810306,801958.1029312357,0.9692024393726285,0.46839420876890403,0.967334949285242,0.4679139921761044,copertura_del_fabbisogno_lordo_sociale_e_di_investimento
historical,2023,1,42,514,"Data processing, internet publishing, and other information services",597660.5948515297,481772.0,538662.6912008121,76593.34777694021,615256.0389777523,0.9714014280047418,0.46895855862204133,0.967334949285242,0.4679139921761044,copertura_del_fabbisogno_lordo_sociale_e_di_investimento
historical,2023,1,43,521CI,"Federal Reserve banks, credit intermediation, and related activities",1050721.2110231726,1119901.0,1020464.4401329624,63590.293579760415,1084054.7337127228,0.9692510703999345,0.46840670243683985,0.967334949285242,0.4679139921761044,copertura_del_fabbisogno_lordo_sociale_e_di_investimento
historical,2023,1,44,523,"Securities, commodity contracts, and investments",719010.8086765332,607994.0,718779.9956781168,23709.798009995626,742489.7936881124,0.9683780366933343,0.46818232427252837,0.967334949285242,0.4679139921761044,copertura_del_fabbisogno_lordo_sociale_e_di_investimento
historical,2023,1,45,524,Insurance carriers and related activities,1222883.3851434528,1132639.0,1203577.584429979,58620.72354802478,1262198.3079780038,0.9688520238174523,0.46830416707605954,0.967334949285242,0.4679139921761044,copertura_del_fabbisogno_lordo_sociale_e_di_investimento
historical,2023,1,46,525,"Funds, trusts, and other financial vehicles",169529.02661187298,147388.0,175025.24743332312,220.9877623224068,175246.23519564554,0.9673761403353981,0.4679245936244853,0.967334949285242,0.4679139921761044,copertura_del_fabbisogno_lordo_sociale_e_di_investimento
historical,2023,1,47,HS,Housing,2362136.2268202463,2218948.0,2441901.0484068776,0.0,2441901.0484068776,0.9673349492852421,0.46791399217610447,0.967334949285242,0.4679139921761044,copertura_del_fabbisogno_lordo_sociale_e_di_investimento
historical,2023,1,48,ORE,Other real estate,1376294.43661854,1435813.0,1250184.783660205,166947.00231941405,1417131.7859796192,0.9711830968967718,0.4689025795700455,0.967334949285242,0.4679139921761044,copertura_del_fabbisogno_lordo_sociale_e_di_investimento
historical,2023,1,49,532RL,Rental and leasing services and lessors of intangible assets,511366.17511468695,403077.0,466219.7857296221,60375.482330146566,526595.2680597687,0.9710800801511318,0.4688761624708735,0.967334949285242,0.4679139921761044,copertura_del_fabbisogno_lordo_sociale_e_di_investimento
historical,2023,1,50,5411,Legal services,346370.4853012324,370979.0,314888.59490978875,41767.742313670766,356656.3372234595,0.971160327607518,0.46889674095358186,0.967334949285242,0.4679139921761044,copertura_del_fabbisogno_lordo_sociale_e_di_investimento
historical,2023,1,51,5415,Computer systems design and related services,1996176.43712494,531833.0,322325.1064458963,1684380.0966277388,2006705.2030736352,0.9947532074304843,0.47487847441975856,0.967334949285242,0.4679139921761044,copertura_del_fabbisogno_lordo_sociale_e_di_investimento
historical,2023,1,52,5412OP,"Miscellaneous professional, scientific, and technical services",2336920.6829602495,1573028.0,1267813.3381922268,1110520.5317569182,2378333.8699491452,0.9825873114316868,0.471810860480179,0.967334949285242,0.4679139921761044,copertura_del_fabbisogno_lordo_sociale_e_di_investimento
historical,2023,1,53,55,Management of companies and enterprises,687528.9955384688,631717.0,631561.5418733644,76597.44345988866,708158.985333253,0.9708681380564903,0.46882180483381714,0.967334949285242,0.4679139921761044,copertura_del_fabbisogno_lordo_sociale_e_di_investimento
historical,2023,1,54,561,Administrative and support services,1104231.56583307,1085165.0,951750.8522675807,183569.70342262412,1135320.5556902047,0.972616553359034,0.469269895477164,0.967334949285242,0.4679139921761044,copertura_del_fabbisogno_lordo_sociale_e_di_investimento
historical,2023,1,55,562,Waste management and remediation services,115063.67110978594,128247.0,108976.08119534311,9647.299133384302,118623.38032872742,0.9699915041277961,0.4685968527858804,0.967334949285242,0.4679139921761044,copertura_del_fabbisogno_lordo_sociale_e_di_investimento
historical,2023,1,56,61,Educational services,354588.13128085545,383160.0,365984.2032819498,558.8205599108569,366543.02384186065,0.96738474944714,0.46792680932073144,0.967334949285242,0.4679139921761044,copertura_del_fabbisogno_lordo_sociale_e_di_investimento
historical,2023,1,57,621,Ambulatory health care services,1315912.3202973055,1162296.0,1360170.326083687,172.02689585115553,1360342.352979538,0.9673390800595761,0.46791505534336414,0.967334949285242,0.4679139921761044,copertura_del_fabbisogno_lordo_sociale_e_di_investimento
historical,2023,1,58,622,Hospitals,964011.6461348274,931191.0,996564.022203522,0.43825708670623476,996564.4604606087,0.9673349636502836,0.46791399587334637,0.967334949285242,0.4679139921761044,copertura_del_fabbisogno_lordo_sociale_e_di_investimento
historical,2023,1,59,623,Nursing and residential care facilities,261440.634916955,261253.0,270166.7050907035,98.9389494783932,270265.6440401819,0.9673469073193971,0.46791706989017,0.967334949285242,0.4679139921761044,copertura_del_fabbisogno_lordo_sociale_e_di_investimento
historical,2023,1,60,624,Social assistance,268833.1410653421,247852.0,277910.2242472572,0.8683872712957776,277911.0926345285,0.9673350513535474,0.4679140184462134,0.967334949285242,0.4679139921761044,copertura_del_fabbisogno_lordo_sociale_e_di_investimento
historical,2023,1,61,711AS,"Performing arts, spectator sports, museums, and related activities",225884.27130008535,224384.0,221316.52227063285,11797.064453436575,233113.58672406944,0.9689880134162183,0.4683391141625174,0.967334949285242,0.4679139921761044,copertura_del_fabbisogno_lordo_sociale_e_di_investimento
historical,2023,1,62,713,"Amusements, gambling, and recreation industries",190246.33406829074,172324.0,192711.3771778568,3829.8837992594877,196541.2609771163,0.9679714738903681,0.4680777690174677,0.967334949285242,0.4679139921761044,copertura_del_fabbisogno_lordo_sociale_e_di_investimento
historical,2023,1,63,721,Accommodation,311324.8754667101,306476.0,301003.796941124,20153.38281800258,321157.1797591266,0.9693847595131114,0.4684410451255039,0.967334949285242,0.4679139921761044,copertura_del_fabbisogno_lordo_sociale_e_di_investimento
historical,2023,1,64,722,Food services and drinking places,996534.6214136119,909020.0,993599.411591563,35391.184991840964,1028990.596583404,0.968458433655704,0.468202994992794,0.967334949285242,0.4679139921761044,copertura_del_fabbisogno_lordo_sociale_e_di_investimento
historical,2023,1,65,81,"Other services, except government",780588.1978498684,776759.0,778514.2007456926,27504.202953693213,806018.4036993858,0.9684495965193843,0.46820072297096876,0.967334949285242,0.4679139921761044,copertura_del_fabbisogno_lordo_sociale_e_di_investimento
historical,2023,1,66,GFGD,Federal general government (defense),662739.2159930978,702344.0,685118.6514896333,0.0,685118.6514896333,0.967334949285242,0.4679139921761044,0.967334949285242,0.4679139921761044,copertura_del_fabbisogno_lordo_sociale_e_di_investimento
historical,2023,1,67,GFGN,Federal general government (nondefense),480672.66776351375,440949.0,482637.07164022716,13800.960545236896,496438.03218546405,0.9682430365930133,0.4681476110215683,0.967334949285242,0.4679139921761044,copertura_del_fabbisogno_lordo_sociale_e_di_investimento
historical,2023,1,68,GFE,Federal government enterprises,82997.91403444765,98900.0,79739.67389201284,5862.940634095672,85602.61452610852,0.9695721853113909,0.4684891844763112,0.967334949285242,0.4679139921761044,copertura_del_fabbisogno_lordo_sociale_e_di_investimento
historical,2023,1,69,GSLG,State and local general government,2485581.630258392,2503853.0,2564388.1245869184,4959.373813428327,2569347.498400347,0.9673979996111438,0.4679302194319146,0.967334949285242,0.4679139921761044,copertura_del_fabbisogno_lordo_sociale_e_di_investimento
historical,2023,1,70,GSLE,State and local government enterprises,340531.1877932097,382401.0,334309.0873983062,17142.323689173598,351451.4110874798,0.9689282132614572,0.4683237470738723,0.967334949285242,0.4679139921761044,copertura_del_fabbisogno_lordo_sociale_e_di_investimento
historical,2024,0,0,111CA,Farms,383291.15371979354,388056.0,392330.4887308921,3776.160300241818,396106.6490311339,0.9676463514493212,0.46799412809209245,0.967334949285242,0.4679139921761044,copertura_del_fabbisogno_lordo_sociale_e_di_investimento
historical,2024,0,1,113FF,"Forestry, fishing, and related activities",52977.92262780506,50994.0,51737.228862550706,2930.6929698906138,54667.92183244132,0.9690860901971698,0.46836431542818135,0.967334949285242,0.4679139921761044,copertura_del_fabbisogno_lordo_sociale_e_di_investimento
historical,2024,0,2,211,Oil and gas extraction,345124.65607620176,316004.0,341020.384308909,15243.7199155095,356264.1042244185,0.9687326115201329,0.46827347629440375,0.967334949285242,0.4679139921761044,copertura_del_fabbisogno_lordo_sociale_e_di_investimento
historical,2024,0,3,212,"Mining, except oil and gas",78581.09816196641,106096.0,71996.24171896405,8936.617330024297,80932.85904898835,0.9709418286384961,0.4688407058139458,0.967334949285242,0.4679139921761044,copertura_del_fabbisogno_lordo_sociale_e_di_investimento
historical,2024,0,4,213,Support activities for mining,68804.12491479558,135631.0,28089.08475446823,41632.57153836319,69721.65629283142,0.9868400805887025,0.47288725655983793,0.967334949285242,0.4679139921761044,copertura_del_fabbisogno_lordo_sociale_e_di_investimento
historical,2024,0,5,22,Utilities,467757.6056729963,517969.0,466178.9478833582,16806.416764400514,482985.3646477587,0.9684715933662544,0.4682063783095772,0.967334949285242,0.4679139921761044,copertura_del_fabbisogno_lordo_sociale_e_di_investimento
historical,2024,0,6,23,Construction,715764.5380899332,1732164.0,262889.2073928778,461462.6199889063,724351.8273817841,0.9881448641844528,0.47321662454217867,0.967334949285242,0.4679139921761044,copertura_del_fabbisogno_lordo_sociale_e_di_investimento
historical,2024,0,7,321,Wood products,82055.31633459537,112381.0,63464.36597160036,20664.017096037296,84128.38306763765,0.975358295768319,0.4699710395824598,0.967334949285242,0.4679139921761044,copertura_del_fabbisogno_lordo_sociale_e_di_investimento
historical,2024,0,8,327,Nonmetallic mineral products,76238.2239463656,135072.0,53385.38100271684,24596.67912152919,77982.06012424603,0.9776379826962505,0.47055261351523936,0.967334949285242,0.4679139921761044,copertura_del_fabbisogno_lordo_sociale_e_di_investimento
historical,2024,0,9,331,Primary metals,229804.36047220076,235954.0,206114.15352757755,30422.93622263094,236537.08975020848,0.9715362639951404,0.46899312403126703,0.967334949285242,0.4679139921761044,copertura_del_fabbisogno_lordo_sociale_e_di_investimento
historical,2024,0,10,332,Fabricated metal products,239632.1840354865,377502.0,199102.10482291118,47033.759564030806,246135.86438694198,0.9735768683379223,0.4695156872184313,0.967334949285242,0.4679139921761044,copertura_del_fabbisogno_lordo_sociale_e_di_investimento
historical,2024,0,11,333,Machinery,190972.1121876128,391132.0,175177.36296625543,21516.926666727664,196694.2896329831,0.9709082685824411,0.4688320981242874,0.967334949285242,0.4679139921761044,copertura_del_fabbisogno_lordo_sociale_e_di_investimento
historical,2024,0,12,334,Computer and electronic products,281248.15455859574,367248.0,258801.88869812677,30900.042679868435,289701.9313779952,0.9708190526062832,0.4688092141051309,0.967334949285242,0.4679139921761044,copertura_del_fabbisogno_lordo_sociale_e_di_investimento
historical,2024,0,13,335,"Electrical equipment, appliances, and components",99845.3515651068,131501.0,81119.34926665654,21375.76995619376,102495.1192228503,0.9741473771840565,0.46966160066532836,0.967334949285242,0.4679139921761044,copertura_del_fabbisogno_lordo_sociale_e_di_investimento
historical,2024,0,14,3361MV,"Motor vehicles, bodies and trailers, and parts",462710.1787603553,650219.0,467231.5102569564,10740.809481475302,477972.3197384317,0.9680689856968525,0.4681028497560752,0.967334949285242,0.4679139921761044,copertura_del_fabbisogno_lordo_sociale_e_di_investimento
historical,2024,0,15,3364OT,Other transportation equipment,214578.83576498565,328510.0,220613.598619503,1171.5915327539904,221785.19015225698,0.9675075040748928,0.4679584002321696,0.967334949285242,0.4679139921761044,copertura_del_fabbisogno_lordo_sociale_e_di_investimento
historical,2024,0,16,337,Furniture and related products,44973.762016483925,74187.0,41606.333494442966,4726.501515692069,46332.83501013504,0.9706671738659242,0.4687702524658726,0.967334949285242,0.4679139921761044,copertura_del_fabbisogno_lordo_sociale_e_di_investimento
historical,2024,0,17,339,Miscellaneous manufacturing,127005.84810699194,166814.0,129111.69687255872,2111.5913606438044,131223.28823320253,0.9678605818906504,0.468049243922302,0.967334949285242,0.4679139921761044,copertura_del_fabbisogno_lordo_sociale_e_di_investimento
historical,2024,0,18,311FT,Food and beverage and tobacco products,942010.2562271063,977827.0,967785.9437233623,5837.089436497625,973623.03315986,0.9675307836235597,0.4679643908023767,0.967334949285242,0.4679139921761044,copertura_del_fabbisogno_lordo_sociale_e_di_investimento
historical,2024,0,19,313TT,Textile mills and textile product mills,30493.621333095198,49895.0,29682.274225621626,1780.920100382858,31463.194326004483,0.9691838984032232,0.4683894453031152,0.967334949285242,0.4679139921761044,copertura_del_fabbisogno_lordo_sociale_e_di_investimento
historical,2024,0,20,315AL,Apparel and leather and allied products,16722.976565252367,17331.0,17195.989822936244,88.6946219727981,17284.684444909042,0.9675025667117622,0.46795712967385406,0.967334949285242,0.4679139921761044,copertura_del_fabbisogno_lordo_sociale_e_di_investimento
historical,2024,0,21,322,Paper products,153116.50477990974,190943.0,147046.35826062455,10873.42326928896,157919.7815299135,0.9695840717136889,0.46849223714349464,0.967334949285242,0.4679139921761044,copertura_del_fabbisogno_lordo_sociale_e_di_investimento
historical,2024,0,22,323,Printing and related support activities,59684.44333774664,81156.0,57182.031432650125,4370.265861816925,61552.29729446705,0.9696541958818439,0.46851024572667366,0.967334949285242,0.4679139921761044,copertura_del_fabbisogno_lordo_sociale_e_di_investimento
historical,2024,0,23,324,Petroleum and coal products,450678.4149980848,597698.0,446181.54593172134,19071.41189221225,465252.95782393357,0.9686739383796368,0.46825839510425,0.967334949285242,0.4679139921761044,copertura_del_fabbisogno_lordo_sociale_e_di_investimento
historical,2024,0,24,325,Chemical products,705759.1563474692,805728.0,685936.4579741901,42228.84756010748,728165.3055342976,0.9692293095859769,0.4684011119965751,0.967334949285242,0.4679139921761044,copertura_del_fabbisogno_lordo_sociale_e_di_investimento
historical,2024,0,25,326,Plastics and rubber products,184819.95108506287,250297.0,170975.12644761795,19429.735813818515,190404.86226143647,0.9706682323652785,0.4687705240237861,0.967334949285242,0.4679139921761044,copertura_del_fabbisogno_lordo_sociale_e_di_investimento
historical,2024,0,26,42,Wholesale trade,2063053.5626949107,2232753.0,2045483.9807120645,84385.41994903071,2129869.400661095,0.9686291385070628,0.46824687928650466,0.967334949285242,0.4679139921761044,copertura_del_fabbisogno_lordo_sociale_e_di_investimento
historical,2024,0,27,441,Motor vehicle and parts dealers,77096.44559060133,371276.0,77881.79684566887,1758.6615886527202,79640.45843432158,0.9680562757455965,0.4680995807991652,0.967334949285242,0.4679139921761044,copertura_del_fabbisogno_lordo_sociale_e_di_investimento
historical,2024,0,28,445,Food and beverage stores,22652.475126412348,263473.0,23283.517415859238,129.51498776010237,23413.03240361934,0.9675156441038615,0.4679604949365299,0.967334949285242,0.4679139921761044,copertura_del_fabbisogno_lordo_sociale_e_di_investimento
historical,2024,0,29,452,General merchandise stores,16634.358340886265,244474.0,16613.80848616912,563.2407514831368,17177.049237652256,0.9684060463902957,0.4681895259783839,0.967334949285242,0.4679139921761044,copertura_del_fabbisogno_lordo_sociale_e_di_investimento
historical,2024,0,30,4A0,Other retail,1226099.420173576,1108702.0,1242786.0995838013,23908.991560275965,1266695.0911440772,0.9679515052562214,0.4680726326492318,0.967334949285242,0.4679139921761044,copertura_del_fabbisogno_lordo_sociale_e_di_investimento
historical,2024,0,31,481,Air transportation,266135.57134301495,272267.0,263323.6532261871,11413.39860385657,274737.05183004367,0.9686919531612732,0.4682630256674832,0.967334949285242,0.4679139921761044,copertura_del_fabbisogno_lordo_sociale_e_di_investimento
historical,2024,0,32,482,Rail transportation,69407.85946711418,84848.0,68059.62774812084,3571.4029110132496,71631.03065913409,0.9689635738650868,0.46833283393913966,0.967334949285242,0.4679139921761044,copertura_del_fabbisogno_lordo_sociale_e_di_investimento
historical,2024,0,33,483,Water transportation,54084.771031477605,60883.0,55079.6999534679,804.2522703433939,55883.95222381129,0.9678050474109617,0.468034957465029,0.967334949285242,0.4679139921761044,copertura_del_fabbisogno_lordo_sociale_e_di_investimento
historical,2024,0,34,484,Truck transportation,361660.0303087176,409425.0,354799.444667099,18450.127495237386,373249.5721623364,0.9689496178482473,0.4683292475995506,0.967334949285242,0.4679139921761044,copertura_del_fabbisogno_lordo_sociale_e_di_investimento
historical,2024,0,35,485,Transit and ground passenger transportation,136444.5002841603,109551.0,127777.79300259556,12840.575370214376,140618.36837280993,0.9703177604963827,0.4686805953225932,0.967334949285242,0.4679139921761044,copertura_del_fabbisogno_lordo_sociale_e_di_investimento
historical,2024,0,36,486,Pipeline transportation,51302.579989542246,61593.0,51364.609110295125,1615.798440778638,52980.40755107376,0.9683311692173363,0.4681702735175413,0.967334949285242,0.4679139921761044,copertura_del_fabbisogno_lordo_sociale_e_di_investimento
historical,2024,0,37,487OS,Other transportation and support activities,267722.09230987856,264513.0,260960.49769334382,15285.882508236282,276246.3802015801,0.9691424449236898,0.4683787949453774,0.967334949285242,0.4679139921761044,copertura_del_fabbisogno_lordo_sociale_e_di_investimento
historical,2024,0,38,493,Warehousing and storage,111928.05218472383,134932.0,109238.00546983677,6258.311703538286,115496.31717337506,0.9691049457161928,0.4683691601639617,0.967334949285242,0.4679139921761044,copertura_del_fabbisogno_lordo_sociale_e_di_investimento
historical,2024,0,39,511,"Publishing industries, except internet (includes software)",342091.7178327958,418461.0,333498.83733993565,19486.636927881988,352985.4742678176,0.9691382302412918,0.46837771207208134,0.967334949285242,0.4679139921761044,copertura_del_fabbisogno_lordo_sociale_e_di_investimento
historical,2024,0,40,512,Motion picture and sound recording industries,128823.58785159532,166843.0,128332.45183125307,4683.122067759365,133015.57389901244,0.9684849982258488,0.4682098246090853,0.967334949285242,0.4679139921761044,copertura_del_fabbisogno_lordo_sociale_e_di_investimento
historical,2024,0,41,513,Broadcasting and telecommunications,767463.5350003726,893988.0,756109.4428204254,36052.44547558381,792161.8882960092,0.968821583491268,0.4682963437844263,0.967334949285242,0.4679139921761044,copertura_del_fabbisogno_lordo_sociale_e_di_investimento
historical,2024,0,42,514,"Data processing, internet publishing, and other information services",585650.2634359939,481772.0,538662.6912008121,64583.016361404414,603245.7075622166,0.9708320442140769,0.46881254659284904,0.967334949285242,0.4679139921761044,copertura_del_fabbisogno_lordo_sociale_e_di_investimento
historical,2024,0,43,521CI,"Federal Reserve banks, credit intermediation, and related activities",1032026.6005752254,1119901.0,1020464.4401329624,44895.68313181335,1065360.1232647758,0.9687114976789253,0.4682680493465669,0.967334949285242,0.4679139921761044,copertura_del_fabbisogno_lordo_sociale_e_di_investimento
historical,2024,0,44,523,"Securities, commodity contracts, and investments",712665.7548415993,607994.0,718779.9956781168,17364.744175061693,736144.7398531785,0.9681054774414851,0.46811223508733085,0.967334949285242,0.4679139921761044,copertura_del_fabbisogno_lordo_sociale_e_di_investimento
historical,2024,0,45,524,Insurance carriers and related activities,1209235.9816883476,1132639.0,1203577.584429979,44973.320092919836,1248550.9045228988,0.9685115579251657,0.468216652797743,0.967334949285242,0.4679139921761044,copertura_del_fabbisogno_lordo_sociale_e_di_investimento
historical,2024,0,46,525,"Funds, trusts, and other financial vehicles",169476.68662582585,147388.0,175025.24743332312,168.64777627527758,175193.8952095984,0.9673663938065159,0.46792208517299294,0.967334949285242,0.4679139921761044,copertura_del_fabbisogno_lordo_sociale_e_di_investimento
historical,2024,0,47,HS,Housing,2362136.2268202463,2218948.0,2441901.0484068776,0.0,2441901.0484068776,0.9673349492852421,0.46791399217610447,0.967334949285242,0.4679139921761044,copertura_del_fabbisogno_lordo_sociale_e_di_investimento
historical,2024,0,48,ORE,Other real estate,1322095.7746268006,1435813.0,1250184.783660205,112748.34032767481,1362933.1239878798,0.9700371583591783,0.4686085727698151,0.967334949285242,0.4679139921761044,copertura_del_fabbisogno_lordo_sociale_e_di_investimento
historical,2024,0,49,532RL,Rental and leasing services and lessors of intangible assets,492185.47092135577,403077.0,466219.7857296221,41194.778136815374,507414.5638664375,0.9699868824634479,0.4685956663208835,0.967334949285242,0.4679139921761044,copertura_del_fabbisogno_lordo_sociale_e_di_investimento
historical,2024,0,50,5411,Legal services,334102.8066699954,370979.0,314888.59490978875,29500.06368243378,344388.65859222255,0.970133012032762,0.46863317786529196,0.967334949285242,0.4679139921761044,copertura_del_fabbisogno_lordo_sociale_e_di_investimento
historical,2024,0,51,5415,Computer systems design and related services,2475885.911888988,531833.0,322325.1064458963,2164089.571391787,2486414.6778376834,0.9957654827078758,0.47513211326549615,0.967334949285242,0.4679139921761044,copertura_del_fabbisogno_lordo_sociale_e_di_investimento
historical,2024,0,52,5412OP,"Miscellaneous professional, scientific, and technical services",1839824.536778885,1573028.0,1267813.3381922268,613424.3855755539,1881237.7237677807,0.9779862021340118,0.4706413358903238,0.967334949285242,0.4679139921761044,copertura_del_fabbisogno_lordo_sociale_e_di_investimento
historical,2024,0,53,55,Management of companies and enterprises,663078.5918350468,631717.0,631561.5418733644,52147.039756466664,683708.581629831,0.9698263407114092,0.4685544490549266,0.967334949285242,0.4679139921761044,copertura_del_fabbisogno_lordo_sociale_e_di_investimento
historical,2024,0,54,561,Administrative and support services,1084851.3192225741,1085165.0,951750.8522675807,164189.45681212796,1115940.3090797085,0.9721409921263864,0.4691480916695713,0.967334949285242,0.4679139921761044,copertura_del_fabbisogno_lordo_sociale_e_di_investimento
historical,2024,0,55,562,Waste management and remediation services,111862.14698462782,128247.0,108976.08119534311,6445.775008226172,115421.85620356929,0.9691591407725828,0.4683830845464685,0.967334949285242,0.4679139921761044,copertura_del_fabbisogno_lordo_sociale_e_di_investimento
historical,2024,0,56,61,Educational services,354448.2864907775,383160.0,365984.2032819498,418.97576983289053,366403.1790517827,0.9673723012121692,0.4679236055571445,0.967334949285242,0.4679139921761044,copertura_del_fabbisogno_lordo_sociale_e_di_investimento
historical,2024,0,57,621,Ambulatory health care services,1315861.603985944,1162296.0,1360170.326083687,121.31058448970714,1360291.6366681766,0.9673378623490937,0.46791474193285376,0.967334949285242,0.4679139921761044,copertura_del_fabbisogno_lordo_sociale_e_di_investimento
historical,2024,0,58,622,Hospitals,964011.5257798834,931191.0,996564.022203522,0.31790214260532496,996564.3401056647,0.9673349597053315,0.46791399485800356,0.967334949285242,0.4679139921761044,copertura_del_fabbisogno_lordo_sociale_e_di_investimento
historical,2024,0,59,623,Nursing and residential care facilities,261425.6363211727,261253.0,270166.7050907035,83.94035369610009,270250.6454443996,0.967345095110818,0.4679166034729989,0.967334949285242,0.4679139921761044,copertura_del_fabbisogno_lordo_sociale_e_di_investimento
historical,2024,0,60,624,Social assistance,268832.9963162945,247852.0,277910.2242472572,0.7236382236358847,277910.9478854809,0.9673350343401111,0.46791401406733396,0.967334949285242,0.4679139921761044,copertura_del_fabbisogno_lordo_sociale_e_di_investimento
historical,2024,0,61,711AS,"Performing arts, spectator sports, museums, and related activities",224124.8096559837,224384.0,221316.52227063285,10037.602809334929,231354.12507996778,0.9687521654455685,0.4682785021940597,0.967334949285242,0.4679139921761044,copertura_del_fabbisogno_lordo_sociale_e_di_investimento
historical,2024,0,62,713,"Amusements, gambling, and recreation industries",190191.114832036,172324.0,192711.3771778568,3774.664563004741,196486.04174086155,0.9679624727891475,0.46807545375019116,0.967334949285242,0.4679139921761044,copertura_del_fabbisogno_lordo_sociale_e_di_investimento
historical,2024,0,63,721,Accommodation,312143.8589697936,306476.0,301003.796941124,20972.366321086134,321976.16326221015,0.9694626329079854,0.46846104756465573,0.967334949285242,0.4679139921761044,copertura_del_fabbisogno_lordo_sociale_e_di_investimento
historical,2024,0,64,722,Food services and drinking places,994643.4742669713,909020.0,993599.411591563,33500.037845200444,1027099.4494367634,0.9684003577379092,0.46818806335780816,0.967334949285242,0.4679139921761044,copertura_del_fabbisogno_lordo_sociale_e_di_investimento
historical,2024,0,65,81,"Other services, except government",773262.8932536863,776759.0,778514.2007456926,20178.898357511076,798693.0991032036,0.9681602284055401,0.46812631589572185,0.967334949285242,0.4679139921761044,copertura_del_fabbisogno_lordo_sociale_e_di_investimento
historical,2024,0,66,GFGD,Federal general government (defense),662739.2159930978,702344.0,685118.6514896333,0.0,685118.6514896333,0.967334949285242,0.4679139921761044,0.967334949285242,0.4679139921761044,copertura_del_fabbisogno_lordo_sociale_e_di_investimento
historical,2024,0,67,GFGN,Federal general government (nondefense),478688.3321201785,440949.0,482637.07164022716,11816.624901901636,494453.6965421288,0.9681155899284352,0.4681148358646316,0.967334949285242,0.4679139921761044,copertura_del_fabbisogno_lordo_sociale_e_di_investimento
historical,2024,0,68,GFE,Federal government enterprises,81478.37777368323,98900.0,79739.67389201284,4343.404373331251,84083.0782653441,0.9690222985956685,0.46834792416369037,0.967334949285242,0.4679139921761044,copertura_del_fabbisogno_lordo_sociale_e_di_investimento
historical,2024,0,69,GSLG,State and local general government,2483744.0217545624,2503853.0,2564388.1245869184,3121.765309598891,2567509.889896517,0.9673746658302722,0.46792421413453267,0.967334949285242,0.4679139921761044,copertura_del_fabbisogno_lordo_sociale_e_di_investimento
historical,2024,0,70,GSLE,State and local government enterprises,335381.9097469128,382401.0,334309.0873983062,11993.04564287668,346302.1330411829,0.9684661968484859,0.4682049908884373,0.967334949285242,0.4679139921761044,copertura_del_fabbisogno_lordo_sociale_e_di_investimento
historical,2025,0,0,111CA,Farms,381517.2973741974,388056.0,392330.4887308921,1992.5150698786565,394323.00380077073,0.9675248303975608,0.4679628588603296,0.9673598998946089,0.46792041383018185,copertura_del_fabbisogno_lordo_sociale_e_di_investimento
historical,2025,0,1,113FF,"Forestry, fishing, and related activities",50761.47327503101,50994.0,51737.228862550706,712.9527417294789,52450.18160428019,0.9678035751717707,0.46803457871542564,0.9673598998946089,0.46792041383018185,copertura_del_fabbisogno_lordo_sociale_e_di_investimento
historical,2025,0,2,211,Oil and gas extraction,336080.5408322297,316004.0,341020.384308909,6191.096005142422,347211.48031405144,0.9679419025207524,0.4680701625809039,0.9673598998946089,0.46792041383018185,copertura_del_fabbisogno_lordo_sociale_e_di_investimento
historical,2025,0,3,212,"Mining, except oil and gas",71226.83414887641,106096.0,71996.24171896405,1580.556966831281,73576.79868579534,0.9680610657314096,0.46810081277219734,0.9673598998946089,0.46792041383018185,copertura_del_fabbisogno_lordo_sociale_e_di_investimento
historical,2025,0,4,213,Support activities for mining,62377.08629865073,135631.0,28089.08475446823,35204.832082437155,63293.91683690538,0.9855147131972077,0.4725522706509032,0.9673598998946089,0.46792041383018185,copertura_del_fabbisogno_lordo_sociale_e_di_investimento
historical,2025,0,5,22,Utilities,460052.2268821242,517969.0,466178.9478833582,9089.406524704696,475268.35440806294,0.9679841348896665,0.46808102565124926,0.9673598998946089,0.46792041383018185,copertura_del_fabbisogno_lordo_sociale_e_di_investimento
historical,2025,0,6,23,Construction,260233.07791796012,1732164.0,262889.2073928778,5924.600571012785,268813.80796389055,0.9680792809308253,0.4681054976263293,0.9673598998946089,0.46792041383018185,copertura_del_fabbisogno_lordo_sociale_e_di_investimento
historical,2025,0,7,321,Wood products,63442.06648806012,112381.0,63464.36597160036,2049.1837748979656,65513.54974649833,0.9683808423379023,0.46818304565388263,0.9673598998946089,0.46792041383018185,copertura_del_fabbisogno_lordo_sociale_e_di_investimento
historical,2025,0,8,327,Nonmetallic mineral products,54071.63139137007,135072.0,53385.38100271684,2428.754568746357,55814.13557146319,0.968780235288925,0.4682857167540686,0.9673598998946089,0.46792041383018185,copertura_del_fabbisogno_lordo_sociale_e_di_investimento
historical,2025,0,9,331,Primary metals,209734.68264090133,235954.0,206114.15352757755,10348.115717601855,216462.2692451794,0.968920280528622,0.46832170850055993,0.9673598998946089,0.46792041383018185,copertura_del_fabbisogno_lordo_sociale_e_di_investimento
historical,2025,0,10,332,Fabricated metal products,206396.53910398262,377502.0,199102.10482291118,13793.146913685345,212895.25173659652,0.9694746003980662,0.4684641213821065,0.9673598998946089,0.46792041383018185,copertura_del_fabbisogno_lordo_sociale_e_di_investimento
historical,2025,0,11,333,Machinery,178601.4829025306,391132.0,175177.36296625543,9141.926599692164,184319.2895659476,0.9689787939347975,0.4683367450528515,0.9673598998946089,0.46792041383018185,copertura_del_fabbisogno_lordo_sociale_e_di_investimento
historical,2025,0,12,334,Computer and electronic products,274757.2038085534,367248.0,258801.88869812677,24402.63466499778,283204.5233631246,0.9701723706448713,0.4686432803383694,0.9673598998946089,0.46792041383018185,copertura_del_fabbisogno_lordo_sociale_e_di_investimento
historical,2025,0,13,335,"Electrical equipment, appliances, and components",87952.91150217768,131501.0,81119.34926665654,9481.305916068985,90600.65518272553,0.9707756674032012,0.46879808502896664,0.9673598998946089,0.46792041383018185,copertura_del_fabbisogno_lordo_sociale_e_di_investimento
historical,2025,0,14,3361MV,"Motor vehicles, bodies and trailers, and parts",458087.53168052767,650219.0,467231.5102569564,6106.50469075139,473338.01494770776,0.9677809878235432,0.46802876780591135,0.9673598998946089,0.46792041383018185,copertura_del_fabbisogno_lordo_sociale_e_di_investimento
historical,2025,0,15,3364OT,Other transportation equipment,214074.16272269058,328510.0,220613.598619503,661.4140467387322,221275.01266624173,0.967457464551533,0.4679455230105017,0.9673598998946089,0.46792041383018185,copertura_del_fabbisogno_lordo_sociale_e_di_investimento
historical,2025,0,16,337,Furniture and related products,40493.24320850853,74187.0,41606.333494442966,244.9446043424702,41851.278098785435,0.9675509338789747,0.46796957599672406,0.9673598998946089,0.46792041383018185,copertura_del_fabbisogno_lordo_sociale_e_di_investimento
historical,2025,0,17,339,Miscellaneous manufacturing,125889.42545543371,166814.0,129111.69687255872,991.9472935722149,130103.64416613094,0.9676087573279958,0.4679844549403303,0.9673598998946089,0.46792041383018185,copertura_del_fabbisogno_lordo_sociale_e_di_investimento
historical,2025,0,18,311FT,Food and beverage and tobacco products,940389.4337253938,977827.0,967785.9437233623,4192.120085752427,971978.0638091147,0.9675006759309699,0.46795664310741586,0.9673598998946089,0.46792041383018185,copertura_del_fabbisogno_lordo_sociale_e_di_investimento
historical,2025,0,19,313TT,Textile mills and textile product mills,29301.076307660966,49895.0,29682.274225621626,587.6344841192987,30269.908709740925,0.9679935472759392,0.4680834466582485,0.9673598998946089,0.46792041383018185,copertura_del_fabbisogno_lordo_sociale_e_di_investimento
historical,2025,0,20,315AL,Apparel and leather and allied products,16686.311163369628,17331.0,17195.989822936244,51.600169665308165,17247.58999260155,0.9674575503318036,0.46794554508581687,0.9673598998946089,0.46792041383018185,copertura_del_fabbisogno_lordo_sociale_e_di_investimento
historical,2025,0,21,322,Paper products,148423.9922704927,190943.0,147046.35826062455,6177.24186362812,153223.60012425267,0.9686757924375367,0.4682588716795194,0.9673598998946089,0.46792041383018185,copertura_del_fabbisogno_lordo_sociale_e_di_investimento
historical,2025,0,22,323,Printing and related support activities,58512.76591783423,81156.0,57182.031432650125,3197.1617153754273,60379.19314802555,0.9690882383006412,0.4683648673661985,0.9673598998946089,0.46792041383018185,copertura_del_fabbisogno_lordo_sociale_e_di_investimento
historical,2025,0,23,324,Petroleum and coal products,439012.42918682814,597698.0,446181.54593172134,7394.29357949634,453575.83951121767,0.9678920060202427,0.46805732755986484,0.9673598998946089,0.46792041383018185,copertura_del_fabbisogno_lordo_sociale_e_di_investimento
historical,2025,0,24,325,Chemical products,681854.828902734,805728.0,685936.4579741901,18307.405582758885,704243.863556949,0.9682084064728177,0.4681387056752313,0.9673598998946089,0.46792041383018185,copertura_del_fabbisogno_lordo_sociale_e_di_investimento
historical,2025,0,25,326,Plastics and rubber products,173629.82032455612,250297.0,170975.12644761795,8235.339119720296,179210.46556733825,0.9688598250938352,0.4683061719997833,0.9673598998946089,0.46792041383018185,copertura_del_fabbisogno_lordo_sociale_e_di_investimento
historical,2025,0,26,42,Wholesale trade,2013775.4129667375,2232753.0,2045483.9807120645,35056.2341490886,2080540.2148611532,0.9679098719565624,0.46806192333748575,0.9673598998946089,0.46792041383018185,copertura_del_fabbisogno_lordo_sociale_e_di_investimento
historical,2025,0,27,441,Motor vehicle and parts dealers,76121.77142535715,371276.0,77881.79684566887,782.0442251186479,78663.84107078752,0.9676843946236642,0.4680039164293208,0.9673598998946089,0.46792041383018185,copertura_del_fabbisogno_lordo_sociale_e_di_investimento
historical,2025,0,28,445,Food and beverage stores,22587.83318888054,263473.0,23283.517415859238,64.29211228056445,23347.809528139802,0.9674497798886313,0.4679435453763455,0.9673598998946089,0.46792041383018185,copertura_del_fabbisogno_lordo_sociale_e_di_investimento
historical,2025,0,29,452,General merchandise stores,16197.26257139415,244474.0,16613.80848616912,125.73045734538628,16739.538943514508,0.967605059258191,0.4679835033898327,0.9673598998946089,0.46792041383018185,copertura_del_fabbisogno_lordo_sociale_e_di_investimento
historical,2025,0,30,4A0,Other retail,1203918.1704257976,1108702.0,1242786.0995838013,1696.7335419999222,1244482.8331258013,0.9674044015552096,0.4679318670442403,0.9673598998946089,0.46792041383018185,copertura_del_fabbisogno_lordo_sociale_e_di_investimento
historical,2025,0,31,481,Air transportation,265098.7265526388,272267.0,263323.6532261871,10369.983727871755,273693.63695405883,0.9685966013054854,0.4682385152785259,0.9673598998946089,0.46792041383018185,copertura_del_fabbisogno_lordo_sociale_e_di_investimento
historical,2025,0,32,482,Rail transportation,67069.23766403645,84848.0,68059.62774812084,1231.0829787499345,69290.71072687078,0.9679398141607913,0.4680696253984546,0.9673598998946089,0.46792041383018185,copertura_del_fabbisogno_lordo_sociale_e_di_investimento
historical,2025,0,33,483,Water transportation,53541.5768114332,60883.0,55079.6999534679,259.6837782213976,55339.3837316893,0.9675130657585078,0.46795983144297887,0.9673598998946089,0.46792041383018185,copertura_del_fabbisogno_lordo_sociale_e_di_investimento
historical,2025,0,34,484,Truck transportation,349303.39883844537,409425.0,354799.444667099,6084.643562617628,360884.08822971664,0.9679102244488549,0.46806201401070247,0.9673598998946089,0.46792041383018185,copertura_del_fabbisogno_lordo_sociale_e_di_investimento
historical,2025,0,35,485,Transit and ground passenger transportation,135772.74945197857,109551.0,127777.79300259556,12165.63640423367,139943.42940682924,0.9701973863829927,0.46864970111768045,0.9673598998946089,0.46792041383018185,copertura_del_fabbisogno_lordo_sociale_e_di_investimento
historical,2025,0,36,486,Pipeline transportation,50471.907762423805,61593.0,51364.609110295125,783.8446353629956,52148.453745658124,0.9678505140073514,0.46804665397776946,0.9673598998946089,0.46792041383018185,copertura_del_fabbisogno_lordo_sociale_e_di_investimento
historical,2025,0,37,487OS,Other transportation and support activities,262323.1852509956,264513.0,260960.49769334382,9880.464325915213,270840.96201925905,0.9685506331658291,0.46822669826723234,0.9673598998946089,0.46792041383018185,copertura_del_fabbisogno_lordo_sociale_e_di_investimento
historical,2025,0,38,493,Warehousing and storage,109289.89051381234,134932.0,109238.00546983677,3617.4244778242996,112855.42994766108,0.9684061330898981,0.4681895482698265,0.9673598998946089,0.46792041383018185,copertura_del_fabbisogno_lordo_sociale_e_di_investimento
historical,2025,0,39,511,"Publishing industries, except internet (includes software)",339862.9255465955,418461.0,333498.83733993565,17249.52364246686,350748.3609824025,0.9689651138915709,0.46833322968361646,0.9673598998946089,0.46792041383018185,copertura_del_fabbisogno_lordo_sociale_e_di_investimento
historical,2025,0,40,512,Motion picture and sound recording industries,127656.50255333816,166843.0,128332.45183125307,3512.8347966274573,131845.28662788053,0.9682295500910489,0.4681441429208982,0.9673598998946089,0.46792041383018185,copertura_del_fabbisogno_lordo_sociale_e_di_investimento
historical,2025,0,41,513,Broadcasting and telecommunications,760287.3198021642,893988.0,756109.4428204254,28857.36488602907,784966.8077064544,0.9685598325152122,0.46822906318233815,0.9673598998946089,0.46792041383018185,copertura_del_fabbisogno_lordo_sociale_e_di_investimento
historical,2025,0,42,514,"Data processing, internet publishing, and other information services",576403.2148767204,481772.0,538662.6912008121,55322.52783974222,593985.2190405544,0.9703999298295106,0.4687016821476705,0.9673598998946089,0.46792041383018185,copertura_del_fabbisogno_lordo_sociale_e_di_investimento
historical,2025,0,43,521CI,"Federal Reserve banks, credit intermediation, and related activities",1018755.6247863667,1119901.0,1020464.4401329624,31599.246133336044,1052063.6862662984,0.9683402612268277,0.46817261133449123,0.9673598998946089,0.46792041383018185,copertura_del_fabbisogno_lordo_sociale_e_di_investimento
historical,2025,0,44,523,"Securities, commodity contracts, and investments",707990.994680663,607994.0,718779.9956781168,12672.05001523254,731452.0456933493,0.9679253737127123,0.4680659108964451,0.9673598998946089,0.46792041383018185,copertura_del_fabbisogno_lordo_sociale_e_di_investimento
historical,2025,0,45,524,Insurance carriers and related activities,1198509.776108189,1132639.0,1203577.584429979,34217.08451860934,1237794.6689485884,0.968262189338908,0.46815253613875707,0.9673598998946089,0.46792041383018185,copertura_del_fabbisogno_lordo_sociale_e_di_investimento
historical,2025,0,46,525,"Funds, trusts, and other financial vehicles",169439.9293171638,147388.0,175025.24743332312,127.52348103518909,175152.77091435832,0.9673836641728731,0.46792653000859796,0.9673598998946089,0.46792041383018185,copertura_del_fabbisogno_lordo_sociale_e_di_investimento
historical,2025,0,47,HS,Housing,2362197.1537394174,2218948.0,2441901.0484068776,0.0,2441901.0484068776,0.9673598998946088,0.4679204138301819,0.9673598998946089,0.46792041383018185,copertura_del_fabbisogno_lordo_sociale_e_di_investimento
historical,2025,0,48,ORE,Other real estate,1284074.356869196,1435813.0,1250184.783660205,74695.72969789681,1324880.513358102,0.9692001232733987,0.46839361373135796,0.9673598998946089,0.46792041383018185,copertura_del_fabbisogno_lordo_sociale_e_di_investimento
historical,2025,0,49,532RL,Rental and leasing services and lessors of intangible assets,477334.37973100867,403077.0,466219.7857296221,26332.054478715392,492551.8402083375,0.9691048550932381,0.468369136879517,0.9673598998946089,0.46792041383018185,copertura_del_fabbisogno_lordo_sociale_e_di_investimento
historical,2025,0,50,5411,Legal services,325669.34014584246,370979.0,314888.59490978875,21058.74049595517,335947.3354057439,0.9694059330832671,0.4684464838848323,0.9673598998946089,0.46792041383018185,copertura_del_fabbisogno_lordo_sociale_e_di_investimento
historical,2025,0,51,5415,Computer systems design and related services,2663774.1497728704,531833.0,322325.1064458963,2351969.7670678487,2674294.873513745,0.9960659821603548,0.4752073601870768,0.9673598998946089,0.46792041383018185,copertura_del_fabbisogno_lordo_sociale_e_di_investimento
historical,2025,0,52,5412OP,"Miscellaneous professional, scientific, and technical services",1534598.4799822203,1573028.0,1267813.3381922268,308166.69606353785,1575980.0342557647,0.9737423359598041,0.46955801551359094,0.9673598998946089,0.46792041383018185,copertura_del_fabbisogno_lordo_sociale_e_di_investimento
historical,2025,0,53,55,Management of companies and enterprises,645074.2827391203,631717.0,631561.5418733644,34126.97281521774,665688.5146885822,0.969033216745364,0.46835072965608315,0.9673598998946089,0.46792041383018185,copertura_del_fabbisogno_lordo_sociale_e_di_investimento
historical,2025,0,54,561,Administrative and support services,1068054.129456148,1085165.0,951750.8522675807,147368.52028197236,1099119.372549553,0.9717362427874008,0.4690443806109151,0.9673598998946089,0.46792041383018185,copertura_del_fabbisogno_lordo_sociale_e_di_investimento
historical,2025,0,55,562,Waste management and remediation services,109497.86551601504,128247.0,108976.08119534311,4078.774519981143,113054.85571532426,0.9685374840664444,0.4682233179369031,0.9673598998946089,0.46792041383018185,copertura_del_fabbisogno_lordo_sociale_e_di_investimento
historical,2025,0,56,61,Educational services,354343.18196059606,383160.0,365984.2032819498,304.73971076088304,366288.9429927107,0.9673870553271046,0.4679274027736636,0.9673598998946089,0.46792041383018185,copertura_del_fabbisogno_lordo_sociale_e_di_investimento
historical,2025,0,57,621,Ambulatory health care services,1315859.508049166,1162296.0,1360170.326083687,85.27756923310933,1360255.60365292,0.9673619461779611,0.4679209404847434,0.9673598998946089,0.46792041383018185,copertura_del_fabbisogno_lordo_sociale_e_di_investimento
historical,2025,0,58,622,Hospitals,964036.3011170332,931191.0,996564.022203522,0.2283596654071481,996564.2505631874,0.9673599073739885,0.4679204157551613,0.9673598998946089,0.46792041383018185,copertura_del_fabbisogno_lordo_sociale_e_di_investimento
historical,2025,0,59,623,Nursing and residential care facilities,261418.66171975547,261253.0,270166.7050907035,70.22492835621448,270236.93001905974,0.9673683818910971,0.46792259684566234,0.9673598998946089,0.46792041383018185,copertura_del_fabbisogno_lordo_sociale_e_di_investimento
historical,2025,0,60,624,Social assistance,268839.80590166507,247852.0,277910.2242472572,0.5991941499862188,277910.82344140724,0.9673599702688275,0.46792043194250177,0.9673598998946089,0.46792041383018185,copertura_del_fabbisogno_lordo_sociale_e_di_investimento
historical,2025,0,61,711AS,"Performing arts, spectator sports, museums, and related activities",222663.13682842787,224384.0,221316.52227063285,8570.407999685505,229886.93027031835,0.9685767545227726,0.4682334133384509,0.9673598998946089,0.46792041383018185,copertura_del_fabbisogno_lordo_sociale_e_di_investimento
historical,2025,0,62,713,"Amusements, gambling, and recreation industries",189974.7921488768,172324.0,192711.3771778568,3553.5336135529997,196264.9107914098,0.9679508750842469,0.4680724705536408,0.9673598998946089,0.46792041383018185,copertura_del_fabbisogno_lordo_sociale_e_di_investimento
historical,2025,0,63,721,Accommodation,311724.66643885756,306476.0,301003.796941124,20545.66356199459,321549.4605031186,0.9694454655626277,0.4684566381163666,0.9673598998946089,0.46792041383018185,copertura_del_fabbisogno_lordo_sociale_e_di_investimento
historical,2025,0,64,722,Food services and drinking places,992063.0698916366,909020.0,993599.411591563,30894.842559079865,1024494.2541506429,0.9683442009287857,0.46817362433871146,0.9673598998946089,0.46792041383018185,copertura_del_fabbisogno_lordo_sociale_e_di_investimento
historical,2025,0,65,81,"Other services, except government",767577.4617092273,776759.0,778514.2007456926,14474.04240934263,792988.2431550352,0.9679556643302719,0.46807370246196933,0.9673598998946089,0.46792041383018185,copertura_del_fabbisogno_lordo_sociale_e_di_investimento
historical,2025,0,66,GFGD,Federal general government (defense),662756.310120941,702344.0,685118.6514896333,0.0,685118.6514896333,0.9673598998946088,0.4679204138301819,0.9673598998946089,0.46792041383018185,copertura_del_fabbisogno_lordo_sociale_e_di_investimento
historical,2025,0,67,GFGN,Federal general government (nondefense),476856.70570914174,440949.0,482637.07164022716,9972.95640182444,492610.0280420516,0.9680207031198215,0.46809043142530576,0.9673598998946089,0.46792041383018185,copertura_del_fabbisogno_lordo_sociale_e_di_investimento
historical,2025,0,68,GFE,Federal government enterprises,80304.87889020471,98900.0,79739.67389201284,3167.9159363984,82907.58982841123,0.9686070847844788,0.4682412101887365,0.9673598998946089,0.46792041383018185,copertura_del_fabbisogno_lordo_sociale_e_di_investimento
historical,2025,0,69,GSLG,State and local general government,2482420.3183446685,2503853.0,2564388.1245869184,1734.078853343113,2566122.2034402615,0.9673819567192169,0.4679260905683732,0.9673598998946089,0.46792041383018185,copertura_del_fabbisogno_lordo_sociale_e_di_investimento
historical,2025,0,70,GSLE,State and local government enterprises,331450.7629144398,382401.0,334309.0873983062,8053.55759495623,342362.6449932624,0.968127708328,0.4681179524985394,0.9673598998946089,0.46792041383018185,copertura_del_fabbisogno_lordo_sociale_e_di_investimento
historical,2026,0,0,111CA,Farms,379639.6407317419,388056.0,392330.4887308921,0.0,392330.4887308921,0.96765265926642,0.4679957510899013,0.96765265926642,0.4679957510899013,copertura_del_fabbisogno_lordo_sociale_e_di_investimento
historical,2026,0,1,113FF,"Forestry, fishing, and related activities",50063.667091922565,50994.0,51737.228862550706,0.0,51737.228862550706,0.96765265926642,0.4679957510899013,0.96765265926642,0.4679957510899013,copertura_del_fabbisogno_lordo_sociale_e_di_investimento
historical,2026,0,2,211,Oil and gas extraction,329989.2817405723,316004.0,341020.384308909,0.0,341020.384308909,0.96765265926642,0.4679957510899013,0.96765265926642,0.4679957510899013,copertura_del_fabbisogno_lordo_sociale_e_di_investimento
historical,2026,0,3,212,"Mining, except oil and gas",69667.35475654353,106096.0,71996.24171896405,0.0,71996.24171896405,0.9676526592664199,0.46799575108990127,0.96765265926642,0.4679957510899013,copertura_del_fabbisogno_lordo_sociale_e_di_investimento
historical,2026,0,4,213,Support activities for mining,27180.477559021037,135631.0,28089.08475446823,0.0,28089.08475446823,0.96765265926642,0.4679957510899013,0.96765265926642,0.4679957510899013,copertura_del_fabbisogno_lordo_sociale_e_di_investimento
historical,2026,0,5,22,Utilities,451099.2986133534,517969.0,466178.9478833582,0.0,466178.9478833582,0.96765265926642,0.4679957510899013,0.96765265926642,0.4679957510899013,copertura_del_fabbisogno_lordo_sociale_e_di_investimento
historical,2026,0,6,23,Construction,254385.44062615957,1732164.0,262889.2073928778,0.0,262889.2073928778,0.96765265926642,0.4679957510899013,0.96765265926642,0.4679957510899013,copertura_del_fabbisogno_lordo_sociale_e_di_investimento
historical,2026,0,7,321,Wood products,61411.462501076385,112381.0,63464.36597160036,0.0,63464.36597160036,0.96765265926642,0.4679957510899013,0.96765265926642,0.4679957510899013,copertura_del_fabbisogno_lordo_sociale_e_di_investimento
historical,2026,0,8,327,Nonmetallic mineral products,51658.505893229965,135072.0,53385.38100271684,0.0,53385.38100271684,0.96765265926642,0.4679957510899013,0.96765265926642,0.4679957510899013,copertura_del_fabbisogno_lordo_sociale_e_di_investimento
historical,2026,0,9,331,Primary metals,199446.90877340757,235954.0,206114.15352757755,0.0,206114.15352757755,0.96765265926642,0.4679957510899013,0.96765265926642,0.4679957510899013,copertura_del_fabbisogno_lordo_sociale_e_di_investimento
historical,2026,0,10,332,Fabricated metal products,192661.6811974315,377502.0,199102.10482291118,0.0,199102.10482291118,0.96765265926642,0.4679957510899013,0.96765265926642,0.4679957510899013,copertura_del_fabbisogno_lordo_sociale_e_di_investimento
historical,2026,0,11,333,Machinery,169510.84111757594,391132.0,175177.36296625543,0.0,175177.36296625543,0.96765265926642,0.4679957510899013,0.96765265926642,0.4679957510899013,copertura_del_fabbisogno_lordo_sociale_e_di_investimento
historical,2026,0,12,334,Computer and electronic products,250430.3358219144,367248.0,258801.88869812677,0.0,258801.88869812677,0.96765265926642,0.4679957510899013,0.96765265926642,0.4679957510899013,copertura_del_fabbisogno_lordo_sociale_e_di_investimento
historical,2026,0,13,335,"Electrical equipment, appliances, and components",78495.35403584172,131501.0,81119.34926665654,0.0,81119.34926665654,0.96765265926642,0.4679957510899013,0.96765265926642,0.4679957510899013,copertura_del_fabbisogno_lordo_sociale_e_di_investimento
historical,2026,0,14,3361MV,"Motor vehicles, bodies and trailers, and parts",452117.8133932094,650219.0,467231.5102569564,0.0,467231.5102569564,0.96765265926642,0.4679957510899013,0.96765265926642,0.4679957510899013,copertura_del_fabbisogno_lordo_sociale_e_di_investimento
historical,2026,0,15,3364OT,Other transportation equipment,213477.33537449667,328510.0,220613.598619503,0.0,220613.598619503,0.96765265926642,0.4679957510899013,0.96765265926642,0.4679957510899013,copertura_del_fabbisogno_lordo_sociale_e_di_investimento
historical,2026,0,16,337,Furniture and related products,40260.47924822326,74187.0,41606.333494442966,0.0,41606.333494442966,0.9676526592664201,0.4679957510899013,0.96765265926642,0.4679957510899013,copertura_del_fabbisogno_lordo_sociale_e_di_investimento
historical,2026,0,17,339,Miscellaneous manufacturing,124935.27682113137,166814.0,129111.69687255872,0.0,129111.69687255872,0.96765265926642,0.4679957510899013,0.96765265926642,0.4679957510899013,copertura_del_fabbisogno_lordo_sociale_e_di_investimento
historical,2026,0,18,311FT,Food and beverage and tobacco products,936480.6420445733,977827.0,967785.9437233623,0.0,967785.9437233623,0.9676526592664199,0.46799575108990127,0.96765265926642,0.4679957510899013,copertura_del_fabbisogno_lordo_sociale_e_di_investimento
historical,2026,0,19,313TT,Textile mills and textile product mills,28722.131587497883,49895.0,29682.274225621626,0.0,29682.274225621626,0.96765265926642,0.4679957510899013,0.96765265926642,0.4679957510899013,copertura_del_fabbisogno_lordo_sociale_e_di_investimento
historical,2026,0,20,315AL,Apparel and leather and allied products,16639.74528088255,17331.0,17195.989822936244,0.0,17195.989822936244,0.96765265926642,0.4679957510899013,0.96765265926642,0.4679957510899013,copertura_del_fabbisogno_lordo_sociale_e_di_investimento
historical,2026,0,21,322,Paper products,142289.79960633605,190943.0,147046.35826062455,0.0,147046.35826062455,0.96765265926642,0.4679957510899013,0.96765265926642,0.4679957510899013,copertura_del_fabbisogno_lordo_sociale_e_di_investimento
historical,2026,0,22,323,Printing and related support activities,55332.34477805991,81156.0,57182.031432650125,0.0,57182.031432650125,0.96765265926642,0.4679957510899013,0.96765265926642,0.4679957510899013,copertura_del_fabbisogno_lordo_sociale_e_di_investimento
historical,2026,0,23,324,Petroleum and coal products,431748.75943643245,597698.0,446181.54593172134,0.0,446181.54593172134,0.96765265926642,0.4679957510899013,0.96765265926642,0.4679957510899013,copertura_del_fabbisogno_lordo_sociale_e_di_investimento
historical,2026,0,24,325,Chemical products,663748.237646514,805728.0,685936.4579741901,0.0,685936.4579741901,0.96765265926642,0.4679957510899013,0.96765265926642,0.4679957510899013,copertura_del_fabbisogno_lordo_sociale_e_di_investimento
historical,2026,0,25,326,Plastics and rubber products,165444.5357754499,250297.0,170975.12644761795,0.0,170975.12644761795,0.96765265926642,0.4679957510899013,0.96765265926642,0.4679957510899013,copertura_del_fabbisogno_lordo_sociale_e_di_investimento
historical,2026,0,26,42,Wholesale trade,1979318.0134228917,2232753.0,2045483.9807120645,0.0,2045483.9807120645,0.96765265926642,0.4679957510899013,0.96765265926642,0.4679957510899013,copertura_del_fabbisogno_lordo_sociale_e_di_investimento
historical,2026,0,27,441,Motor vehicle and parts dealers,75362.52782615856,371276.0,77881.79684566887,0.0,77881.79684566887,0.96765265926642,0.4679957510899013,0.96765265926642,0.4679957510899013,copertura_del_fabbisogno_lordo_sociale_e_di_investimento
historical,2026,0,28,445,Food and beverage stores,22530.357544532195,263473.0,23283.517415859238,0.0,23283.517415859238,0.96765265926642,0.4679957510899013,0.96765265926642,0.4679957510899013,copertura_del_fabbisogno_lordo_sociale_e_di_investimento
historical,2026,0,29,452,General merchandise stores,16076.395962184564,244474.0,16613.80848616912,0.0,16613.80848616912,0.96765265926642,0.4679957510899013,0.96765265926642,0.4679957510899013,copertura_del_fabbisogno_lordo_sociale_e_di_investimento
historical,2026,0,30,4A0,Other retail,1202585.2741616073,1108702.0,1242786.0995838013,0.0,1242786.0995838013,0.96765265926642,0.4679957510899013,0.96765265926642,0.4679957510899013,copertura_del_fabbisogno_lordo_sociale_e_di_investimento
historical,2026,0,31,481,Air transportation,254805.83329206856,272267.0,263323.6532261871,0.0,263323.6532261871,0.96765265926642,0.4679957510899013,0.96765265926642,0.4679957510899013,copertura_del_fabbisogno_lordo_sociale_e_di_investimento
historical,2026,0,32,482,Rail transportation,65858.07977915175,84848.0,68059.62774812084,0.0,68059.62774812084,0.96765265926642,0.4679957510899013,0.96765265926642,0.4679957510899013,copertura_del_fabbisogno_lordo_sociale_e_di_investimento
historical,2026,0,33,483,Water transportation,53298.01813156972,60883.0,55079.6999534679,0.0,55079.6999534679,0.96765265926642,0.4679957510899013,0.96765265926642,0.4679957510899013,copertura_del_fabbisogno_lordo_sociale_e_di_investimento
historical,2026,0,34,484,Truck transportation,343322.62613836734,409425.0,354799.444667099,0.0,354799.444667099,0.96765265926642,0.4679957510899013,0.96765265926642,0.4679957510899013,copertura_del_fabbisogno_lordo_sociale_e_di_investimento
historical,2026,0,35,485,Transit and ground passenger transportation,123644.52119415574,109551.0,127777.79300259556,0.0,127777.79300259556,0.96765265926642,0.4679957510899013,0.96765265926642,0.4679957510899013,copertura_del_fabbisogno_lordo_sociale_e_di_investimento
historical,2026,0,36,486,Pipeline transportation,49703.10059775726,61593.0,51364.609110295125,0.0,51364.609110295125,0.96765265926642,0.4679957510899013,0.96765265926642,0.4679957510899013,copertura_del_fabbisogno_lordo_sociale_e_di_investimento
historical,2026,0,37,487OS,Other transportation and support activities,252519.11955645258,264513.0,260960.49769334382,0.0,260960.49769334382,0.96765265926642,0.4679957510899013,0.96765265926642,0.4679957510899013,copertura_del_fabbisogno_lordo_sociale_e_di_investimento
historical,2026,0,38,493,Warehousing and storage,105704.44648584728,134932.0,109238.00546983677,0.0,109238.00546983677,0.9676526592664199,0.46799575108990127,0.96765265926642,0.4679957510899013,copertura_del_fabbisogno_lordo_sociale_e_di_investimento
historical,2026,0,39,511,"Publishing industries, except internet (includes software)",322711.03681424796,418461.0,333498.83733993565,0.0,333498.83733993565,0.96765265926642,0.4679957510899013,0.96765265926642,0.4679957510899013,copertura_del_fabbisogno_lordo_sociale_e_di_investimento
historical,2026,0,40,512,Motion picture and sound recording industries,124181.23828469178,166843.0,128332.45183125307,0.0,128332.45183125307,0.96765265926642,0.4679957510899013,0.96765265926642,0.4679957510899013,copertura_del_fabbisogno_lordo_sociale_e_di_investimento
historical,2026,0,41,513,Broadcasting and telecommunications,731651.3130416357,893988.0,756109.4428204254,0.0,756109.4428204254,0.9676526592664199,0.46799575108990127,0.96765265926642,0.4679957510899013,copertura_del_fabbisogno_lordo_sociale_e_di_investimento
historical,2026,0,42,514,"Data processing, internet publishing, and other information services",521238.38558807224,481772.0,538662.6912008121,0.0,538662.6912008121,0.96765265926642,0.4679957510899013,0.96765265926642,0.4679957510899013,copertura_del_fabbisogno_lordo_sociale_e_di_investimento
historical,2026,0,43,521CI,"Federal Reserve banks, credit intermediation, and related activities",987455.1291814795,1119901.0,1020464.4401329624,0.0,1020464.4401329624,0.96765265926642,0.4679957510899013,0.96765265926642,0.4679957510899013,copertura_del_fabbisogno_lordo_sociale_e_di_investimento
historical,2026,0,44,523,"Securities, commodity contracts, and investments",695529.3742454356,607994.0,718779.9956781168,0.0,718779.9956781168,0.96765265926642,0.4679957510899013,0.96765265926642,0.4679957510899013,copertura_del_fabbisogno_lordo_sociale_e_di_investimento
historical,2026,0,45,524,Insurance carriers and related activities,1164645.0502071234,1132639.0,1203577.584429979,0.0,1203577.584429979,0.96765265926642,0.4679957510899013,0.96765265926642,0.4679957510899013,copertura_del_fabbisogno_lordo_sociale_e_di_investimento
historical,2026,0,46,525,"Funds, trusts, and other financial vehicles",169363.64611761828,147388.0,175025.24743332312,0.0,175025.24743332312,0.9676526592664201,0.4679957510899013,0.96765265926642,0.4679957510899013,copertura_del_fabbisogno_lordo_sociale_e_di_investimento
historical,2026,0,47,HS,Housing,2362912.043156374,2218948.0,2441901.0484068776,0.0,2441901.0484068776,0.9676526592664199,0.46799575108990127,0.96765265926642,0.4679957510899013,copertura_del_fabbisogno_lordo_sociale_e_di_investimento
historical,2026,0,48,ORE,Other real estate,1209744.6304832115,1435813.0,1250184.783660205,0.0,1250184.783660205,0.9676526592664201,0.4679957510899013,0.96765265926642,0.4679957510899013,copertura_del_fabbisogno_lordo_sociale_e_di_investimento
historical,2026,0,49,532RL,Rental and leasing services and lessors of intangible assets,451138.81546388933,403077.0,466219.7857296221,0.0,466219.7857296221,0.9676526592664199,0.46799575108990127,0.96765265926642,0.4679957510899013,copertura_del_fabbisogno_lordo_sociale_e_di_investimento
historical,2026,0,50,5411,Legal services,304702.78623712354,370979.0,314888.59490978875,0.0,314888.59490978875,0.9676526592664199,0.46799575108990127,0.96765265926642,0.4679957510899013,copertura_del_fabbisogno_lordo_sociale_e_di_investimento
historical,2026,0,51,5415,Computer systems design and related services,311898.74640070344,531833.0,322325.1064458963,0.0,322325.1064458963,0.96765265926642,0.4679957510899013,0.96765265926642,0.4679957510899013,copertura_del_fabbisogno_lordo_sociale_e_di_investimento
historical,2026,0,52,5412OP,"Miscellaneous professional, scientific, and technical services",1226802.9481551454,1573028.0,1267813.3381922268,0.0,1267813.3381922268,0.96765265926642,0.4679957510899013,0.96765265926642,0.4679957510899013,copertura_del_fabbisogno_lordo_sociale_e_di_investimento
historical,2026,0,53,55,Management of companies and enterprises,611132.2054841615,631717.0,631561.5418733644,0.0,631561.5418733644,0.96765265926642,0.4679957510899013,0.96765265926642,0.4679957510899013,copertura_del_fabbisogno_lordo_sociale_e_di_investimento
historical,2026,0,54,561,Administrative and support services,920964.2431558061,1085165.0,951750.8522675807,0.0,951750.8522675807,0.96765265926642,0.4679957510899013,0.96765265926642,0.4679957510899013,copertura_del_fabbisogno_lordo_sociale_e_di_investimento
historical,2026,0,55,562,Waste management and remediation services,105450.99476510707,128247.0,108976.08119534311,0.0,108976.08119534311,0.96765265926642,0.4679957510899013,0.96765265926642,0.4679957510899013,copertura_del_fabbisogno_lordo_sociale_e_di_investimento
historical,2026,0,56,61,Educational services,354145.58755528077,383160.0,365984.2032819498,0.0,365984.2032819498,0.9676526592664201,0.4679957510899013,0.96765265926642,0.4679957510899013,copertura_del_fabbisogno_lordo_sociale_e_di_investimento
historical,2026,0,57,621,Ambulatory health care services,1316172.4330901532,1162296.0,1360170.326083687,0.0,1360170.326083687,0.96765265926642,0.4679957510899013,0.96765265926642,0.4679957510899013,copertura_del_fabbisogno_lordo_sociale_e_di_investimento
historical,2026,0,58,622,Hospitals,964327.8262144777,931191.0,996564.022203522,0.0,996564.022203522,0.96765265926642,0.4679957510899013,0.96765265926642,0.4679957510899013,copertura_del_fabbisogno_lordo_sociale_e_di_investimento
historical,2026,0,59,623,Nursing and residential care facilities,261427.53062626589,261253.0,270166.7050907035,0.0,270166.7050907035,0.96765265926642,0.4679957510899013,0.96765265926642,0.4679957510899013,copertura_del_fabbisogno_lordo_sociale_e_di_investimento
historical,2026,0,60,624,Social assistance,268920.56753018557,247852.0,277910.2242472572,0.0,277910.2242472572,0.96765265926642,0.4679957510899013,0.96765265926642,0.4679957510899013,copertura_del_fabbisogno_lordo_sociale_e_di_investimento
historical,2026,0,61,711AS,"Performing arts, spectator sports, museums, and related activities",214157.52131477374,224384.0,221316.52227063285,0.0,221316.52227063285,0.96765265926642,0.4679957510899013,0.96765265926642,0.4679957510899013,copertura_del_fabbisogno_lordo_sociale_e_di_investimento
historical,2026,0,62,713,"Amusements, gambling, and recreation industries",186477.67659704722,172324.0,192711.3771778568,0.0,192711.3771778568,0.96765265926642,0.4679957510899013,0.96765265926642,0.4679957510899013,copertura_del_fabbisogno_lordo_sociale_e_di_investimento
historical,2026,0,63,721,Accommodation,291267.1245593681,306476.0,301003.796941124,0.0,301003.796941124,0.9676526592664199,0.46799575108990127,0.96765265926642,0.4679957510899013,copertura_del_fabbisogno_lordo_sociale_e_di_investimento
historical,2026,0,64,722,Food services and drinking places,961459.1128721262,909020.0,993599.411591563,0.0,993599.411591563,0.9676526592664201,0.4679957510899013,0.96765265926642,0.4679957510899013,copertura_del_fabbisogno_lordo_sociale_e_di_investimento
historical,2026,0,65,81,"Other services, except government",753331.336628241,776759.0,778514.2007456926,0.0,778514.2007456926,0.9676526592664201,0.4679957510899013,0.96765265926642,0.4679957510899013,copertura_del_fabbisogno_lordo_sociale_e_di_investimento
historical,2026,0,66,GFGD,Federal general government (defense),662956.8850269673,702344.0,685118.6514896333,0.0,685118.6514896333,0.9676526592664201,0.4679957510899013,0.96765265926642,0.4679957510899013,copertura_del_fabbisogno_lordo_sociale_e_di_investimento
historical,2026,0,67,GFGN,Federal general government (nondefense),467025.04583322344,440949.0,482637.07164022716,0.0,482637.07164022716,0.96765265926642,0.4679957510899013,0.96765265926642,0.4679957510899013,copertura_del_fabbisogno_lordo_sociale_e_di_investimento
historical,2026,0,68,GFE,Federal government enterprises,77160.30749064335,98900.0,79739.67389201284,0.0,79739.67389201284,0.96765265926642,0.4679957510899013,0.96765265926642,0.4679957510899013,copertura_del_fabbisogno_lordo_sociale_e_di_investimento
historical,2026,0,69,GSLG,State and local general government,2481436.988147759,2503853.0,2564388.1245869184,0.0,2564388.1245869184,0.9676526592664199,0.46799575108990127,0.96765265926642,0.4679957510899013,copertura_del_fabbisogno_lordo_sociale_e_di_investimento
historical,2026,0,70,GSLE,State and local government enterprises,323495.077437901,382401.0,334309.0873983062,0.0,334309.0873983062,0.96765265926642,0.4679957510899013,0.96765265926642,0.4679957510899013,copertura_del_fabbisogno_lordo_sociale_e_di_investimento
