technology_mode,year,published,pollutant,value_kg,unit,index_2019_100,ratio_to_2019,signal,signal_interpretation,accounting_method
frozen,2019,1,CO2,3854501675555.499,kg,100.0,1.0,verde,pressione aggregata relativa al 2019; non pericolosita,intensita_fisica_2012_riscalata_per_rapporto_di_attivita_reale_2019
frozen,2019,1,CH4,20032740323.14924,kg,100.0,1.0,verde,pressione aggregata relativa al 2019; non pericolosita,intensita_fisica_2012_riscalata_per_rapporto_di_attivita_reale_2019
frozen,2019,1,N2O,1196694421.6930985,kg,100.0,1.0,verde,pressione aggregata relativa al 2019; non pericolosita,intensita_fisica_2012_riscalata_per_rapporto_di_attivita_reale_2019
frozen,2019,1,FGAS,,kg,,,n.d.,pressione aggregata relativa al 2019; non pericolosita,intensita_fisica_2012_riscalata_per_rapporto_di_attivita_reale_2019
frozen,2019,1,PM25,0.0,kg,,,n.d.,pressione aggregata relativa al 2019; non pericolosita,intensita_fisica_2012_riscalata_per_rapporto_di_attivita_reale_2019
frozen,2019,1,PM10,0.0,kg,,,n.d.,pressione aggregata relativa al 2019; non pericolosita,intensita_fisica_2012_riscalata_per_rapporto_di_attivita_reale_2019
frozen,2019,1,NOX,4850982241.157566,kg,100.0,1.0,verde,pressione aggregata relativa al 2019; non pericolosita,intensita_fisica_2012_riscalata_per_rapporto_di_attivita_reale_2019
frozen,2019,1,SO2,1497966990.4513464,kg,100.0,1.0,verde,pressione aggregata relativa al 2019; non pericolosita,intensita_fisica_2012_riscalata_per_rapporto_di_attivita_reale_2019
frozen,2019,1,CO,7537800562.885765,kg,100.0,1.0,verde,pressione aggregata relativa al 2019; non pericolosita,intensita_fisica_2012_riscalata_per_rapporto_di_attivita_reale_2019
frozen,2019,1,VOC,3783812548.417732,kg,100.0,1.0,verde,pressione aggregata relativa al 2019; non pericolosita,intensita_fisica_2012_riscalata_per_rapporto_di_attivita_reale_2019
frozen,2019,1,NH3_AIR,2837751452.4649563,kg,100.0,1.0,verde,pressione aggregata relativa al 2019; non pericolosita,intensita_fisica_2012_riscalata_per_rapporto_di_attivita_reale_2019
frozen,2019,1,H2S,7969206.204601945,kg,100.0,1.0,verde,pressione aggregata relativa al 2019; non pericolosita,intensita_fisica_2012_riscalata_per_rapporto_di_attivita_reale_2019
frozen,2019,1,BENZ,38321124.64979034,kg,100.0,1.0,verde,pressione aggregata relativa al 2019; non pericolosita,intensita_fisica_2012_riscalata_per_rapporto_di_attivita_reale_2019
frozen,2019,1,TXYL,133562997.8226291,kg,100.0,1.0,verde,pressione aggregata relativa al 2019; non pericolosita,intensita_fisica_2012_riscalata_per_rapporto_di_attivita_reale_2019
frozen,2019,1,MEOH,66803134.02419607,kg,100.0,1.0,verde,pressione aggregata relativa al 2019; non pericolosita,intensita_fisica_2012_riscalata_per_rapporto_di_attivita_reale_2019
frozen,2019,1,FORM,64861232.55457368,kg,100.0,1.0,verde,pressione aggregata relativa al 2019; non pericolosita,intensita_fisica_2012_riscalata_per_rapporto_di_attivita_reale_2019
frozen,2019,1,STYR,12852430.683329023,kg,100.0,1.0,verde,pressione aggregata relativa al 2019; non pericolosita,intensita_fisica_2012_riscalata_per_rapporto_di_attivita_reale_2019
frozen,2019,1,ETO,97279.66817584862,kg,100.0,1.0,verde,pressione aggregata relativa al 2019; non pericolosita,intensita_fisica_2012_riscalata_per_rapporto_di_attivita_reale_2019
frozen,2019,1,PHEN,3599734.651993934,kg,100.0,1.0,verde,pressione aggregata relativa al 2019; non pericolosita,intensita_fisica_2012_riscalata_per_rapporto_di_attivita_reale_2019
frozen,2019,1,CYAN,4496339.464795828,kg,100.0,1.0,verde,pressione aggregata relativa al 2019; non pericolosita,intensita_fisica_2012_riscalata_per_rapporto_di_attivita_reale_2019
frozen,2019,1,CL2,1064063.7206669084,kg,100.0,1.0,verde,pressione aggregata relativa al 2019; non pericolosita,intensita_fisica_2012_riscalata_per_rapporto_di_attivita_reale_2019
frozen,2019,1,HCL,15184768.708744327,kg,100.0,1.0,verde,pressione aggregata relativa al 2019; non pericolosita,intensita_fisica_2012_riscalata_per_rapporto_di_attivita_reale_2019
frozen,2019,1,H2SO4,22994241.906751838,kg,100.0,1.0,verde,pressione aggregata relativa al 2019; non pericolosita,intensita_fisica_2012_riscalata_per_rapporto_di_attivita_reale_2019
frozen,2019,1,HF,3293442.268632936,kg,100.0,1.0,verde,pressione aggregata relativa al 2019; non pericolosita,intensita_fisica_2012_riscalata_per_rapporto_di_attivita_reale_2019
frozen,2019,1,DIOX,1.8670761563943383,kg,100.0,1.0,verde,pressione aggregata relativa al 2019; non pericolosita,intensita_fisica_2012_riscalata_per_rapporto_di_attivita_reale_2019
frozen,2019,1,PFAS,1190.1696189313795,kg,100.0,1.0,verde,pressione aggregata relativa al 2019; non pericolosita,intensita_fisica_2012_riscalata_per_rapporto_di_attivita_reale_2019
frozen,2019,1,CHL_SOLV,,kg,,,n.d.,pressione aggregata relativa al 2019; non pericolosita,intensita_fisica_2012_riscalata_per_rapporto_di_attivita_reale_2019
frozen,2019,1,PB,262843997.9243844,kg,100.0,1.0,verde,pressione aggregata relativa al 2019; non pericolosita,intensita_fisica_2012_riscalata_per_rapporto_di_attivita_reale_2019
frozen,2019,1,HG,1206333.1183060354,kg,100.0,1.0,verde,pressione aggregata relativa al 2019; non pericolosita,intensita_fisica_2012_riscalata_per_rapporto_di_attivita_reale_2019
frozen,2019,1,AS,58033317.162450925,kg,100.0,1.0,verde,pressione aggregata relativa al 2019; non pericolosita,intensita_fisica_2012_riscalata_per_rapporto_di_attivita_reale_2019
frozen,2019,1,CD,58439.47735285643,kg,100.0,1.0,verde,pressione aggregata relativa al 2019; non pericolosita,intensita_fisica_2012_riscalata_per_rapporto_di_attivita_reale_2019
frozen,2019,1,CR,777488.9802005416,kg,100.0,1.0,verde,pressione aggregata relativa al 2019; non pericolosita,intensita_fisica_2012_riscalata_per_rapporto_di_attivita_reale_2019
frozen,2019,1,NI,1777541.293232463,kg,100.0,1.0,verde,pressione aggregata relativa al 2019; non pericolosita,intensita_fisica_2012_riscalata_per_rapporto_di_attivita_reale_2019
frozen,2019,1,MN,13741058.55512246,kg,100.0,1.0,verde,pressione aggregata relativa al 2019; non pericolosita,intensita_fisica_2012_riscalata_per_rapporto_di_attivita_reale_2019
frozen,2019,1,CU,3705986.8257397283,kg,100.0,1.0,verde,pressione aggregata relativa al 2019; non pericolosita,intensita_fisica_2012_riscalata_per_rapporto_di_attivita_reale_2019
frozen,2019,1,ZN,142520898.79766497,kg,100.0,1.0,verde,pressione aggregata relativa al 2019; non pericolosita,intensita_fisica_2012_riscalata_per_rapporto_di_attivita_reale_2019
frozen,2019,1,SE,290433.31334047636,kg,100.0,1.0,verde,pressione aggregata relativa al 2019; non pericolosita,intensita_fisica_2012_riscalata_per_rapporto_di_attivita_reale_2019
frozen,2019,1,COB,170424.39415403438,kg,100.0,1.0,verde,pressione aggregata relativa al 2019; non pericolosita,intensita_fisica_2012_riscalata_per_rapporto_di_attivita_reale_2019
frozen,2019,1,SB,131980.50072868826,kg,100.0,1.0,verde,pressione aggregata relativa al 2019; non pericolosita,intensita_fisica_2012_riscalata_per_rapporto_di_attivita_reale_2019
frozen,2019,1,BE,18126.00532662428,kg,100.0,1.0,verde,pressione aggregata relativa al 2019; non pericolosita,intensita_fisica_2012_riscalata_per_rapporto_di_attivita_reale_2019
frozen,2019,1,TN,1443811651.4201033,kg,100.0,1.0,verde,pressione aggregata relativa al 2019; non pericolosita,intensita_fisica_2012_riscalata_per_rapporto_di_attivita_reale_2019
frozen,2019,1,NO3,56230309.84459058,kg,100.0,1.0,verde,pressione aggregata relativa al 2019; non pericolosita,intensita_fisica_2012_riscalata_per_rapporto_di_attivita_reale_2019
frozen,2019,1,NH3_W,436892.83189168136,kg,100.0,1.0,verde,pressione aggregata relativa al 2019; non pericolosita,intensita_fisica_2012_riscalata_per_rapporto_di_attivita_reale_2019
frozen,2019,1,TP,246390072.04616004,kg,100.0,1.0,verde,pressione aggregata relativa al 2019; non pericolosita,intensita_fisica_2012_riscalata_per_rapporto_di_attivita_reale_2019
frozen,2019,1,BOD,58111818.35314246,kg,100.0,1.0,verde,pressione aggregata relativa al 2019; non pericolosita,intensita_fisica_2012_riscalata_per_rapporto_di_attivita_reale_2019
frozen,2019,1,COD,74085550.25865893,kg,100.0,1.0,verde,pressione aggregata relativa al 2019; non pericolosita,intensita_fisica_2012_riscalata_per_rapporto_di_attivita_reale_2019
frozen,2019,1,TSS,614039268.311156,kg,100.0,1.0,verde,pressione aggregata relativa al 2019; non pericolosita,intensita_fisica_2012_riscalata_per_rapporto_di_attivita_reale_2019
frozen,2019,1,OIL,20554239.429472033,kg,100.0,1.0,verde,pressione aggregata relativa al 2019; non pericolosita,intensita_fisica_2012_riscalata_per_rapporto_di_attivita_reale_2019
frozen,2019,1,TDS,4573191065.0106735,kg,100.0,1.0,verde,pressione aggregata relativa al 2019; non pericolosita,intensita_fisica_2012_riscalata_per_rapporto_di_attivita_reale_2019
frozen,2019,1,PATH,,kg,,,n.d.,pressione aggregata relativa al 2019; non pericolosita,intensita_fisica_2012_riscalata_per_rapporto_di_attivita_reale_2019
frozen,2019,1,THERM,,kg,,,n.d.,pressione aggregata relativa al 2019; non pericolosita,intensita_fisica_2012_riscalata_per_rapporto_di_attivita_reale_2019
frozen,2019,1,PEST,18688146.7343909,kg,100.0,1.0,verde,pressione aggregata relativa al 2019; non pericolosita,intensita_fisica_2012_riscalata_per_rapporto_di_attivita_reale_2019
frozen,2019,1,SILICA,,kg,,,n.d.,pressione aggregata relativa al 2019; non pericolosita,intensita_fisica_2012_riscalata_per_rapporto_di_attivita_reale_2019
frozen,2019,1,ASBEST,279.50308430344035,kg,100.0,1.0,verde,pressione aggregata relativa al 2019; non pericolosita,intensita_fisica_2012_riscalata_per_rapporto_di_attivita_reale_2019
frozen,2019,1,PHARMA,,kg,,,n.d.,pressione aggregata relativa al 2019; non pericolosita,intensita_fisica_2012_riscalata_per_rapporto_di_attivita_reale_2019
frozen,2020,1,CO2,3691654833563.038,kg,95.77515186917147,0.9577515186917147,verde,pressione aggregata relativa al 2019; non pericolosita,intensita_fisica_2012_riscalata_per_rapporto_di_attivita_reale_2019
frozen,2020,1,CH4,19342371042.018402,kg,96.55379508746955,0.9655379508746955,verde,pressione aggregata relativa al 2019; non pericolosita,intensita_fisica_2012_riscalata_per_rapporto_di_attivita_reale_2019
frozen,2020,1,N2O,1262074656.422207,kg,105.46340264848963,1.0546340264848963,arancione,pressione aggregata relativa al 2019; non pericolosita,intensita_fisica_2012_riscalata_per_rapporto_di_attivita_reale_2019
frozen,2020,1,FGAS,,kg,,,n.d.,pressione aggregata relativa al 2019; non pericolosita,intensita_fisica_2012_riscalata_per_rapporto_di_attivita_reale_2019
frozen,2020,1,PM25,0.0,kg,,,n.d.,pressione aggregata relativa al 2019; non pericolosita,intensita_fisica_2012_riscalata_per_rapporto_di_attivita_reale_2019
frozen,2020,1,PM10,0.0,kg,,,n.d.,pressione aggregata relativa al 2019; non pericolosita,intensita_fisica_2012_riscalata_per_rapporto_di_attivita_reale_2019
frozen,2020,1,NOX,4473364735.070384,kg,92.21564855704206,0.9221564855704206,verde,pressione aggregata relativa al 2019; non pericolosita,intensita_fisica_2012_riscalata_per_rapporto_di_attivita_reale_2019
frozen,2020,1,SO2,1433520501.0072029,kg,95.69773634165828,0.9569773634165828,verde,pressione aggregata relativa al 2019; non pericolosita,intensita_fisica_2012_riscalata_per_rapporto_di_attivita_reale_2019
frozen,2020,1,CO,7398084285.434932,kg,98.14645828998499,0.98146458289985,verde,pressione aggregata relativa al 2019; non pericolosita,intensita_fisica_2012_riscalata_per_rapporto_di_attivita_reale_2019
frozen,2020,1,VOC,3394276942.3105264,kg,89.70520867186995,0.8970520867186995,verde,pressione aggregata relativa al 2019; non pericolosita,intensita_fisica_2012_riscalata_per_rapporto_di_attivita_reale_2019
frozen,2020,1,NH3_AIR,3054340507.2218094,kg,107.63241807413111,1.076324180741311,arancione,pressione aggregata relativa al 2019; non pericolosita,intensita_fisica_2012_riscalata_per_rapporto_di_attivita_reale_2019
frozen,2020,1,H2S,7698961.63923685,kg,96.60888978868385,0.9660888978868386,verde,pressione aggregata relativa al 2019; non pericolosita,intensita_fisica_2012_riscalata_per_rapporto_di_attivita_reale_2019
frozen,2020,1,BENZ,33765126.05576929,kg,88.11099977973642,0.8811099977973642,verde,pressione aggregata relativa al 2019; non pericolosita,intensita_fisica_2012_riscalata_per_rapporto_di_attivita_reale_2019
frozen,2020,1,TXYL,126551737.43918665,kg,94.75059672383712,0.9475059672383712,verde,pressione aggregata relativa al 2019; non pericolosita,intensita_fisica_2012_riscalata_per_rapporto_di_attivita_reale_2019
frozen,2020,1,MEOH,66523874.719905145,kg,99.58196676193398,0.9958196676193398,verde,pressione aggregata relativa al 2019; non pericolosita,intensita_fisica_2012_riscalata_per_rapporto_di_attivita_reale_2019
frozen,2020,1,FORM,57699736.782154635,kg,88.95874239455222,0.8895874239455221,verde,pressione aggregata relativa al 2019; non pericolosita,intensita_fisica_2012_riscalata_per_rapporto_di_attivita_reale_2019
frozen,2020,1,STYR,13283984.604136547,kg,103.35776112270571,1.0335776112270572,giallo,pressione aggregata relativa al 2019; non pericolosita,intensita_fisica_2012_riscalata_per_rapporto_di_attivita_reale_2019
frozen,2020,1,ETO,94226.87306798795,kg,96.86183642984652,0.9686183642984652,verde,pressione aggregata relativa al 2019; non pericolosita,intensita_fisica_2012_riscalata_per_rapporto_di_attivita_reale_2019
frozen,2020,1,PHEN,3562474.9029647023,kg,98.96493067874897,0.9896493067874897,verde,pressione aggregata relativa al 2019; non pericolosita,intensita_fisica_2012_riscalata_per_rapporto_di_attivita_reale_2019
frozen,2020,1,CYAN,4046722.8630597126,kg,90.000385752535,0.90000385752535,verde,pressione aggregata relativa al 2019; non pericolosita,intensita_fisica_2012_riscalata_per_rapporto_di_attivita_reale_2019
frozen,2020,1,CL2,1001517.6941426757,kg,94.12196607125826,0.9412196607125826,verde,pressione aggregata relativa al 2019; non pericolosita,intensita_fisica_2012_riscalata_per_rapporto_di_attivita_reale_2019
frozen,2020,1,HCL,14398169.999082917,kg,94.81981764260632,0.9481981764260632,verde,pressione aggregata relativa al 2019; non pericolosita,intensita_fisica_2012_riscalata_per_rapporto_di_attivita_reale_2019
frozen,2020,1,H2SO4,22699031.33925105,kg,98.71615438030986,0.9871615438030986,verde,pressione aggregata relativa al 2019; non pericolosita,intensita_fisica_2012_riscalata_per_rapporto_di_attivita_reale_2019
frozen,2020,1,HF,3200008.991373187,kg,97.16305100746364,0.9716305100746363,verde,pressione aggregata relativa al 2019; non pericolosita,intensita_fisica_2012_riscalata_per_rapporto_di_attivita_reale_2019
frozen,2020,1,DIOX,1.7702480576170905,kg,94.81391809082707,0.9481391809082708,verde,pressione aggregata relativa al 2019; non pericolosita,intensita_fisica_2012_riscalata_per_rapporto_di_attivita_reale_2019
frozen,2020,1,PFAS,780.1590291594268,kg,65.55023895332752,0.6555023895332752,verde,pressione aggregata relativa al 2019; non pericolosita,intensita_fisica_2012_riscalata_per_rapporto_di_attivita_reale_2019
frozen,2020,1,CHL_SOLV,,kg,,,n.d.,pressione aggregata relativa al 2019; non pericolosita,intensita_fisica_2012_riscalata_per_rapporto_di_attivita_reale_2019
frozen,2020,1,PB,195975914.50017166,kg,74.55978300731466,0.7455978300731466,verde,pressione aggregata relativa al 2019; non pericolosita,intensita_fisica_2012_riscalata_per_rapporto_di_attivita_reale_2019
frozen,2020,1,HG,903877.1332923694,kg,74.92765634766103,0.7492765634766103,verde,pressione aggregata relativa al 2019; non pericolosita,intensita_fisica_2012_riscalata_per_rapporto_di_attivita_reale_2019
frozen,2020,1,AS,43242765.89920762,kg,74.51368974508117,0.7451368974508117,verde,pressione aggregata relativa al 2019; non pericolosita,intensita_fisica_2012_riscalata_per_rapporto_di_attivita_reale_2019
frozen,2020,1,CD,54436.6177625617,kg,93.150418567015,0.9315041856701499,verde,pressione aggregata relativa al 2019; non pericolosita,intensita_fisica_2012_riscalata_per_rapporto_di_attivita_reale_2019
frozen,2020,1,CR,710188.7845048495,kg,91.34390359097655,0.9134390359097655,verde,pressione aggregata relativa al 2019; non pericolosita,intensita_fisica_2012_riscalata_per_rapporto_di_attivita_reale_2019
frozen,2020,1,NI,1466688.9382891862,kg,82.5122287663995,0.8251222876639951,verde,pressione aggregata relativa al 2019; non pericolosita,intensita_fisica_2012_riscalata_per_rapporto_di_attivita_reale_2019
frozen,2020,1,MN,11241408.763933763,kg,81.80889935690678,0.8180889935690678,verde,pressione aggregata relativa al 2019; non pericolosita,intensita_fisica_2012_riscalata_per_rapporto_di_attivita_reale_2019
frozen,2020,1,CU,2999303.7246680893,kg,80.93131102994187,0.8093131102994187,verde,pressione aggregata relativa al 2019; non pericolosita,intensita_fisica_2012_riscalata_per_rapporto_di_attivita_reale_2019
frozen,2020,1,ZN,106810599.24861374,kg,74.94381536300254,0.7494381536300254,verde,pressione aggregata relativa al 2019; non pericolosita,intensita_fisica_2012_riscalata_per_rapporto_di_attivita_reale_2019
frozen,2020,1,SE,249432.18039194538,kg,85.8827720288185,0.8588277202881849,verde,pressione aggregata relativa al 2019; non pericolosita,intensita_fisica_2012_riscalata_per_rapporto_di_attivita_reale_2019
frozen,2020,1,COB,155180.01898986017,kg,91.05505098618927,0.9105505098618927,verde,pressione aggregata relativa al 2019; non pericolosita,intensita_fisica_2012_riscalata_per_rapporto_di_attivita_reale_2019
frozen,2020,1,SB,106712.37826917482,kg,80.85465480127476,0.8085465480127476,verde,pressione aggregata relativa al 2019; non pericolosita,intensita_fisica_2012_riscalata_per_rapporto_di_attivita_reale_2019
frozen,2020,1,BE,17833.273820949336,kg,98.38501920086625,0.9838501920086625,verde,pressione aggregata relativa al 2019; non pericolosita,intensita_fisica_2012_riscalata_per_rapporto_di_attivita_reale_2019
frozen,2020,1,TN,1556864894.8673632,kg,107.830193317533,1.07830193317533,arancione,pressione aggregata relativa al 2019; non pericolosita,intensita_fisica_2012_riscalata_per_rapporto_di_attivita_reale_2019
frozen,2020,1,NO3,54795914.3870025,kg,97.44907068527193,0.9744907068527193,verde,pressione aggregata relativa al 2019; non pericolosita,intensita_fisica_2012_riscalata_per_rapporto_di_attivita_reale_2019
frozen,2020,1,NH3_W,423592.7507365165,kg,96.95575661024753,0.9695575661024753,verde,pressione aggregata relativa al 2019; non pericolosita,intensita_fisica_2012_riscalata_per_rapporto_di_attivita_reale_2019
frozen,2020,1,TP,260652033.90543094,kg,105.78836709646279,1.057883670964628,arancione,pressione aggregata relativa al 2019; non pericolosita,intensita_fisica_2012_riscalata_per_rapporto_di_attivita_reale_2019
frozen,2020,1,BOD,56496164.46932716,kg,97.21974990698612,0.9721974990698612,verde,pressione aggregata relativa al 2019; non pericolosita,intensita_fisica_2012_riscalata_per_rapporto_di_attivita_reale_2019
frozen,2020,1,COD,69893035.53911021,kg,94.34098187175344,0.9434098187175345,verde,pressione aggregata relativa al 2019; non pericolosita,intensita_fisica_2012_riscalata_per_rapporto_di_attivita_reale_2019
frozen,2020,1,TSS,547806916.4325244,kg,89.21366184596043,0.8921366184596043,verde,pressione aggregata relativa al 2019; non pericolosita,intensita_fisica_2012_riscalata_per_rapporto_di_attivita_reale_2019
frozen,2020,1,OIL,19467062.06031987,kg,94.71069035231099,0.9471069035231099,verde,pressione aggregata relativa al 2019; non pericolosita,intensita_fisica_2012_riscalata_per_rapporto_di_attivita_reale_2019
frozen,2020,1,TDS,3752172712.3087955,kg,82.04714517651665,0.8204714517651666,verde,pressione aggregata relativa al 2019; non pericolosita,intensita_fisica_2012_riscalata_per_rapporto_di_attivita_reale_2019
frozen,2020,1,PATH,,kg,,,n.d.,pressione aggregata relativa al 2019; non pericolosita,intensita_fisica_2012_riscalata_per_rapporto_di_attivita_reale_2019
frozen,2020,1,THERM,,kg,,,n.d.,pressione aggregata relativa al 2019; non pericolosita,intensita_fisica_2012_riscalata_per_rapporto_di_attivita_reale_2019
frozen,2020,1,PEST,20163179.030350037,kg,107.89287625425537,1.0789287625425537,arancione,pressione aggregata relativa al 2019; non pericolosita,intensita_fisica_2012_riscalata_per_rapporto_di_attivita_reale_2019
frozen,2020,1,SILICA,,kg,,,n.d.,pressione aggregata relativa al 2019; non pericolosita,intensita_fisica_2012_riscalata_per_rapporto_di_attivita_reale_2019
frozen,2020,1,ASBEST,291.02767044245434,kg,104.1232411326461,1.041232411326461,giallo,pressione aggregata relativa al 2019; non pericolosita,intensita_fisica_2012_riscalata_per_rapporto_di_attivita_reale_2019
frozen,2020,1,PHARMA,,kg,,,n.d.,pressione aggregata relativa al 2019; non pericolosita,intensita_fisica_2012_riscalata_per_rapporto_di_attivita_reale_2019
frozen,2021,1,CO2,3854462002667.054,kg,99.99897073884553,0.9999897073884553,verde,pressione aggregata relativa al 2019; non pericolosita,intensita_fisica_2012_riscalata_per_rapporto_di_attivita_reale_2019
frozen,2021,1,CH4,20315179371.83642,kg,101.40988723525159,1.014098872352516,verde,pressione aggregata relativa al 2019; non pericolosita,intensita_fisica_2012_riscalata_per_rapporto_di_attivita_reale_2019
frozen,2021,1,N2O,1282167450.826224,kg,107.14242730505899,1.0714242730505898,arancione,pressione aggregata relativa al 2019; non pericolosita,intensita_fisica_2012_riscalata_per_rapporto_di_attivita_reale_2019
frozen,2021,1,FGAS,,kg,,,n.d.,pressione aggregata relativa al 2019; non pericolosita,intensita_fisica_2012_riscalata_per_rapporto_di_attivita_reale_2019
frozen,2021,1,PM25,0.0,kg,,,n.d.,pressione aggregata relativa al 2019; non pericolosita,intensita_fisica_2012_riscalata_per_rapporto_di_attivita_reale_2019
frozen,2021,1,PM10,0.0,kg,,,n.d.,pressione aggregata relativa al 2019; non pericolosita,intensita_fisica_2012_riscalata_per_rapporto_di_attivita_reale_2019
frozen,2021,1,NOX,4756242290.610516,kg,98.04699448818343,0.9804699448818343,verde,pressione aggregata relativa al 2019; non pericolosita,intensita_fisica_2012_riscalata_per_rapporto_di_attivita_reale_2019
frozen,2021,1,SO2,1478803182.8084757,kg,98.72067890914629,0.9872067890914629,verde,pressione aggregata relativa al 2019; non pericolosita,intensita_fisica_2012_riscalata_per_rapporto_di_attivita_reale_2019
frozen,2021,1,CO,7975276941.902689,kg,105.80376696580362,1.0580376696580363,arancione,pressione aggregata relativa al 2019; non pericolosita,intensita_fisica_2012_riscalata_per_rapporto_di_attivita_reale_2019
frozen,2021,1,VOC,3787728588.475123,kg,100.10349455759982,1.0010349455759981,verde,pressione aggregata relativa al 2019; non pericolosita,intensita_fisica_2012_riscalata_per_rapporto_di_attivita_reale_2019
frozen,2021,1,NH3_AIR,3095647008.246323,kg,109.08802480066923,1.0908802480066924,arancione,pressione aggregata relativa al 2019; non pericolosita,intensita_fisica_2012_riscalata_per_rapporto_di_attivita_reale_2019
frozen,2021,1,H2S,8025932.888920163,kg,100.7118235224665,1.007118235224665,verde,pressione aggregata relativa al 2019; non pericolosita,intensita_fisica_2012_riscalata_per_rapporto_di_attivita_reale_2019
frozen,2021,1,BENZ,38000904.51729037,kg,99.16437699721394,0.9916437699721393,verde,pressione aggregata relativa al 2019; non pericolosita,intensita_fisica_2012_riscalata_per_rapporto_di_attivita_reale_2019
frozen,2021,1,TXYL,140925706.10510758,kg,105.51253595869127,1.0551253595869128,arancione,pressione aggregata relativa al 2019; non pericolosita,intensita_fisica_2012_riscalata_per_rapporto_di_attivita_reale_2019
frozen,2021,1,MEOH,69162627.74405144,kg,103.5320105176514,1.035320105176514,giallo,pressione aggregata relativa al 2019; non pericolosita,intensita_fisica_2012_riscalata_per_rapporto_di_attivita_reale_2019
frozen,2021,1,FORM,63460883.175960325,kg,97.84100714176977,0.9784100714176976,verde,pressione aggregata relativa al 2019; non pericolosita,intensita_fisica_2012_riscalata_per_rapporto_di_attivita_reale_2019
frozen,2021,1,STYR,14365828.28427437,kg,111.77518586354552,1.1177518586354551,rosso,pressione aggregata relativa al 2019; non pericolosita,intensita_fisica_2012_riscalata_per_rapporto_di_attivita_reale_2019
frozen,2021,1,ETO,103671.48850817674,kg,106.57056140526085,1.0657056140526084,arancione,pressione aggregata relativa al 2019; non pericolosita,intensita_fisica_2012_riscalata_per_rapporto_di_attivita_reale_2019
frozen,2021,1,PHEN,3729597.8326961007,kg,103.60757648151188,1.0360757648151189,giallo,pressione aggregata relativa al 2019; non pericolosita,intensita_fisica_2012_riscalata_per_rapporto_di_attivita_reale_2019
frozen,2021,1,CYAN,4343955.709411217,kg,96.61093748419792,0.9661093748419792,verde,pressione aggregata relativa al 2019; non pericolosita,intensita_fisica_2012_riscalata_per_rapporto_di_attivita_reale_2019
frozen,2021,1,CL2,1036136.7748687266,kg,97.37544422803191,0.973754442280319,verde,pressione aggregata relativa al 2019; non pericolosita,intensita_fisica_2012_riscalata_per_rapporto_di_attivita_reale_2019
frozen,2021,1,HCL,15095584.999141268,kg,99.412676535852,0.9941267653585201,verde,pressione aggregata relativa al 2019; non pericolosita,intensita_fisica_2012_riscalata_per_rapporto_di_attivita_reale_2019
frozen,2021,1,H2SO4,23087483.1833489,kg,100.40549837204978,1.0040549837204977,verde,pressione aggregata relativa al 2019; non pericolosita,intensita_fisica_2012_riscalata_per_rapporto_di_attivita_reale_2019
frozen,2021,1,HF,3298744.2048587753,kg,100.16098464139893,1.0016098464139893,verde,pressione aggregata relativa al 2019; non pericolosita,intensita_fisica_2012_riscalata_per_rapporto_di_attivita_reale_2019
frozen,2021,1,DIOX,1.8285867105035492,kg,97.93851762505932,0.9793851762505932,verde,pressione aggregata relativa al 2019; non pericolosita,intensita_fisica_2012_riscalata_per_rapporto_di_attivita_reale_2019
frozen,2021,1,PFAS,908.293506653811,kg,76.31630754188993,0.7631630754188993,verde,pressione aggregata relativa al 2019; non pericolosita,intensita_fisica_2012_riscalata_per_rapporto_di_attivita_reale_2019
frozen,2021,1,CHL_SOLV,,kg,,,n.d.,pressione aggregata relativa al 2019; non pericolosita,intensita_fisica_2012_riscalata_per_rapporto_di_attivita_reale_2019
frozen,2021,1,PB,240973866.78653476,kg,91.67942532051225,0.9167942532051225,verde,pressione aggregata relativa al 2019; non pericolosita,intensita_fisica_2012_riscalata_per_rapporto_di_attivita_reale_2019
frozen,2021,1,HG,1107587.3250816758,kg,91.81438429187611,0.918143842918761,verde,pressione aggregata relativa al 2019; non pericolosita,intensita_fisica_2012_riscalata_per_rapporto_di_attivita_reale_2019
frozen,2021,1,AS,53184604.529635094,kg,91.64495005645985,0.9164495005645985,verde,pressione aggregata relativa al 2019; non pericolosita,intensita_fisica_2012_riscalata_per_rapporto_di_attivita_reale_2019
frozen,2021,1,CD,56603.074682123435,kg,96.85759908555507,0.9685759908555507,verde,pressione aggregata relativa al 2019; non pericolosita,intensita_fisica_2012_riscalata_per_rapporto_di_attivita_reale_2019
frozen,2021,1,CR,770930.0653766834,kg,99.15639771226515,0.9915639771226514,verde,pressione aggregata relativa al 2019; non pericolosita,intensita_fisica_2012_riscalata_per_rapporto_di_attivita_reale_2019
frozen,2021,1,NI,1683357.6068093,kg,94.70146281373357,0.9470146281373357,verde,pressione aggregata relativa al 2019; non pericolosita,intensita_fisica_2012_riscalata_per_rapporto_di_attivita_reale_2019
frozen,2021,1,MN,13035597.77121309,kg,94.86603756850754,0.9486603756850753,verde,pressione aggregata relativa al 2019; non pericolosita,intensita_fisica_2012_riscalata_per_rapporto_di_attivita_reale_2019
frozen,2021,1,CU,3548693.3318176377,kg,95.75569203782331,0.957556920378233,verde,pressione aggregata relativa al 2019; non pericolosita,intensita_fisica_2012_riscalata_per_rapporto_di_attivita_reale_2019
frozen,2021,1,ZN,130873453.24563648,kg,91.82755255524721,0.918275525552472,verde,pressione aggregata relativa al 2019; non pericolosita,intensita_fisica_2012_riscalata_per_rapporto_di_attivita_reale_2019
frozen,2021,1,SE,277902.7818096261,kg,95.68557360492574,0.9568557360492573,verde,pressione aggregata relativa al 2019; non pericolosita,intensita_fisica_2012_riscalata_per_rapporto_di_attivita_reale_2019
frozen,2021,1,COB,166516.47798073085,kg,97.70695023285725,0.9770695023285725,verde,pressione aggregata relativa al 2019; non pericolosita,intensita_fisica_2012_riscalata_per_rapporto_di_attivita_reale_2019
frozen,2021,1,SB,124193.76302950532,kg,94.10008474267718,0.9410008474267718,verde,pressione aggregata relativa al 2019; non pericolosita,intensita_fisica_2012_riscalata_per_rapporto_di_attivita_reale_2019
frozen,2021,1,BE,18090.823086255055,kg,99.80590185352341,0.9980590185352342,verde,pressione aggregata relativa al 2019; non pericolosita,intensita_fisica_2012_riscalata_per_rapporto_di_attivita_reale_2019
frozen,2021,1,TN,1577028206.7900193,kg,109.22672671597344,1.0922672671597344,arancione,pressione aggregata relativa al 2019; non pericolosita,intensita_fisica_2012_riscalata_per_rapporto_di_attivita_reale_2019
frozen,2021,1,NO3,55800818.3134529,kg,99.23619213138836,0.9923619213138837,verde,pressione aggregata relativa al 2019; non pericolosita,intensita_fisica_2012_riscalata_per_rapporto_di_attivita_reale_2019
frozen,2021,1,NH3_W,437478.1954425254,kg,100.13398332682857,1.0013398332682857,verde,pressione aggregata relativa al 2019; non pericolosita,intensita_fisica_2012_riscalata_per_rapporto_di_attivita_reale_2019
frozen,2021,1,TP,263729062.98435906,kg,107.03721168397995,1.0703721168397995,arancione,pressione aggregata relativa al 2019; non pericolosita,intensita_fisica_2012_riscalata_per_rapporto_di_attivita_reale_2019
frozen,2021,1,BOD,58418730.37987664,kg,100.5281404633892,1.005281404633892,verde,pressione aggregata relativa al 2019; non pericolosita,intensita_fisica_2012_riscalata_per_rapporto_di_attivita_reale_2019
frozen,2021,1,COD,72901156.57778974,kg,98.4013162124948,0.984013162124948,verde,pressione aggregata relativa al 2019; non pericolosita,intensita_fisica_2012_riscalata_per_rapporto_di_attivita_reale_2019
frozen,2021,1,TSS,591589823.6517797,kg,96.34397247571462,0.9634397247571462,verde,pressione aggregata relativa al 2019; non pericolosita,intensita_fisica_2012_riscalata_per_rapporto_di_attivita_reale_2019
frozen,2021,1,OIL,20736205.189542722,kg,100.88529551626111,1.008852955162611,verde,pressione aggregata relativa al 2019; non pericolosita,intensita_fisica_2012_riscalata_per_rapporto_di_attivita_reale_2019
frozen,2021,1,TDS,4275160981.385174,kg,93.48310448024537,0.9348310448024537,verde,pressione aggregata relativa al 2019; non pericolosita,intensita_fisica_2012_riscalata_per_rapporto_di_attivita_reale_2019
frozen,2021,1,PATH,,kg,,,n.d.,pressione aggregata relativa al 2019; non pericolosita,intensita_fisica_2012_riscalata_per_rapporto_di_attivita_reale_2019
frozen,2021,1,THERM,,kg,,,n.d.,pressione aggregata relativa al 2019; non pericolosita,intensita_fisica_2012_riscalata_per_rapporto_di_attivita_reale_2019
frozen,2021,1,PEST,20434098.966643203,kg,109.3425648731627,1.093425648731627,arancione,pressione aggregata relativa al 2019; non pericolosita,intensita_fisica_2012_riscalata_per_rapporto_di_attivita_reale_2019
frozen,2021,1,SILICA,,kg,,,n.d.,pressione aggregata relativa al 2019; non pericolosita,intensita_fisica_2012_riscalata_per_rapporto_di_attivita_reale_2019
frozen,2021,1,ASBEST,317.9660567608049,kg,113.76119786056012,1.1376119786056011,rosso,pressione aggregata relativa al 2019; non pericolosita,intensita_fisica_2012_riscalata_per_rapporto_di_attivita_reale_2019
frozen,2021,1,PHARMA,,kg,,,n.d.,pressione aggregata relativa al 2019; non pericolosita,intensita_fisica_2012_riscalata_per_rapporto_di_attivita_reale_2019
frozen,2022,1,CO2,3741370206572.06,kg,97.06495213892636,0.9706495213892636,verde,pressione aggregata relativa al 2019; non pericolosita,intensita_fisica_2012_riscalata_per_rapporto_di_attivita_reale_2019
frozen,2022,1,CH4,19016910132.01807,kg,94.92915010755016,0.9492915010755016,verde,pressione aggregata relativa al 2019; non pericolosita,intensita_fisica_2012_riscalata_per_rapporto_di_attivita_reale_2019
frozen,2022,1,N2O,1194244495.404568,kg,99.79527553198882,0.9979527553198883,verde,pressione aggregata relativa al 2019; non pericolosita,intensita_fisica_2012_riscalata_per_rapporto_di_attivita_reale_2019
frozen,2022,1,FGAS,,kg,,,n.d.,pressione aggregata relativa al 2019; non pericolosita,intensita_fisica_2012_riscalata_per_rapporto_di_attivita_reale_2019
frozen,2022,1,PM25,0.0,kg,,,n.d.,pressione aggregata relativa al 2019; non pericolosita,intensita_fisica_2012_riscalata_per_rapporto_di_attivita_reale_2019
frozen,2022,1,PM10,0.0,kg,,,n.d.,pressione aggregata relativa al 2019; non pericolosita,intensita_fisica_2012_riscalata_per_rapporto_di_attivita_reale_2019
frozen,2022,1,NOX,4469199209.255657,kg,92.12977881752035,0.9212977881752035,verde,pressione aggregata relativa al 2019; non pericolosita,intensita_fisica_2012_riscalata_per_rapporto_di_attivita_reale_2019
frozen,2022,1,SO2,1419447892.4366825,kg,94.75828916690577,0.9475828916690576,verde,pressione aggregata relativa al 2019; non pericolosita,intensita_fisica_2012_riscalata_per_rapporto_di_attivita_reale_2019
frozen,2022,1,CO,7652366155.193925,kg,101.51988091688511,1.015198809168851,verde,pressione aggregata relativa al 2019; non pericolosita,intensita_fisica_2012_riscalata_per_rapporto_di_attivita_reale_2019
frozen,2022,1,VOC,3557133411.1972704,kg,94.00923977285156,0.9400923977285156,verde,pressione aggregata relativa al 2019; non pericolosita,intensita_fisica_2012_riscalata_per_rapporto_di_attivita_reale_2019
frozen,2022,1,NH3_AIR,2857575599.5103436,kg,100.698586446962,1.00698586446962,verde,pressione aggregata relativa al 2019; non pericolosita,intensita_fisica_2012_riscalata_per_rapporto_di_attivita_reale_2019
frozen,2022,1,H2S,7528828.544109254,kg,94.47400846224323,0.9447400846224323,verde,pressione aggregata relativa al 2019; non pericolosita,intensita_fisica_2012_riscalata_per_rapporto_di_attivita_reale_2019
frozen,2022,1,BENZ,35510028.710232496,kg,92.66436993890986,0.9266436993890986,verde,pressione aggregata relativa al 2019; non pericolosita,intensita_fisica_2012_riscalata_per_rapporto_di_attivita_reale_2019
frozen,2022,1,TXYL,135637247.9820436,kg,101.55301258075167,1.0155301258075167,verde,pressione aggregata relativa al 2019; non pericolosita,intensita_fisica_2012_riscalata_per_rapporto_di_attivita_reale_2019
frozen,2022,1,MEOH,65031434.95488065,kg,97.34788031251091,0.9734788031251091,verde,pressione aggregata relativa al 2019; non pericolosita,intensita_fisica_2012_riscalata_per_rapporto_di_attivita_reale_2019
frozen,2022,1,FORM,57659199.476231165,kg,88.89624388145448,0.8889624388145448,verde,pressione aggregata relativa al 2019; non pericolosita,intensita_fisica_2012_riscalata_per_rapporto_di_attivita_reale_2019
frozen,2022,1,STYR,13332242.857051836,kg,103.73324070399524,1.0373324070399523,giallo,pressione aggregata relativa al 2019; non pericolosita,intensita_fisica_2012_riscalata_per_rapporto_di_attivita_reale_2019
frozen,2022,1,ETO,97663.43235729866,kg,100.39449577557802,1.0039449577557802,verde,pressione aggregata relativa al 2019; non pericolosita,intensita_fisica_2012_riscalata_per_rapporto_di_attivita_reale_2019
frozen,2022,1,PHEN,3419947.574710049,kg,95.00554638980685,0.9500554638980685,verde,pressione aggregata relativa al 2019; non pericolosita,intensita_fisica_2012_riscalata_per_rapporto_di_attivita_reale_2019
frozen,2022,1,CYAN,4229324.146662132,kg,94.06149557380404,0.9406149557380404,verde,pressione aggregata relativa al 2019; non pericolosita,intensita_fisica_2012_riscalata_per_rapporto_di_attivita_reale_2019
frozen,2022,1,CL2,947512.027114368,kg,89.0465494416546,0.890465494416546,verde,pressione aggregata relativa al 2019; non pericolosita,intensita_fisica_2012_riscalata_per_rapporto_di_attivita_reale_2019
frozen,2022,1,HCL,13875987.701871695,kg,91.38096185739757,0.9138096185739757,verde,pressione aggregata relativa al 2019; non pericolosita,intensita_fisica_2012_riscalata_per_rapporto_di_attivita_reale_2019
frozen,2022,1,H2SO4,22587626.39892966,kg,98.23166378143225,0.9823166378143224,verde,pressione aggregata relativa al 2019; non pericolosita,intensita_fisica_2012_riscalata_per_rapporto_di_attivita_reale_2019
frozen,2022,1,HF,3106625.1095392783,kg,94.32760182642573,0.9432760182642573,verde,pressione aggregata relativa al 2019; non pericolosita,intensita_fisica_2012_riscalata_per_rapporto_di_attivita_reale_2019
frozen,2022,1,DIOX,1.6991838915929174,kg,91.00774415513659,0.9100774415513659,verde,pressione aggregata relativa al 2019; non pericolosita,intensita_fisica_2012_riscalata_per_rapporto_di_attivita_reale_2019
frozen,2022,1,PFAS,351.9716131743338,kg,29.573231208032297,0.29573231208032297,verde,pressione aggregata relativa al 2019; non pericolosita,intensita_fisica_2012_riscalata_per_rapporto_di_attivita_reale_2019
frozen,2022,1,CHL_SOLV,,kg,,,n.d.,pressione aggregata relativa al 2019; non pericolosita,intensita_fisica_2012_riscalata_per_rapporto_di_attivita_reale_2019
frozen,2022,1,PB,177811875.51924476,kg,67.6492052028512,0.676492052028512,verde,pressione aggregata relativa al 2019; non pericolosita,intensita_fisica_2012_riscalata_per_rapporto_di_attivita_reale_2019
frozen,2022,1,HG,821790.1853162629,kg,68.12298964901521,0.6812298964901521,verde,pressione aggregata relativa al 2019; non pericolosita,intensita_fisica_2012_riscalata_per_rapporto_di_attivita_reale_2019
frozen,2022,1,AS,39239312.36291882,kg,67.61514640474088,0.6761514640474089,verde,pressione aggregata relativa al 2019; non pericolosita,intensita_fisica_2012_riscalata_per_rapporto_di_attivita_reale_2019
frozen,2022,1,CD,53522.008375385005,kg,91.58536455112382,0.9158536455112382,verde,pressione aggregata relativa al 2019; non pericolosita,intensita_fisica_2012_riscalata_per_rapporto_di_attivita_reale_2019
frozen,2022,1,CR,702834.72889193,kg,90.39803094194909,0.9039803094194908,verde,pressione aggregata relativa al 2019; non pericolosita,intensita_fisica_2012_riscalata_per_rapporto_di_attivita_reale_2019
frozen,2022,1,NI,1389199.4013599588,kg,78.1528624200733,0.7815286242007331,verde,pressione aggregata relativa al 2019; non pericolosita,intensita_fisica_2012_riscalata_per_rapporto_di_attivita_reale_2019
frozen,2022,1,MN,10513004.517294418,kg,76.50796679980182,0.7650796679980182,verde,pressione aggregata relativa al 2019; non pericolosita,intensita_fisica_2012_riscalata_per_rapporto_di_attivita_reale_2019
frozen,2022,1,CU,2788883.5411154893,kg,75.25346614147281,0.7525346614147281,verde,pressione aggregata relativa al 2019; non pericolosita,intensita_fisica_2012_riscalata_per_rapporto_di_attivita_reale_2019
frozen,2022,1,ZN,97133428.7881919,kg,68.15381435819525,0.6815381435819524,verde,pressione aggregata relativa al 2019; non pericolosita,intensita_fisica_2012_riscalata_per_rapporto_di_attivita_reale_2019
frozen,2022,1,SE,235140.98609612195,kg,80.96212634549434,0.8096212634549435,verde,pressione aggregata relativa al 2019; non pericolosita,intensita_fisica_2012_riscalata_per_rapporto_di_attivita_reale_2019
frozen,2022,1,COB,150250.92851105452,kg,88.16280630298353,0.8816280630298353,verde,pressione aggregata relativa al 2019; non pericolosita,intensita_fisica_2012_riscalata_per_rapporto_di_attivita_reale_2019
frozen,2022,1,SB,101295.1439148262,kg,76.75008304678143,0.7675008304678143,verde,pressione aggregata relativa al 2019; non pericolosita,intensita_fisica_2012_riscalata_per_rapporto_di_attivita_reale_2019
frozen,2022,1,BE,17895.254732975816,kg,98.72696388702079,0.9872696388702078,verde,pressione aggregata relativa al 2019; non pericolosita,intensita_fisica_2012_riscalata_per_rapporto_di_attivita_reale_2019
frozen,2022,1,TN,1455533319.9618428,kg,100.8118557936702,1.008118557936702,verde,pressione aggregata relativa al 2019; non pericolosita,intensita_fisica_2012_riscalata_per_rapporto_di_attivita_reale_2019
frozen,2022,1,NO3,52717138.30398158,kg,93.75217467177629,0.9375217467177629,verde,pressione aggregata relativa al 2019; non pericolosita,intensita_fisica_2012_riscalata_per_rapporto_di_attivita_reale_2019
frozen,2022,1,NH3_W,412943.8783916363,kg,94.51834597598005,0.9451834597598006,verde,pressione aggregata relativa al 2019; non pericolosita,intensita_fisica_2012_riscalata_per_rapporto_di_attivita_reale_2019
frozen,2022,1,TP,247901064.78970945,kg,100.61325228366601,1.0061325228366602,verde,pressione aggregata relativa al 2019; non pericolosita,intensita_fisica_2012_riscalata_per_rapporto_di_attivita_reale_2019
frozen,2022,1,BOD,54914603.31216944,kg,94.49816727202767,0.9449816727202767,verde,pressione aggregata relativa al 2019; non pericolosita,intensita_fisica_2012_riscalata_per_rapporto_di_attivita_reale_2019
frozen,2022,1,COD,65008704.73890021,kg,87.74815670792991,0.877481567079299,verde,pressione aggregata relativa al 2019; non pericolosita,intensita_fisica_2012_riscalata_per_rapporto_di_attivita_reale_2019
frozen,2022,1,TSS,499844181.5336866,kg,81.40264105721612,0.8140264105721612,verde,pressione aggregata relativa al 2019; non pericolosita,intensita_fisica_2012_riscalata_per_rapporto_di_attivita_reale_2019
frozen,2022,1,OIL,19286332.635852285,kg,93.83140982681296,0.9383140982681296,verde,pressione aggregata relativa al 2019; non pericolosita,intensita_fisica_2012_riscalata_per_rapporto_di_attivita_reale_2019
frozen,2022,1,TDS,3454363217.8018813,kg,75.53507318404199,0.7553507318404199,verde,pressione aggregata relativa al 2019; non pericolosita,intensita_fisica_2012_riscalata_per_rapporto_di_attivita_reale_2019
frozen,2022,1,PATH,,kg,,,n.d.,pressione aggregata relativa al 2019; non pericolosita,intensita_fisica_2012_riscalata_per_rapporto_di_attivita_reale_2019
frozen,2022,1,THERM,,kg,,,n.d.,pressione aggregata relativa al 2019; non pericolosita,intensita_fisica_2012_riscalata_per_rapporto_di_attivita_reale_2019
frozen,2022,1,PEST,18870344.15925943,kg,100.97493575718369,1.0097493575718368,verde,pressione aggregata relativa al 2019; non pericolosita,intensita_fisica_2012_riscalata_per_rapporto_di_attivita_reale_2019
frozen,2022,1,SILICA,,kg,,,n.d.,pressione aggregata relativa al 2019; non pericolosita,intensita_fisica_2012_riscalata_per_rapporto_di_attivita_reale_2019
frozen,2022,1,ASBEST,317.1215072101655,kg,113.4590367760969,1.134590367760969,rosso,pressione aggregata relativa al 2019; non pericolosita,intensita_fisica_2012_riscalata_per_rapporto_di_attivita_reale_2019
frozen,2022,1,PHARMA,,kg,,,n.d.,pressione aggregata relativa al 2019; non pericolosita,intensita_fisica_2012_riscalata_per_rapporto_di_attivita_reale_2019
frozen,2023,1,CO2,3574127478799.2085,kg,92.72605850623002,0.9272605850623002,verde,pressione aggregata relativa al 2019; non pericolosita,intensita_fisica_2012_riscalata_per_rapporto_di_attivita_reale_2019
frozen,2023,1,CH4,19065113687.83704,kg,95.16977398147553,0.9516977398147553,verde,pressione aggregata relativa al 2019; non pericolosita,intensita_fisica_2012_riscalata_per_rapporto_di_attivita_reale_2019
frozen,2023,1,N2O,1219878922.867424,kg,101.93737856164849,1.0193737856164848,verde,pressione aggregata relativa al 2019; non pericolosita,intensita_fisica_2012_riscalata_per_rapporto_di_attivita_reale_2019
frozen,2023,1,FGAS,,kg,,,n.d.,pressione aggregata relativa al 2019; non pericolosita,intensita_fisica_2012_riscalata_per_rapporto_di_attivita_reale_2019
frozen,2023,1,PM25,0.0,kg,,,n.d.,pressione aggregata relativa al 2019; non pericolosita,intensita_fisica_2012_riscalata_per_rapporto_di_attivita_reale_2019
frozen,2023,1,PM10,0.0,kg,,,n.d.,pressione aggregata relativa al 2019; non pericolosita,intensita_fisica_2012_riscalata_per_rapporto_di_attivita_reale_2019
frozen,2023,1,NOX,4201236042.0107865,kg,86.60588378093642,0.8660588378093642,verde,pressione aggregata relativa al 2019; non pericolosita,intensita_fisica_2012_riscalata_per_rapporto_di_attivita_reale_2019
frozen,2023,1,SO2,1362468891.2925646,kg,90.95453370985463,0.9095453370985462,verde,pressione aggregata relativa al 2019; non pericolosita,intensita_fisica_2012_riscalata_per_rapporto_di_attivita_reale_2019
frozen,2023,1,CO,6810690239.728449,kg,90.35381319668467,0.9035381319668466,verde,pressione aggregata relativa al 2019; non pericolosita,intensita_fisica_2012_riscalata_per_rapporto_di_attivita_reale_2019
frozen,2023,1,VOC,3436857739.745745,kg,90.83054976343709,0.908305497634371,verde,pressione aggregata relativa al 2019; non pericolosita,intensita_fisica_2012_riscalata_per_rapporto_di_attivita_reale_2019
frozen,2023,1,NH3_AIR,2938706856.410226,kg,103.55758443388609,1.035575844338861,giallo,pressione aggregata relativa al 2019; non pericolosita,intensita_fisica_2012_riscalata_per_rapporto_di_attivita_reale_2019
frozen,2023,1,H2S,6999608.222368941,kg,87.83319244929194,0.8783319244929194,verde,pressione aggregata relativa al 2019; non pericolosita,intensita_fisica_2012_riscalata_per_rapporto_di_attivita_reale_2019
frozen,2023,1,BENZ,33699956.23086689,kg,87.94093737812902,0.8794093737812902,verde,pressione aggregata relativa al 2019; non pericolosita,intensita_fisica_2012_riscalata_per_rapporto_di_attivita_reale_2019
frozen,2023,1,TXYL,125873235.24494162,kg,94.24259510265004,0.9424259510265004,verde,pressione aggregata relativa al 2019; non pericolosita,intensita_fisica_2012_riscalata_per_rapporto_di_attivita_reale_2019
frozen,2023,1,MEOH,60154359.967000805,kg,90.04721237361846,0.9004721237361846,verde,pressione aggregata relativa al 2019; non pericolosita,intensita_fisica_2012_riscalata_per_rapporto_di_attivita_reale_2019
frozen,2023,1,FORM,54454265.2765298,kg,83.95502695807153,0.8395502695807153,verde,pressione aggregata relativa al 2019; non pericolosita,intensita_fisica_2012_riscalata_per_rapporto_di_attivita_reale_2019
frozen,2023,1,STYR,11242217.68277915,kg,87.47152939219123,0.8747152939219123,verde,pressione aggregata relativa al 2019; non pericolosita,intensita_fisica_2012_riscalata_per_rapporto_di_attivita_reale_2019
frozen,2023,1,ETO,85212.41386419706,kg,87.59529659390073,0.8759529659390073,verde,pressione aggregata relativa al 2019; non pericolosita,intensita_fisica_2012_riscalata_per_rapporto_di_attivita_reale_2019
frozen,2023,1,PHEN,3195029.9947255487,kg,88.75737529586479,0.8875737529586479,verde,pressione aggregata relativa al 2019; non pericolosita,intensita_fisica_2012_riscalata_per_rapporto_di_attivita_reale_2019
frozen,2023,1,CYAN,4100689.5701604835,kg,91.2006222454267,0.912006222454267,verde,pressione aggregata relativa al 2019; non pericolosita,intensita_fisica_2012_riscalata_per_rapporto_di_attivita_reale_2019
frozen,2023,1,CL2,883457.936006324,kg,83.02678860741642,0.8302678860741642,verde,pressione aggregata relativa al 2019; non pericolosita,intensita_fisica_2012_riscalata_per_rapporto_di_attivita_reale_2019
frozen,2023,1,HCL,12674045.937002271,kg,83.46551850805454,0.8346551850805455,verde,pressione aggregata relativa al 2019; non pericolosita,intensita_fisica_2012_riscalata_per_rapporto_di_attivita_reale_2019
frozen,2023,1,H2SO4,22129707.2918977,kg,96.24021257860959,0.9624021257860959,verde,pressione aggregata relativa al 2019; non pericolosita,intensita_fisica_2012_riscalata_per_rapporto_di_attivita_reale_2019
frozen,2023,1,HF,2961657.0100055705,kg,89.92588205394337,0.8992588205394336,verde,pressione aggregata relativa al 2019; non pericolosita,intensita_fisica_2012_riscalata_per_rapporto_di_attivita_reale_2019
frozen,2023,1,DIOX,1.5291125266852634,kg,81.89877640761351,0.818987764076135,verde,pressione aggregata relativa al 2019; non pericolosita,intensita_fisica_2012_riscalata_per_rapporto_di_attivita_reale_2019
frozen,2023,1,PFAS,185.0030893366545,kg,15.544262464266536,0.15544262464266537,verde,pressione aggregata relativa al 2019; non pericolosita,intensita_fisica_2012_riscalata_per_rapporto_di_attivita_reale_2019
frozen,2023,1,CHL_SOLV,,kg,,,n.d.,pressione aggregata relativa al 2019; non pericolosita,intensita_fisica_2012_riscalata_per_rapporto_di_attivita_reale_2019
frozen,2023,1,PB,162056222.86993912,kg,61.654907150118696,0.616549071501187,verde,pressione aggregata relativa al 2019; non pericolosita,intensita_fisica_2012_riscalata_per_rapporto_di_attivita_reale_2019
frozen,2023,1,HG,748959.2295713058,kg,62.08560622318103,0.6208560622318103,verde,pressione aggregata relativa al 2019; non pericolosita,intensita_fisica_2012_riscalata_per_rapporto_di_attivita_reale_2019
frozen,2023,1,AS,35788270.902997784,kg,61.66849088225778,0.6166849088225778,verde,pressione aggregata relativa al 2019; non pericolosita,intensita_fisica_2012_riscalata_per_rapporto_di_attivita_reale_2019
frozen,2023,1,CD,50550.576598556756,kg,86.5007335594967,0.865007335594967,verde,pressione aggregata relativa al 2019; non pericolosita,intensita_fisica_2012_riscalata_per_rapporto_di_attivita_reale_2019
frozen,2023,1,CR,651274.6929245441,kg,83.7664210696025,0.837664210696025,verde,pressione aggregata relativa al 2019; non pericolosita,intensita_fisica_2012_riscalata_per_rapporto_di_attivita_reale_2019
frozen,2023,1,NI,1279633.9443425862,kg,71.98898552818251,0.7198898552818251,verde,pressione aggregata relativa al 2019; non pericolosita,intensita_fisica_2012_riscalata_per_rapporto_di_attivita_reale_2019
frozen,2023,1,MN,9627337.9609314,kg,70.06256411986887,0.7006256411986886,verde,pressione aggregata relativa al 2019; non pericolosita,intensita_fisica_2012_riscalata_per_rapporto_di_attivita_reale_2019
frozen,2023,1,CU,2478459.9481371874,kg,66.87719262581237,0.6687719262581237,verde,pressione aggregata relativa al 2019; non pericolosita,intensita_fisica_2012_riscalata_per_rapporto_di_attivita_reale_2019
frozen,2023,1,ZN,88596002.60674939,kg,62.163516616975556,0.6216351661697556,verde,pressione aggregata relativa al 2019; non pericolosita,intensita_fisica_2012_riscalata_per_rapporto_di_attivita_reale_2019
frozen,2023,1,SE,217981.39088854403,kg,75.05385259748196,0.7505385259748196,verde,pressione aggregata relativa al 2019; non pericolosita,intensita_fisica_2012_riscalata_per_rapporto_di_attivita_reale_2019
frozen,2023,1,COB,139281.09474315826,kg,81.72603190671876,0.8172603190671875,verde,pressione aggregata relativa al 2019; non pericolosita,intensita_fisica_2012_riscalata_per_rapporto_di_attivita_reale_2019
frozen,2023,1,SB,92124.71162843895,kg,69.80175944158547,0.6980175944158548,verde,pressione aggregata relativa al 2019; non pericolosita,intensita_fisica_2012_riscalata_per_rapporto_di_attivita_reale_2019
frozen,2023,1,BE,17397.834334357252,kg,95.98272769346781,0.9598272769346781,verde,pressione aggregata relativa al 2019; non pericolosita,intensita_fisica_2012_riscalata_per_rapporto_di_attivita_reale_2019
frozen,2023,1,TN,1498800505.0403757,kg,103.808589130458,1.03808589130458,giallo,pressione aggregata relativa al 2019; non pericolosita,intensita_fisica_2012_riscalata_per_rapporto_di_attivita_reale_2019
frozen,2023,1,NO3,51391878.69288434,kg,91.39533257938875,0.9139533257938875,verde,pressione aggregata relativa al 2019; non pericolosita,intensita_fisica_2012_riscalata_per_rapporto_di_attivita_reale_2019
frozen,2023,1,NH3_W,386695.40675997594,kg,88.51035735368832,0.8851035735368832,verde,pressione aggregata relativa al 2019; non pericolosita,intensita_fisica_2012_riscalata_per_rapporto_di_attivita_reale_2019
frozen,2023,1,TP,251817063.5204711,kg,102.20260152093073,1.0220260152093072,giallo,pressione aggregata relativa al 2019; non pericolosita,intensita_fisica_2012_riscalata_per_rapporto_di_attivita_reale_2019
frozen,2023,1,BOD,51751441.384810574,kg,89.05493383517926,0.8905493383517925,verde,pressione aggregata relativa al 2019; non pericolosita,intensita_fisica_2012_riscalata_per_rapporto_di_attivita_reale_2019
frozen,2023,1,COD,58693866.663708866,kg,79.22444587208675,0.7922444587208675,verde,pressione aggregata relativa al 2019; non pericolosita,intensita_fisica_2012_riscalata_per_rapporto_di_attivita_reale_2019
frozen,2023,1,TSS,450025817.6841948,kg,73.28941989686405,0.7328941989686405,verde,pressione aggregata relativa al 2019; non pericolosita,intensita_fisica_2012_riscalata_per_rapporto_di_attivita_reale_2019
frozen,2023,1,OIL,18147520.531032618,kg,88.29088808322189,0.8829088808322189,verde,pressione aggregata relativa al 2019; non pericolosita,intensita_fisica_2012_riscalata_per_rapporto_di_attivita_reale_2019
frozen,2023,1,TDS,3206225890.5729027,kg,70.1091610867437,0.701091610867437,verde,pressione aggregata relativa al 2019; non pericolosita,intensita_fisica_2012_riscalata_per_rapporto_di_attivita_reale_2019
frozen,2023,1,PATH,,kg,,,n.d.,pressione aggregata relativa al 2019; non pericolosita,intensita_fisica_2012_riscalata_per_rapporto_di_attivita_reale_2019
frozen,2023,1,THERM,,kg,,,n.d.,pressione aggregata relativa al 2019; non pericolosita,intensita_fisica_2012_riscalata_per_rapporto_di_attivita_reale_2019
frozen,2023,1,PEST,19450358.45259519,kg,104.07858376241037,1.0407858376241037,giallo,pressione aggregata relativa al 2019; non pericolosita,intensita_fisica_2012_riscalata_per_rapporto_di_attivita_reale_2019
frozen,2023,1,SILICA,,kg,,,n.d.,pressione aggregata relativa al 2019; non pericolosita,intensita_fisica_2012_riscalata_per_rapporto_di_attivita_reale_2019
frozen,2023,1,ASBEST,284.0369088673629,kg,101.62210180085185,1.0162210180085185,verde,pressione aggregata relativa al 2019; non pericolosita,intensita_fisica_2012_riscalata_per_rapporto_di_attivita_reale_2019
frozen,2023,1,PHARMA,,kg,,,n.d.,pressione aggregata relativa al 2019; non pericolosita,intensita_fisica_2012_riscalata_per_rapporto_di_attivita_reale_2019
frozen,2024,0,CO2,3568356044074.7065,kg,92.5763261877541,0.9257632618775411,verde,pressione aggregata relativa al 2019; non pericolosita,intensita_fisica_2012_riscalata_per_rapporto_di_attivita_reale_2019
frozen,2024,0,CH4,19059922432.78904,kg,95.14386012763296,0.9514386012763296,verde,pressione aggregata relativa al 2019; non pericolosita,intensita_fisica_2012_riscalata_per_rapporto_di_attivita_reale_2019
frozen,2024,0,N2O,1219405880.9707263,kg,101.89784951495764,1.0189784951495764,verde,pressione aggregata relativa al 2019; non pericolosita,intensita_fisica_2012_riscalata_per_rapporto_di_attivita_reale_2019
frozen,2024,0,FGAS,,kg,,,n.d.,pressione aggregata relativa al 2019; non pericolosita,intensita_fisica_2012_riscalata_per_rapporto_di_attivita_reale_2019
frozen,2024,0,PM25,0.0,kg,,,n.d.,pressione aggregata relativa al 2019; non pericolosita,intensita_fisica_2012_riscalata_per_rapporto_di_attivita_reale_2019
frozen,2024,0,PM10,0.0,kg,,,n.d.,pressione aggregata relativa al 2019; non pericolosita,intensita_fisica_2012_riscalata_per_rapporto_di_attivita_reale_2019
frozen,2024,0,NOX,4196513102.863016,kg,86.50852331014973,0.8650852331014972,verde,pressione aggregata relativa al 2019; non pericolosita,intensita_fisica_2012_riscalata_per_rapporto_di_attivita_reale_2019
frozen,2024,0,SO2,1360659759.233968,kg,90.83376121819568,0.9083376121819567,verde,pressione aggregata relativa al 2019; non pericolosita,intensita_fisica_2012_riscalata_per_rapporto_di_attivita_reale_2019
frozen,2024,0,CO,6808595237.724729,kg,90.32601991685134,0.9032601991685134,verde,pressione aggregata relativa al 2019; non pericolosita,intensita_fisica_2012_riscalata_per_rapporto_di_attivita_reale_2019
frozen,2024,0,VOC,3435181670.398441,kg,90.78625398171279,0.9078625398171278,verde,pressione aggregata relativa al 2019; non pericolosita,intensita_fisica_2012_riscalata_per_rapporto_di_attivita_reale_2019
frozen,2024,0,NH3_AIR,2938647291.2029724,kg,103.55548540554442,1.0355548540554442,giallo,pressione aggregata relativa al 2019; non pericolosita,intensita_fisica_2012_riscalata_per_rapporto_di_attivita_reale_2019
frozen,2024,0,H2S,6975394.193657378,kg,87.52934752308612,0.8752934752308611,verde,pressione aggregata relativa al 2019; non pericolosita,intensita_fisica_2012_riscalata_per_rapporto_di_attivita_reale_2019
frozen,2024,0,BENZ,33694920.94898908,kg,87.92779767535718,0.8792779767535719,verde,pressione aggregata relativa al 2019; non pericolosita,intensita_fisica_2012_riscalata_per_rapporto_di_attivita_reale_2019
frozen,2024,0,TXYL,125821609.82554327,kg,94.20394261637767,0.9420394261637767,verde,pressione aggregata relativa al 2019; non pericolosita,intensita_fisica_2012_riscalata_per_rapporto_di_attivita_reale_2019
frozen,2024,0,MEOH,59954063.656632185,kg,89.74738166463393,0.8974738166463394,verde,pressione aggregata relativa al 2019; non pericolosita,intensita_fisica_2012_riscalata_per_rapporto_di_attivita_reale_2019
frozen,2024,0,FORM,54427198.84632645,kg,83.91329720805393,0.8391329720805394,verde,pressione aggregata relativa al 2019; non pericolosita,intensita_fisica_2012_riscalata_per_rapporto_di_attivita_reale_2019
frozen,2024,0,STYR,11217037.531953689,kg,87.27561197045307,0.8727561197045307,verde,pressione aggregata relativa al 2019; non pericolosita,intensita_fisica_2012_riscalata_per_rapporto_di_attivita_reale_2019
frozen,2024,0,ETO,85076.52742455668,kg,87.45561022141564,0.8745561022141564,verde,pressione aggregata relativa al 2019; non pericolosita,intensita_fisica_2012_riscalata_per_rapporto_di_attivita_reale_2019
frozen,2024,0,PHEN,3186871.854539418,kg,88.53074358617444,0.8853074358617443,verde,pressione aggregata relativa al 2019; non pericolosita,intensita_fisica_2012_riscalata_per_rapporto_di_attivita_reale_2019
frozen,2024,0,CYAN,4097749.9705289043,kg,91.13524462759791,0.9113524462759791,verde,pressione aggregata relativa al 2019; non pericolosita,intensita_fisica_2012_riscalata_per_rapporto_di_attivita_reale_2019
frozen,2024,0,CL2,879564.1327912966,kg,82.66085157381595,0.8266085157381594,verde,pressione aggregata relativa al 2019; non pericolosita,intensita_fisica_2012_riscalata_per_rapporto_di_attivita_reale_2019
frozen,2024,0,HCL,12634859.243638607,kg,83.20745271781898,0.8320745271781897,verde,pressione aggregata relativa al 2019; non pericolosita,intensita_fisica_2012_riscalata_per_rapporto_di_attivita_reale_2019
frozen,2024,0,H2SO4,22105556.270164266,kg,96.13518184164782,0.9613518184164782,verde,pressione aggregata relativa al 2019; non pericolosita,intensita_fisica_2012_riscalata_per_rapporto_di_attivita_reale_2019
frozen,2024,0,HF,2946482.98345933,kg,89.46514749998566,0.8946514749998566,verde,pressione aggregata relativa al 2019; non pericolosita,intensita_fisica_2012_riscalata_per_rapporto_di_attivita_reale_2019
frozen,2024,0,DIOX,1.5230415714358545,kg,81.57361799194753,0.8157361799194753,verde,pressione aggregata relativa al 2019; non pericolosita,intensita_fisica_2012_riscalata_per_rapporto_di_attivita_reale_2019
frozen,2024,0,PFAS,185.17689706119938,kg,15.558866073851272,0.1555886607385127,verde,pressione aggregata relativa al 2019; non pericolosita,intensita_fisica_2012_riscalata_per_rapporto_di_attivita_reale_2019
frozen,2024,0,CHL_SOLV,,kg,,,n.d.,pressione aggregata relativa al 2019; non pericolosita,intensita_fisica_2012_riscalata_per_rapporto_di_attivita_reale_2019
frozen,2024,0,PB,161775374.6260514,kg,61.54805736617632,0.6154805736617632,verde,pressione aggregata relativa al 2019; non pericolosita,intensita_fisica_2012_riscalata_per_rapporto_di_attivita_reale_2019
frozen,2024,0,HG,747656.3736303927,kg,61.97760488249477,0.6197760488249476,verde,pressione aggregata relativa al 2019; non pericolosita,intensita_fisica_2012_riscalata_per_rapporto_di_attivita_reale_2019
frozen,2024,0,AS,35726068.521034434,kg,61.56130696618207,0.6156130696618207,verde,pressione aggregata relativa al 2019; non pericolosita,intensita_fisica_2012_riscalata_per_rapporto_di_attivita_reale_2019
frozen,2024,0,CD,50477.95663310537,kg,86.37646830467091,0.8637646830467091,verde,pressione aggregata relativa al 2019; non pericolosita,intensita_fisica_2012_riscalata_per_rapporto_di_attivita_reale_2019
frozen,2024,0,CR,650263.7682023968,kg,83.63639675441716,0.8363639675441716,verde,pressione aggregata relativa al 2019; non pericolosita,intensita_fisica_2012_riscalata_per_rapporto_di_attivita_reale_2019
frozen,2024,0,NI,1277189.4054092097,kg,71.85146191943804,0.7185146191943804,verde,pressione aggregata relativa al 2019; non pericolosita,intensita_fisica_2012_riscalata_per_rapporto_di_attivita_reale_2019
frozen,2024,0,MN,9603938.077791797,kg,69.89227241311472,0.6989227241311473,verde,pressione aggregata relativa al 2019; non pericolosita,intensita_fisica_2012_riscalata_per_rapporto_di_attivita_reale_2019
frozen,2024,0,CU,2475312.640072675,kg,66.79226765946729,0.6679226765946729,verde,pressione aggregata relativa al 2019; non pericolosita,intensita_fisica_2012_riscalata_per_rapporto_di_attivita_reale_2019
frozen,2024,0,ZN,88440066.51660919,kg,62.054103828075334,0.6205410382807534,verde,pressione aggregata relativa al 2019; non pericolosita,intensita_fisica_2012_riscalata_per_rapporto_di_attivita_reale_2019
frozen,2024,0,SE,217733.8558305591,kg,74.96862302958637,0.7496862302958637,verde,pressione aggregata relativa al 2019; non pericolosita,intensita_fisica_2012_riscalata_per_rapporto_di_attivita_reale_2019
frozen,2024,0,COB,139034.9823310413,kg,81.5816204136701,0.815816204136701,verde,pressione aggregata relativa al 2019; non pericolosita,intensita_fisica_2012_riscalata_per_rapporto_di_attivita_reale_2019
frozen,2024,0,SB,91929.37229369523,kg,69.65375323334622,0.6965375323334622,verde,pressione aggregata relativa al 2019; non pericolosita,intensita_fisica_2012_riscalata_per_rapporto_di_attivita_reale_2019
frozen,2024,0,BE,17379.39108468385,kg,95.88097747690846,0.9588097747690846,verde,pressione aggregata relativa al 2019; non pericolosita,intensita_fisica_2012_riscalata_per_rapporto_di_attivita_reale_2019
frozen,2024,0,TN,1498828023.0847504,kg,103.81049506080203,1.0381049506080202,giallo,pressione aggregata relativa al 2019; non pericolosita,intensita_fisica_2012_riscalata_per_rapporto_di_attivita_reale_2019
frozen,2024,0,NO3,51242634.62126658,kg,91.12991687737637,0.9112991687737637,verde,pressione aggregata relativa al 2019; non pericolosita,intensita_fisica_2012_riscalata_per_rapporto_di_attivita_reale_2019
frozen,2024,0,NH3_W,384894.40911911114,kg,88.098128653788,0.8809812865378799,verde,pressione aggregata relativa al 2019; non pericolosita,intensita_fisica_2012_riscalata_per_rapporto_di_attivita_reale_2019
frozen,2024,0,TP,251799838.05137596,kg,102.19561038327973,1.0219561038327973,giallo,pressione aggregata relativa al 2019; non pericolosita,intensita_fisica_2012_riscalata_per_rapporto_di_attivita_reale_2019
frozen,2024,0,BOD,51636228.39820785,kg,88.85667298245119,0.8885667298245119,verde,pressione aggregata relativa al 2019; non pericolosita,intensita_fisica_2012_riscalata_per_rapporto_di_attivita_reale_2019
frozen,2024,0,COD,58441632.57787925,kg,78.88398260367748,0.7888398260367748,verde,pressione aggregata relativa al 2019; non pericolosita,intensita_fisica_2012_riscalata_per_rapporto_di_attivita_reale_2019
frozen,2024,0,TSS,449111445.96962816,kg,73.14050894576452,0.7314050894576453,verde,pressione aggregata relativa al 2019; non pericolosita,intensita_fisica_2012_riscalata_per_rapporto_di_attivita_reale_2019
frozen,2024,0,OIL,18125890.324795533,kg,88.1856533149333,0.8818565331493331,verde,pressione aggregata relativa al 2019; non pericolosita,intensita_fisica_2012_riscalata_per_rapporto_di_attivita_reale_2019
frozen,2024,0,TDS,3201473587.0412855,kg,70.00524451155451,0.7000524451155451,verde,pressione aggregata relativa al 2019; non pericolosita,intensita_fisica_2012_riscalata_per_rapporto_di_attivita_reale_2019
frozen,2024,0,PATH,,kg,,,n.d.,pressione aggregata relativa al 2019; non pericolosita,intensita_fisica_2012_riscalata_per_rapporto_di_attivita_reale_2019
frozen,2024,0,THERM,,kg,,,n.d.,pressione aggregata relativa al 2019; non pericolosita,intensita_fisica_2012_riscalata_per_rapporto_di_attivita_reale_2019
frozen,2024,0,PEST,19450973.283586923,kg,104.0818737140598,1.040818737140598,giallo,pressione aggregata relativa al 2019; non pericolosita,intensita_fisica_2012_riscalata_per_rapporto_di_attivita_reale_2019
frozen,2024,0,SILICA,,kg,,,n.d.,pressione aggregata relativa al 2019; non pericolosita,intensita_fisica_2012_riscalata_per_rapporto_di_attivita_reale_2019
frozen,2024,0,ASBEST,284.31999409979045,kg,101.72338341394496,1.0172338341394496,verde,pressione aggregata relativa al 2019; non pericolosita,intensita_fisica_2012_riscalata_per_rapporto_di_attivita_reale_2019
frozen,2024,0,PHARMA,,kg,,,n.d.,pressione aggregata relativa al 2019; non pericolosita,intensita_fisica_2012_riscalata_per_rapporto_di_attivita_reale_2019
frozen,2025,0,CO2,3569361046947.717,kg,92.60239967163359,0.926023996716336,verde,pressione aggregata relativa al 2019; non pericolosita,intensita_fisica_2012_riscalata_per_rapporto_di_attivita_reale_2019
frozen,2025,0,CH4,19079036491.266052,kg,95.23927422559801,0.9523927422559801,verde,pressione aggregata relativa al 2019; non pericolosita,intensita_fisica_2012_riscalata_per_rapporto_di_attivita_reale_2019
frozen,2025,0,N2O,1220923887.7727242,kg,102.02469950894778,1.0202469950894777,giallo,pressione aggregata relativa al 2019; non pericolosita,intensita_fisica_2012_riscalata_per_rapporto_di_attivita_reale_2019
frozen,2025,0,FGAS,,kg,,,n.d.,pressione aggregata relativa al 2019; non pericolosita,intensita_fisica_2012_riscalata_per_rapporto_di_attivita_reale_2019
frozen,2025,0,PM25,0.0,kg,,,n.d.,pressione aggregata relativa al 2019; non pericolosita,intensita_fisica_2012_riscalata_per_rapporto_di_attivita_reale_2019
frozen,2025,0,PM10,0.0,kg,,,n.d.,pressione aggregata relativa al 2019; non pericolosita,intensita_fisica_2012_riscalata_per_rapporto_di_attivita_reale_2019
frozen,2025,0,NOX,4200645323.3965387,kg,86.5937064818889,0.865937064818889,verde,pressione aggregata relativa al 2019; non pericolosita,intensita_fisica_2012_riscalata_per_rapporto_di_attivita_reale_2019
frozen,2025,0,SO2,1361782968.282304,kg,90.90874344781061,0.909087434478106,verde,pressione aggregata relativa al 2019; non pericolosita,intensita_fisica_2012_riscalata_per_rapporto_di_attivita_reale_2019
frozen,2025,0,CO,6807829193.444579,kg,90.31585721390161,0.9031585721390161,verde,pressione aggregata relativa al 2019; non pericolosita,intensita_fisica_2012_riscalata_per_rapporto_di_attivita_reale_2019
frozen,2025,0,VOC,3436996117.1858096,kg,90.83420685369444,0.9083420685369444,verde,pressione aggregata relativa al 2019; non pericolosita,intensita_fisica_2012_riscalata_per_rapporto_di_attivita_reale_2019
frozen,2025,0,NH3_AIR,2942804958.1330667,kg,103.7019981287247,1.037019981287247,giallo,pressione aggregata relativa al 2019; non pericolosita,intensita_fisica_2012_riscalata_per_rapporto_di_attivita_reale_2019
frozen,2025,0,H2S,6980247.66191492,kg,87.59025030478023,0.8759025030478023,verde,pressione aggregata relativa al 2019; non pericolosita,intensita_fisica_2012_riscalata_per_rapporto_di_attivita_reale_2019
frozen,2025,0,BENZ,33701926.1865514,kg,87.94607803019107,0.8794607803019108,verde,pressione aggregata relativa al 2019; non pericolosita,intensita_fisica_2012_riscalata_per_rapporto_di_attivita_reale_2019
frozen,2025,0,TXYL,125856359.67042018,kg,94.22996018519794,0.9422996018519794,verde,pressione aggregata relativa al 2019; non pericolosita,intensita_fisica_2012_riscalata_per_rapporto_di_attivita_reale_2019
frozen,2025,0,MEOH,59958734.482259035,kg,89.75437359052945,0.8975437359052946,verde,pressione aggregata relativa al 2019; non pericolosita,intensita_fisica_2012_riscalata_per_rapporto_di_attivita_reale_2019
frozen,2025,0,FORM,54471350.10594843,kg,83.9813675451152,0.839813675451152,verde,pressione aggregata relativa al 2019; non pericolosita,intensita_fisica_2012_riscalata_per_rapporto_di_attivita_reale_2019
frozen,2025,0,STYR,11226932.619491464,kg,87.35260197943721,0.873526019794372,verde,pressione aggregata relativa al 2019; non pericolosita,intensita_fisica_2012_riscalata_per_rapporto_di_attivita_reale_2019
frozen,2025,0,ETO,85638.32500953425,kg,88.03311793244322,0.8803311793244322,verde,pressione aggregata relativa al 2019; non pericolosita,intensita_fisica_2012_riscalata_per_rapporto_di_attivita_reale_2019
frozen,2025,0,PHEN,3188761.46172159,kg,88.58323654370743,0.8858323654370742,verde,pressione aggregata relativa al 2019; non pericolosita,intensita_fisica_2012_riscalata_per_rapporto_di_attivita_reale_2019
frozen,2025,0,CYAN,4103891.430298101,kg,91.27183261916932,0.9127183261916931,verde,pressione aggregata relativa al 2019; non pericolosita,intensita_fisica_2012_riscalata_per_rapporto_di_attivita_reale_2019
frozen,2025,0,CL2,880551.8618485795,kg,82.75367769297578,0.8275367769297578,verde,pressione aggregata relativa al 2019; non pericolosita,intensita_fisica_2012_riscalata_per_rapporto_di_attivita_reale_2019
frozen,2025,0,HCL,12646441.776393004,kg,83.28373002553803,0.8328373002553804,verde,pressione aggregata relativa al 2019; non pericolosita,intensita_fisica_2012_riscalata_per_rapporto_di_attivita_reale_2019
frozen,2025,0,H2SO4,22114419.19035198,kg,96.17372592683078,0.9617372592683079,verde,pressione aggregata relativa al 2019; non pericolosita,intensita_fisica_2012_riscalata_per_rapporto_di_attivita_reale_2019
frozen,2025,0,HF,2942941.6978072072,kg,89.35762214009549,0.8935762214009548,verde,pressione aggregata relativa al 2019; non pericolosita,intensita_fisica_2012_riscalata_per_rapporto_di_attivita_reale_2019
frozen,2025,0,DIOX,1.5240635672261362,kg,81.62835575863058,0.8162835575863058,verde,pressione aggregata relativa al 2019; non pericolosita,intensita_fisica_2012_riscalata_per_rapporto_di_attivita_reale_2019
frozen,2025,0,PFAS,185.3117221477577,kg,15.570194298367653,0.15570194298367654,verde,pressione aggregata relativa al 2019; non pericolosita,intensita_fisica_2012_riscalata_per_rapporto_di_attivita_reale_2019
frozen,2025,0,CHL_SOLV,,kg,,,n.d.,pressione aggregata relativa al 2019; non pericolosita,intensita_fisica_2012_riscalata_per_rapporto_di_attivita_reale_2019
frozen,2025,0,PB,162274779.04195043,kg,61.738057678088595,0.617380576780886,verde,pressione aggregata relativa al 2019; non pericolosita,intensita_fisica_2012_riscalata_per_rapporto_di_attivita_reale_2019
frozen,2025,0,HG,749895.8871404649,kg,62.16325124137256,0.6216325124137256,verde,pressione aggregata relativa al 2019; non pericolosita,intensita_fisica_2012_riscalata_per_rapporto_di_attivita_reale_2019
frozen,2025,0,AS,35834537.63382387,kg,61.748215311410384,0.6174821531141038,verde,pressione aggregata relativa al 2019; non pericolosita,intensita_fisica_2012_riscalata_per_rapporto_di_attivita_reale_2019
frozen,2025,0,CD,50627.18522118228,kg,86.63182409297796,0.8663182409297796,verde,pressione aggregata relativa al 2019; non pericolosita,intensita_fisica_2012_riscalata_per_rapporto_di_attivita_reale_2019
frozen,2025,0,CR,650974.9925311623,kg,83.72787384886834,0.8372787384886834,verde,pressione aggregata relativa al 2019; non pericolosita,intensita_fisica_2012_riscalata_per_rapporto_di_attivita_reale_2019
frozen,2025,0,NI,1279126.5467015516,kg,71.96044061375683,0.7196044061375683,verde,pressione aggregata relativa al 2019; non pericolosita,intensita_fisica_2012_riscalata_per_rapporto_di_attivita_reale_2019
frozen,2025,0,MN,9617787.225405762,kg,69.99305902688549,0.699930590268855,verde,pressione aggregata relativa al 2019; non pericolosita,intensita_fisica_2012_riscalata_per_rapporto_di_attivita_reale_2019
frozen,2025,0,CU,2488121.8423908423,kg,67.13790305755349,0.6713790305755348,verde,pressione aggregata relativa al 2019; non pericolosita,intensita_fisica_2012_riscalata_per_rapporto_di_attivita_reale_2019
frozen,2025,0,ZN,88701559.79054196,kg,62.23758097152502,0.6223758097152502,verde,pressione aggregata relativa al 2019; non pericolosita,intensita_fisica_2012_riscalata_per_rapporto_di_attivita_reale_2019
frozen,2025,0,SE,218223.6390975274,kg,75.13726183390773,0.7513726183390773,verde,pressione aggregata relativa al 2019; non pericolosita,intensita_fisica_2012_riscalata_per_rapporto_di_attivita_reale_2019
frozen,2025,0,COB,139315.17625284803,kg,81.74602992980631,0.8174602992980632,verde,pressione aggregata relativa al 2019; non pericolosita,intensita_fisica_2012_riscalata_per_rapporto_di_attivita_reale_2019
frozen,2025,0,SB,92118.90640829792,kg,69.79736089777863,0.6979736089777864,verde,pressione aggregata relativa al 2019; non pericolosita,intensita_fisica_2012_riscalata_per_rapporto_di_attivita_reale_2019
frozen,2025,0,BE,17383.940160447564,kg,95.90607443391437,0.9590607443391437,verde,pressione aggregata relativa al 2019; non pericolosita,intensita_fisica_2012_riscalata_per_rapporto_di_attivita_reale_2019
frozen,2025,0,TN,1500873001.3627827,kg,103.95213252965199,1.0395213252965199,giallo,pressione aggregata relativa al 2019; non pericolosita,intensita_fisica_2012_riscalata_per_rapporto_di_attivita_reale_2019
frozen,2025,0,NO3,51276633.498601064,kg,91.19038049109012,0.9119038049109013,verde,pressione aggregata relativa al 2019; non pericolosita,intensita_fisica_2012_riscalata_per_rapporto_di_attivita_reale_2019
frozen,2025,0,NH3_W,384620.42867785547,kg,88.03541752161644,0.8803541752161643,verde,pressione aggregata relativa al 2019; non pericolosita,intensita_fisica_2012_riscalata_per_rapporto_di_attivita_reale_2019
frozen,2025,0,TP,252044216.46399778,kg,102.29479393016227,1.0229479393016228,giallo,pressione aggregata relativa al 2019; non pericolosita,intensita_fisica_2012_riscalata_per_rapporto_di_attivita_reale_2019
frozen,2025,0,BOD,51606602.89418513,kg,88.80569281204474,0.8880569281204475,verde,pressione aggregata relativa al 2019; non pericolosita,intensita_fisica_2012_riscalata_per_rapporto_di_attivita_reale_2019
frozen,2025,0,COD,58408204.25568324,kg,78.83886135927922,0.7883886135927922,verde,pressione aggregata relativa al 2019; non pericolosita,intensita_fisica_2012_riscalata_per_rapporto_di_attivita_reale_2019
frozen,2025,0,TSS,449452921.2621714,kg,73.1961202576408,0.731961202576408,verde,pressione aggregata relativa al 2019; non pericolosita,intensita_fisica_2012_riscalata_per_rapporto_di_attivita_reale_2019
frozen,2025,0,OIL,18151737.72397273,kg,88.31140547066686,0.8831140547066686,verde,pressione aggregata relativa al 2019; non pericolosita,intensita_fisica_2012_riscalata_per_rapporto_di_attivita_reale_2019
frozen,2025,0,TDS,3207377746.0395517,kg,70.13434821429368,0.7013434821429368,verde,pressione aggregata relativa al 2019; non pericolosita,intensita_fisica_2012_riscalata_per_rapporto_di_attivita_reale_2019
frozen,2025,0,PATH,,kg,,,n.d.,pressione aggregata relativa al 2019; non pericolosita,intensita_fisica_2012_riscalata_per_rapporto_di_attivita_reale_2019
frozen,2025,0,THERM,,kg,,,n.d.,pressione aggregata relativa al 2019; non pericolosita,intensita_fisica_2012_riscalata_per_rapporto_di_attivita_reale_2019
frozen,2025,0,PEST,19477780.818374995,kg,104.22532044084912,1.0422532044084911,giallo,pressione aggregata relativa al 2019; non pericolosita,intensita_fisica_2012_riscalata_per_rapporto_di_attivita_reale_2019
frozen,2025,0,SILICA,,kg,,,n.d.,pressione aggregata relativa al 2019; non pericolosita,intensita_fisica_2012_riscalata_per_rapporto_di_attivita_reale_2019
frozen,2025,0,ASBEST,286.83727985795326,kg,102.62401238712293,1.0262401238712293,giallo,pressione aggregata relativa al 2019; non pericolosita,intensita_fisica_2012_riscalata_per_rapporto_di_attivita_reale_2019
frozen,2025,0,PHARMA,,kg,,,n.d.,pressione aggregata relativa al 2019; non pericolosita,intensita_fisica_2012_riscalata_per_rapporto_di_attivita_reale_2019
frozen,2026,0,CO2,3524098736959.8354,kg,91.42812829240638,0.9142812829240639,verde,pressione aggregata relativa al 2019; non pericolosita,intensita_fisica_2012_riscalata_per_rapporto_di_attivita_reale_2019
frozen,2026,0,CH4,18951992510.538612,kg,94.6050924877125,0.9460509248771249,verde,pressione aggregata relativa al 2019; non pericolosita,intensita_fisica_2012_riscalata_per_rapporto_di_attivita_reale_2019
frozen,2026,0,N2O,1214814149.221052,kg,101.51414824030995,1.0151414824030995,verde,pressione aggregata relativa al 2019; non pericolosita,intensita_fisica_2012_riscalata_per_rapporto_di_attivita_reale_2019
frozen,2026,0,FGAS,,kg,,,n.d.,pressione aggregata relativa al 2019; non pericolosita,intensita_fisica_2012_riscalata_per_rapporto_di_attivita_reale_2019
frozen,2026,0,PM25,0.0,kg,,,n.d.,pressione aggregata relativa al 2019; non pericolosita,intensita_fisica_2012_riscalata_per_rapporto_di_attivita_reale_2019
frozen,2026,0,PM10,0.0,kg,,,n.d.,pressione aggregata relativa al 2019; non pericolosita,intensita_fisica_2012_riscalata_per_rapporto_di_attivita_reale_2019
frozen,2026,0,NOX,4149749299.946296,kg,85.5445164226382,0.855445164226382,verde,pressione aggregata relativa al 2019; non pericolosita,intensita_fisica_2012_riscalata_per_rapporto_di_attivita_reale_2019
frozen,2026,0,SO2,1344883379.5343835,kg,89.78057514666342,0.8978057514666342,verde,pressione aggregata relativa al 2019; non pericolosita,intensita_fisica_2012_riscalata_per_rapporto_di_attivita_reale_2019
frozen,2026,0,CO,6626052614.85835,kg,87.90432380876946,0.8790432380876946,verde,pressione aggregata relativa al 2019; non pericolosita,intensita_fisica_2012_riscalata_per_rapporto_di_attivita_reale_2019
frozen,2026,0,VOC,3398958601.440207,kg,89.82893729398782,0.8982893729398782,verde,pressione aggregata relativa al 2019; non pericolosita,intensita_fisica_2012_riscalata_per_rapporto_di_attivita_reale_2019
frozen,2026,0,NH3_AIR,2931610742.1765947,kg,103.30752327269921,1.033075232726992,giallo,pressione aggregata relativa al 2019; non pericolosita,intensita_fisica_2012_riscalata_per_rapporto_di_attivita_reale_2019
frozen,2026,0,H2S,6848771.7026591655,kg,85.94045036385472,0.8594045036385473,verde,pressione aggregata relativa al 2019; non pericolosita,intensita_fisica_2012_riscalata_per_rapporto_di_attivita_reale_2019
frozen,2026,0,BENZ,33198308.235509086,kg,86.63187351337487,0.8663187351337487,verde,pressione aggregata relativa al 2019; non pericolosita,intensita_fisica_2012_riscalata_per_rapporto_di_attivita_reale_2019
frozen,2026,0,TXYL,123650315.26162118,kg,92.57827188472372,0.9257827188472372,verde,pressione aggregata relativa al 2019; non pericolosita,intensita_fisica_2012_riscalata_per_rapporto_di_attivita_reale_2019
frozen,2026,0,MEOH,58939899.85197598,kg,88.22924360199622,0.8822924360199622,verde,pressione aggregata relativa al 2019; non pericolosita,intensita_fisica_2012_riscalata_per_rapporto_di_attivita_reale_2019
frozen,2026,0,FORM,53823394.400580645,kg,82.98237989124569,0.8298237989124568,verde,pressione aggregata relativa al 2019; non pericolosita,intensita_fisica_2012_riscalata_per_rapporto_di_attivita_reale_2019
frozen,2026,0,STYR,10979536.199182123,kg,85.42770211881987,0.8542770211881987,verde,pressione aggregata relativa al 2019; non pericolosita,intensita_fisica_2012_riscalata_per_rapporto_di_attivita_reale_2019
frozen,2026,0,ETO,83963.6169971083,kg,86.31157833035633,0.8631157833035633,verde,pressione aggregata relativa al 2019; non pericolosita,intensita_fisica_2012_riscalata_per_rapporto_di_attivita_reale_2019
frozen,2026,0,PHEN,3144368.8996646237,kg,87.35001892217032,0.8735001892217032,verde,pressione aggregata relativa al 2019; non pericolosita,intensita_fisica_2012_riscalata_per_rapporto_di_attivita_reale_2019
frozen,2026,0,CYAN,4057043.6901831343,kg,90.22992418494715,0.9022992418494715,verde,pressione aggregata relativa al 2019; non pericolosita,intensita_fisica_2012_riscalata_per_rapporto_di_attivita_reale_2019
frozen,2026,0,CL2,864150.1823652725,kg,81.21225877559863,0.8121225877559862,verde,pressione aggregata relativa al 2019; non pericolosita,intensita_fisica_2012_riscalata_per_rapporto_di_attivita_reale_2019
frozen,2026,0,HCL,12424690.181507912,kg,81.82337459215304,0.8182337459215304,verde,pressione aggregata relativa al 2019; non pericolosita,intensita_fisica_2012_riscalata_per_rapporto_di_attivita_reale_2019
frozen,2026,0,H2SO4,21881193.756875753,kg,95.15944837672923,0.9515944837672923,verde,pressione aggregata relativa al 2019; non pericolosita,intensita_fisica_2012_riscalata_per_rapporto_di_attivita_reale_2019
frozen,2026,0,HF,2897482.9355689404,kg,87.97734100776107,0.8797734100776107,verde,pressione aggregata relativa al 2019; non pericolosita,intensita_fisica_2012_riscalata_per_rapporto_di_attivita_reale_2019
frozen,2026,0,DIOX,1.4968653145931514,kg,80.17162607249342,0.8017162607249342,verde,pressione aggregata relativa al 2019; non pericolosita,intensita_fisica_2012_riscalata_per_rapporto_di_attivita_reale_2019
frozen,2026,0,PFAS,182.36361213172742,kg,15.322489267997504,0.15322489267997505,verde,pressione aggregata relativa al 2019; non pericolosita,intensita_fisica_2012_riscalata_per_rapporto_di_attivita_reale_2019
frozen,2026,0,CHL_SOLV,,kg,,,n.d.,pressione aggregata relativa al 2019; non pericolosita,intensita_fisica_2012_riscalata_per_rapporto_di_attivita_reale_2019
frozen,2026,0,PB,160133012.40194017,kg,60.923214403399705,0.6092321440339971,verde,pressione aggregata relativa al 2019; non pericolosita,intensita_fisica_2012_riscalata_per_rapporto_di_attivita_reale_2019
frozen,2026,0,HG,739969.7230393376,kg,61.340413506877965,0.6134041350687797,verde,pressione aggregata relativa al 2019; non pericolosita,intensita_fisica_2012_riscalata_per_rapporto_di_attivita_reale_2019
frozen,2026,0,AS,35365661.058659755,kg,60.94027153343953,0.6094027153343953,verde,pressione aggregata relativa al 2019; non pericolosita,intensita_fisica_2012_riscalata_per_rapporto_di_attivita_reale_2019
frozen,2026,0,CD,49811.642004164336,kg,85.23628933811747,0.8523628933811747,verde,pressione aggregata relativa al 2019; non pericolosita,intensita_fisica_2012_riscalata_per_rapporto_di_attivita_reale_2019
frozen,2026,0,CR,641178.0722697015,kg,82.46780193647496,0.8246780193647495,verde,pressione aggregata relativa al 2019; non pericolosita,intensita_fisica_2012_riscalata_per_rapporto_di_attivita_reale_2019
frozen,2026,0,NI,1261732.3177730285,kg,70.98188506656659,0.709818850665666,verde,pressione aggregata relativa al 2019; non pericolosita,intensita_fisica_2012_riscalata_per_rapporto_di_attivita_reale_2019
frozen,2026,0,MN,9475337.85524005,kg,68.95638947486901,0.6895638947486901,verde,pressione aggregata relativa al 2019; non pericolosita,intensita_fisica_2012_riscalata_per_rapporto_di_attivita_reale_2019
frozen,2026,0,CU,2438863.7252886705,kg,65.8087532408285,0.658087532408285,verde,pressione aggregata relativa al 2019; non pericolosita,intensita_fisica_2012_riscalata_per_rapporto_di_attivita_reale_2019
frozen,2026,0,ZN,87535158.28495958,kg,61.41917362535868,0.6141917362535868,verde,pressione aggregata relativa al 2019; non pericolosita,intensita_fisica_2012_riscalata_per_rapporto_di_attivita_reale_2019
frozen,2026,0,SE,215148.51034688935,kg,74.07845466221353,0.7407845466221353,verde,pressione aggregata relativa al 2019; non pericolosita,intensita_fisica_2012_riscalata_per_rapporto_di_attivita_reale_2019
frozen,2026,0,COB,137270.93341179995,kg,80.54652861944788,0.8054652861944788,verde,pressione aggregata relativa al 2019; non pericolosita,intensita_fisica_2012_riscalata_per_rapporto_di_attivita_reale_2019
frozen,2026,0,SB,90650.2351715377,kg,68.68456678906453,0.6868456678906454,verde,pressione aggregata relativa al 2019; non pericolosita,intensita_fisica_2012_riscalata_per_rapporto_di_attivita_reale_2019
frozen,2026,0,BE,17193.1932749256,kg,94.8537361934429,0.948537361934429,verde,pressione aggregata relativa al 2019; non pericolosita,intensita_fisica_2012_riscalata_per_rapporto_di_attivita_reale_2019
frozen,2026,0,TN,1495444551.931935,kg,103.57615208750023,1.0357615208750024,giallo,pressione aggregata relativa al 2019; non pericolosita,intensita_fisica_2012_riscalata_per_rapporto_di_attivita_reale_2019
frozen,2026,0,NO3,50713495.71441349,kg,90.18889608571521,0.9018889608571521,verde,pressione aggregata relativa al 2019; non pericolosita,intensita_fisica_2012_riscalata_per_rapporto_di_attivita_reale_2019
frozen,2026,0,NH3_W,377453.1871006179,kg,86.39491416380109,0.863949141638011,verde,pressione aggregata relativa al 2019; non pericolosita,intensita_fisica_2012_riscalata_per_rapporto_di_attivita_reale_2019
frozen,2026,0,TP,250647887.0192782,kg,101.7280789512982,1.017280789512982,verde,pressione aggregata relativa al 2019; non pericolosita,intensita_fisica_2012_riscalata_per_rapporto_di_attivita_reale_2019
frozen,2026,0,BOD,50895471.79591785,kg,87.58196394170416,0.8758196394170417,verde,pressione aggregata relativa al 2019; non pericolosita,intensita_fisica_2012_riscalata_per_rapporto_di_attivita_reale_2019
frozen,2026,0,COD,57246568.423474364,kg,77.27089590831989,0.7727089590831989,verde,pressione aggregata relativa al 2019; non pericolosita,intensita_fisica_2012_riscalata_per_rapporto_di_attivita_reale_2019
frozen,2026,0,TSS,442424770.496319,kg,72.05154349707261,0.7205154349707261,verde,pressione aggregata relativa al 2019; non pericolosita,intensita_fisica_2012_riscalata_per_rapporto_di_attivita_reale_2019
frozen,2026,0,OIL,17924430.5083568,kg,87.20551577625179,0.8720551577625179,verde,pressione aggregata relativa al 2019; non pericolosita,intensita_fisica_2012_riscalata_per_rapporto_di_attivita_reale_2019
frozen,2026,0,TDS,3167975589.8686876,kg,69.27275823017234,0.6927275823017235,verde,pressione aggregata relativa al 2019; non pericolosita,intensita_fisica_2012_riscalata_per_rapporto_di_attivita_reale_2019
frozen,2026,0,PATH,,kg,,,n.d.,pressione aggregata relativa al 2019; non pericolosita,intensita_fisica_2012_riscalata_per_rapporto_di_attivita_reale_2019
frozen,2026,0,THERM,,kg,,,n.d.,pressione aggregata relativa al 2019; non pericolosita,intensita_fisica_2012_riscalata_per_rapporto_di_attivita_reale_2019
frozen,2026,0,PEST,19409838.15220923,kg,103.86176022735437,1.0386176022735436,giallo,pressione aggregata relativa al 2019; non pericolosita,intensita_fisica_2012_riscalata_per_rapporto_di_attivita_reale_2019
frozen,2026,0,SILICA,,kg,,,n.d.,pressione aggregata relativa al 2019; non pericolosita,intensita_fisica_2012_riscalata_per_rapporto_di_attivita_reale_2019
frozen,2026,0,ASBEST,279.8534062172777,kg,100.12533740538514,1.0012533740538514,verde,pressione aggregata relativa al 2019; non pericolosita,intensita_fisica_2012_riscalata_per_rapporto_di_attivita_reale_2019
frozen,2026,0,PHARMA,,kg,,,n.d.,pressione aggregata relativa al 2019; non pericolosita,intensita_fisica_2012_riscalata_per_rapporto_di_attivita_reale_2019
historical,2019,1,CO2,3853722084142.5767,kg,100.0,1.0,verde,pressione aggregata relativa al 2019; non pericolosita,intensita_fisica_2012_riscalata_per_rapporto_di_attivita_reale_2019
historical,2019,1,CH4,19995993832.381233,kg,100.0,1.0,verde,pressione aggregata relativa al 2019; non pericolosita,intensita_fisica_2012_riscalata_per_rapporto_di_attivita_reale_2019
historical,2019,1,N2O,1245312078.4079542,kg,100.0,1.0,verde,pressione aggregata relativa al 2019; non pericolosita,intensita_fisica_2012_riscalata_per_rapporto_di_attivita_reale_2019
historical,2019,1,FGAS,,kg,,,n.d.,pressione aggregata relativa al 2019; non pericolosita,intensita_fisica_2012_riscalata_per_rapporto_di_attivita_reale_2019
historical,2019,1,PM25,0.0,kg,,,n.d.,pressione aggregata relativa al 2019; non pericolosita,intensita_fisica_2012_riscalata_per_rapporto_di_attivita_reale_2019
historical,2019,1,PM10,0.0,kg,,,n.d.,pressione aggregata relativa al 2019; non pericolosita,intensita_fisica_2012_riscalata_per_rapporto_di_attivita_reale_2019
historical,2019,1,NOX,4729382707.46463,kg,100.0,1.0,verde,pressione aggregata relativa al 2019; non pericolosita,intensita_fisica_2012_riscalata_per_rapporto_di_attivita_reale_2019
historical,2019,1,SO2,1490525058.665215,kg,100.0,1.0,verde,pressione aggregata relativa al 2019; non pericolosita,intensita_fisica_2012_riscalata_per_rapporto_di_attivita_reale_2019
historical,2019,1,CO,7428718520.75738,kg,100.0,1.0,verde,pressione aggregata relativa al 2019; non pericolosita,intensita_fisica_2012_riscalata_per_rapporto_di_attivita_reale_2019
historical,2019,1,VOC,3816807621.224682,kg,100.0,1.0,verde,pressione aggregata relativa al 2019; non pericolosita,intensita_fisica_2012_riscalata_per_rapporto_di_attivita_reale_2019
historical,2019,1,NH3_AIR,2976005148.7213387,kg,100.0,1.0,verde,pressione aggregata relativa al 2019; non pericolosita,intensita_fisica_2012_riscalata_per_rapporto_di_attivita_reale_2019
historical,2019,1,H2S,7910481.323051224,kg,100.0,1.0,verde,pressione aggregata relativa al 2019; non pericolosita,intensita_fisica_2012_riscalata_per_rapporto_di_attivita_reale_2019
historical,2019,1,BENZ,38124068.152821176,kg,100.0,1.0,verde,pressione aggregata relativa al 2019; non pericolosita,intensita_fisica_2012_riscalata_per_rapporto_di_attivita_reale_2019
historical,2019,1,TXYL,134862346.25723398,kg,100.0,1.0,verde,pressione aggregata relativa al 2019; non pericolosita,intensita_fisica_2012_riscalata_per_rapporto_di_attivita_reale_2019
historical,2019,1,MEOH,67412984.0533216,kg,100.0,1.0,verde,pressione aggregata relativa al 2019; non pericolosita,intensita_fisica_2012_riscalata_per_rapporto_di_attivita_reale_2019
historical,2019,1,FORM,62526265.01111431,kg,100.0,1.0,verde,pressione aggregata relativa al 2019; non pericolosita,intensita_fisica_2012_riscalata_per_rapporto_di_attivita_reale_2019
historical,2019,1,STYR,13573776.205887375,kg,100.0,1.0,verde,pressione aggregata relativa al 2019; non pericolosita,intensita_fisica_2012_riscalata_per_rapporto_di_attivita_reale_2019
historical,2019,1,ETO,96202.07866392698,kg,100.0,1.0,verde,pressione aggregata relativa al 2019; non pericolosita,intensita_fisica_2012_riscalata_per_rapporto_di_attivita_reale_2019
historical,2019,1,PHEN,3539581.359971831,kg,100.0,1.0,verde,pressione aggregata relativa al 2019; non pericolosita,intensita_fisica_2012_riscalata_per_rapporto_di_attivita_reale_2019
historical,2019,1,CYAN,4449596.223710557,kg,100.0,1.0,verde,pressione aggregata relativa al 2019; non pericolosita,intensita_fisica_2012_riscalata_per_rapporto_di_attivita_reale_2019
historical,2019,1,CL2,1001606.5739931532,kg,100.0,1.0,verde,pressione aggregata relativa al 2019; non pericolosita,intensita_fisica_2012_riscalata_per_rapporto_di_attivita_reale_2019
historical,2019,1,HCL,14546331.480251752,kg,100.0,1.0,verde,pressione aggregata relativa al 2019; non pericolosita,intensita_fisica_2012_riscalata_per_rapporto_di_attivita_reale_2019
historical,2019,1,H2SO4,23508842.568449758,kg,100.0,1.0,verde,pressione aggregata relativa al 2019; non pericolosita,intensita_fisica_2012_riscalata_per_rapporto_di_attivita_reale_2019
historical,2019,1,HF,3238212.805838581,kg,100.0,1.0,verde,pressione aggregata relativa al 2019; non pericolosita,intensita_fisica_2012_riscalata_per_rapporto_di_attivita_reale_2019
historical,2019,1,DIOX,1.7842142294346393,kg,100.0,1.0,verde,pressione aggregata relativa al 2019; non pericolosita,intensita_fisica_2012_riscalata_per_rapporto_di_attivita_reale_2019
historical,2019,1,PFAS,595.3892374337026,kg,100.0,1.0,verde,pressione aggregata relativa al 2019; non pericolosita,intensita_fisica_2012_riscalata_per_rapporto_di_attivita_reale_2019
historical,2019,1,CHL_SOLV,,kg,,,n.d.,pressione aggregata relativa al 2019; non pericolosita,intensita_fisica_2012_riscalata_per_rapporto_di_attivita_reale_2019
historical,2019,1,PB,207650582.96369267,kg,100.0,1.0,verde,pressione aggregata relativa al 2019; non pericolosita,intensita_fisica_2012_riscalata_per_rapporto_di_attivita_reale_2019
historical,2019,1,HG,958234.7670759961,kg,100.0,1.0,verde,pressione aggregata relativa al 2019; non pericolosita,intensita_fisica_2012_riscalata_per_rapporto_di_attivita_reale_2019
historical,2019,1,AS,45876678.17376189,kg,100.0,1.0,verde,pressione aggregata relativa al 2019; non pericolosita,intensita_fisica_2012_riscalata_per_rapporto_di_attivita_reale_2019
historical,2019,1,CD,56144.489303486145,kg,100.0,1.0,verde,pressione aggregata relativa al 2019; non pericolosita,intensita_fisica_2012_riscalata_per_rapporto_di_attivita_reale_2019
historical,2019,1,CR,760096.4031032338,kg,100.0,1.0,verde,pressione aggregata relativa al 2019; non pericolosita,intensita_fisica_2012_riscalata_per_rapporto_di_attivita_reale_2019
historical,2019,1,NI,1550795.4260645488,kg,100.0,1.0,verde,pressione aggregata relativa al 2019; non pericolosita,intensita_fisica_2012_riscalata_per_rapporto_di_attivita_reale_2019
historical,2019,1,MN,11895822.88408363,kg,100.0,1.0,verde,pressione aggregata relativa al 2019; non pericolosita,intensita_fisica_2012_riscalata_per_rapporto_di_attivita_reale_2019
historical,2019,1,CU,3091906.3421999672,kg,100.0,1.0,verde,pressione aggregata relativa al 2019; non pericolosita,intensita_fisica_2012_riscalata_per_rapporto_di_attivita_reale_2019
historical,2019,1,ZN,113115519.4713173,kg,100.0,1.0,verde,pressione aggregata relativa al 2019; non pericolosita,intensita_fisica_2012_riscalata_per_rapporto_di_attivita_reale_2019
historical,2019,1,SE,262262.6492214091,kg,100.0,1.0,verde,pressione aggregata relativa al 2019; non pericolosita,intensita_fisica_2012_riscalata_per_rapporto_di_attivita_reale_2019
historical,2019,1,COB,166764.9571302037,kg,100.0,1.0,verde,pressione aggregata relativa al 2019; non pericolosita,intensita_fisica_2012_riscalata_per_rapporto_di_attivita_reale_2019
historical,2019,1,SB,111971.75423643565,kg,100.0,1.0,verde,pressione aggregata relativa al 2019; non pericolosita,intensita_fisica_2012_riscalata_per_rapporto_di_attivita_reale_2019
historical,2019,1,BE,18548.21685786352,kg,100.0,1.0,verde,pressione aggregata relativa al 2019; non pericolosita,intensita_fisica_2012_riscalata_per_rapporto_di_attivita_reale_2019
historical,2019,1,TN,1515960071.345596,kg,100.0,1.0,verde,pressione aggregata relativa al 2019; non pericolosita,intensita_fisica_2012_riscalata_per_rapporto_di_attivita_reale_2019
historical,2019,1,NO3,56527385.9905537,kg,100.0,1.0,verde,pressione aggregata relativa al 2019; non pericolosita,intensita_fisica_2012_riscalata_per_rapporto_di_attivita_reale_2019
historical,2019,1,NH3_W,433657.32356405613,kg,100.0,1.0,verde,pressione aggregata relativa al 2019; non pericolosita,intensita_fisica_2012_riscalata_per_rapporto_di_attivita_reale_2019
historical,2019,1,TP,257500807.53233457,kg,100.0,1.0,verde,pressione aggregata relativa al 2019; non pericolosita,intensita_fisica_2012_riscalata_per_rapporto_di_attivita_reale_2019
historical,2019,1,BOD,57857245.24793238,kg,100.0,1.0,verde,pressione aggregata relativa al 2019; non pericolosita,intensita_fisica_2012_riscalata_per_rapporto_di_attivita_reale_2019
historical,2019,1,COD,69600217.77163945,kg,100.0,1.0,verde,pressione aggregata relativa al 2019; non pericolosita,intensita_fisica_2012_riscalata_per_rapporto_di_attivita_reale_2019
historical,2019,1,TSS,541040049.258381,kg,100.0,1.0,verde,pressione aggregata relativa al 2019; non pericolosita,intensita_fisica_2012_riscalata_per_rapporto_di_attivita_reale_2019
historical,2019,1,OIL,20008866.145362966,kg,100.0,1.0,verde,pressione aggregata relativa al 2019; non pericolosita,intensita_fisica_2012_riscalata_per_rapporto_di_attivita_reale_2019
historical,2019,1,TDS,3865403984.6749387,kg,100.0,1.0,verde,pressione aggregata relativa al 2019; non pericolosita,intensita_fisica_2012_riscalata_per_rapporto_di_attivita_reale_2019
historical,2019,1,PATH,,kg,,,n.d.,pressione aggregata relativa al 2019; non pericolosita,intensita_fisica_2012_riscalata_per_rapporto_di_attivita_reale_2019
historical,2019,1,THERM,,kg,,,n.d.,pressione aggregata relativa al 2019; non pericolosita,intensita_fisica_2012_riscalata_per_rapporto_di_attivita_reale_2019
historical,2019,1,PEST,19647995.71624004,kg,100.0,1.0,verde,pressione aggregata relativa al 2019; non pericolosita,intensita_fisica_2012_riscalata_per_rapporto_di_attivita_reale_2019
historical,2019,1,SILICA,,kg,,,n.d.,pressione aggregata relativa al 2019; non pericolosita,intensita_fisica_2012_riscalata_per_rapporto_di_attivita_reale_2019
historical,2019,1,ASBEST,313.7443458486794,kg,100.0,1.0,verde,pressione aggregata relativa al 2019; non pericolosita,intensita_fisica_2012_riscalata_per_rapporto_di_attivita_reale_2019
historical,2019,1,PHARMA,,kg,,,n.d.,pressione aggregata relativa al 2019; non pericolosita,intensita_fisica_2012_riscalata_per_rapporto_di_attivita_reale_2019
historical,2020,1,CO2,3898734031906.5376,kg,101.16801229515686,1.0116801229515686,verde,pressione aggregata relativa al 2019; non pericolosita,intensita_fisica_2012_riscalata_per_rapporto_di_attivita_reale_2019
historical,2020,1,CH4,20136286866.779934,kg,100.70160570949722,1.0070160570949722,verde,pressione aggregata relativa al 2019; non pericolosita,intensita_fisica_2012_riscalata_per_rapporto_di_attivita_reale_2019
historical,2020,1,N2O,1295731280.972844,kg,104.0487202717368,1.040487202717368,giallo,pressione aggregata relativa al 2019; non pericolosita,intensita_fisica_2012_riscalata_per_rapporto_di_attivita_reale_2019
historical,2020,1,FGAS,,kg,,,n.d.,pressione aggregata relativa al 2019; non pericolosita,intensita_fisica_2012_riscalata_per_rapporto_di_attivita_reale_2019
historical,2020,1,PM25,0.0,kg,,,n.d.,pressione aggregata relativa al 2019; non pericolosita,intensita_fisica_2012_riscalata_per_rapporto_di_attivita_reale_2019
historical,2020,1,PM10,0.0,kg,,,n.d.,pressione aggregata relativa al 2019; non pericolosita,intensita_fisica_2012_riscalata_per_rapporto_di_attivita_reale_2019
historical,2020,1,NOX,4849272369.220662,kg,102.53499598513784,1.0253499598513784,giallo,pressione aggregata relativa al 2019; non pericolosita,intensita_fisica_2012_riscalata_per_rapporto_di_attivita_reale_2019
historical,2020,1,SO2,1519188947.9012477,kg,101.92307328678538,1.0192307328678538,verde,pressione aggregata relativa al 2019; non pericolosita,intensita_fisica_2012_riscalata_per_rapporto_di_attivita_reale_2019
historical,2020,1,CO,7798687095.8408,kg,104.98024758980505,1.0498024758980504,giallo,pressione aggregata relativa al 2019; non pericolosita,intensita_fisica_2012_riscalata_per_rapporto_di_attivita_reale_2019
historical,2020,1,VOC,3654018647.7581773,kg,95.73494423556325,0.9573494423556325,verde,pressione aggregata relativa al 2019; non pericolosita,intensita_fisica_2012_riscalata_per_rapporto_di_attivita_reale_2019
historical,2020,1,NH3_AIR,3120692440.3607235,kg,104.86179574324832,1.0486179574324832,giallo,pressione aggregata relativa al 2019; non pericolosita,intensita_fisica_2012_riscalata_per_rapporto_di_attivita_reale_2019
historical,2020,1,H2S,7974059.41613085,kg,100.80371965349768,1.0080371965349768,verde,pressione aggregata relativa al 2019; non pericolosita,intensita_fisica_2012_riscalata_per_rapporto_di_attivita_reale_2019
historical,2020,1,BENZ,36504388.014627434,kg,95.75155481387448,0.9575155481387448,verde,pressione aggregata relativa al 2019; non pericolosita,intensita_fisica_2012_riscalata_per_rapporto_di_attivita_reale_2019
historical,2020,1,TXYL,134196615.47081365,kg,99.50636274327415,0.9950636274327415,verde,pressione aggregata relativa al 2019; non pericolosita,intensita_fisica_2012_riscalata_per_rapporto_di_attivita_reale_2019
historical,2020,1,MEOH,70019993.8624041,kg,103.86722208739556,1.0386722208739556,giallo,pressione aggregata relativa al 2019; non pericolosita,intensita_fisica_2012_riscalata_per_rapporto_di_attivita_reale_2019
historical,2020,1,FORM,64011072.5088493,kg,102.37469405452421,1.0237469405452422,giallo,pressione aggregata relativa al 2019; non pericolosita,intensita_fisica_2012_riscalata_per_rapporto_di_attivita_reale_2019
historical,2020,1,STYR,13329880.573430227,kg,98.20318510665173,0.9820318510665172,verde,pressione aggregata relativa al 2019; non pericolosita,intensita_fisica_2012_riscalata_per_rapporto_di_attivita_reale_2019
historical,2020,1,ETO,94682.78268840243,kg,98.42072437869864,0.9842072437869864,verde,pressione aggregata relativa al 2019; non pericolosita,intensita_fisica_2012_riscalata_per_rapporto_di_attivita_reale_2019
historical,2020,1,PHEN,3788352.4370593703,kg,107.02826271775594,1.0702826271775594,arancione,pressione aggregata relativa al 2019; non pericolosita,intensita_fisica_2012_riscalata_per_rapporto_di_attivita_reale_2019
historical,2020,1,CYAN,4017973.185025655,kg,90.29972570578622,0.9029972570578622,verde,pressione aggregata relativa al 2019; non pericolosita,intensita_fisica_2012_riscalata_per_rapporto_di_attivita_reale_2019
historical,2020,1,CL2,1057767.6542559587,kg,105.60709980555593,1.0560709980555594,arancione,pressione aggregata relativa al 2019; non pericolosita,intensita_fisica_2012_riscalata_per_rapporto_di_attivita_reale_2019
historical,2020,1,HCL,15376307.32481942,kg,105.7057399365225,1.057057399365225,arancione,pressione aggregata relativa al 2019; non pericolosita,intensita_fisica_2012_riscalata_per_rapporto_di_attivita_reale_2019
historical,2020,1,H2SO4,23774360.772329547,kg,101.12943971234097,1.0112943971234096,verde,pressione aggregata relativa al 2019; non pericolosita,intensita_fisica_2012_riscalata_per_rapporto_di_attivita_reale_2019
historical,2020,1,HF,3354440.0559857897,kg,103.58924064340825,1.0358924064340824,giallo,pressione aggregata relativa al 2019; non pericolosita,intensita_fisica_2012_riscalata_per_rapporto_di_attivita_reale_2019
historical,2020,1,DIOX,1.8706521320122966,kg,104.84459215444363,1.0484459215444364,giallo,pressione aggregata relativa al 2019; non pericolosita,intensita_fisica_2012_riscalata_per_rapporto_di_attivita_reale_2019
historical,2020,1,PFAS,1273.9168639753036,kg,213.9637037219968,2.139637037219968,rosso,pressione aggregata relativa al 2019; non pericolosita,intensita_fisica_2012_riscalata_per_rapporto_di_attivita_reale_2019
historical,2020,1,CHL_SOLV,,kg,,,n.d.,pressione aggregata relativa al 2019; non pericolosita,intensita_fisica_2012_riscalata_per_rapporto_di_attivita_reale_2019
historical,2020,1,PB,222107874.7191291,kg,106.9623169601042,1.069623169601042,arancione,pressione aggregata relativa al 2019; non pericolosita,intensita_fisica_2012_riscalata_per_rapporto_di_attivita_reale_2019
historical,2020,1,HG,1024180.1905439914,kg,106.88196940184338,1.0688196940184338,arancione,pressione aggregata relativa al 2019; non pericolosita,intensita_fisica_2012_riscalata_per_rapporto_di_attivita_reale_2019
historical,2020,1,AS,49027106.57821021,kg,106.8671676543707,1.068671676543707,arancione,pressione aggregata relativa al 2019; non pericolosita,intensita_fisica_2012_riscalata_per_rapporto_di_attivita_reale_2019
historical,2020,1,CD,57440.50792524494,kg,102.30836300737056,1.0230836300737056,giallo,pressione aggregata relativa al 2019; non pericolosita,intensita_fisica_2012_riscalata_per_rapporto_di_attivita_reale_2019
historical,2020,1,CR,771964.4047803951,kg,101.56138111280464,1.0156138111280464,verde,pressione aggregata relativa al 2019; non pericolosita,intensita_fisica_2012_riscalata_per_rapporto_di_attivita_reale_2019
historical,2020,1,NI,1614770.1776710213,kg,104.12528632282732,1.0412528632282732,giallo,pressione aggregata relativa al 2019; non pericolosita,intensita_fisica_2012_riscalata_per_rapporto_di_attivita_reale_2019
historical,2020,1,MN,12471714.053844329,kg,104.84112091590762,1.0484112091590763,giallo,pressione aggregata relativa al 2019; non pericolosita,intensita_fisica_2012_riscalata_per_rapporto_di_attivita_reale_2019
historical,2020,1,CU,3294279.240761102,kg,106.54524672364887,1.0654524672364887,arancione,pressione aggregata relativa al 2019; non pericolosita,intensita_fisica_2012_riscalata_per_rapporto_di_attivita_reale_2019
historical,2020,1,ZN,120829546.88592272,kg,106.819601280761,1.06819601280761,arancione,pressione aggregata relativa al 2019; non pericolosita,intensita_fisica_2012_riscalata_per_rapporto_di_attivita_reale_2019
historical,2020,1,SE,280414.9482356171,kg,106.92141983164491,1.0692141983164491,arancione,pressione aggregata relativa al 2019; non pericolosita,intensita_fisica_2012_riscalata_per_rapporto_di_attivita_reale_2019
historical,2020,1,COB,164908.22457370852,kg,98.88661707564526,0.9888661707564527,verde,pressione aggregata relativa al 2019; non pericolosita,intensita_fisica_2012_riscalata_per_rapporto_di_attivita_reale_2019
historical,2020,1,SB,117240.1291625907,kg,104.70509278173006,1.0470509278173006,giallo,pressione aggregata relativa al 2019; non pericolosita,intensita_fisica_2012_riscalata_per_rapporto_di_attivita_reale_2019
historical,2020,1,BE,18888.103347994595,kg,101.83244833040096,1.0183244833040097,verde,pressione aggregata relativa al 2019; non pericolosita,intensita_fisica_2012_riscalata_per_rapporto_di_attivita_reale_2019
historical,2020,1,TN,1590811028.9366796,kg,104.93752830341,1.0493752830341,giallo,pressione aggregata relativa al 2019; non pericolosita,intensita_fisica_2012_riscalata_per_rapporto_di_attivita_reale_2019
historical,2020,1,NO3,56032893.84768061,kg,99.12521668177665,0.9912521668177665,verde,pressione aggregata relativa al 2019; non pericolosita,intensita_fisica_2012_riscalata_per_rapporto_di_attivita_reale_2019
historical,2020,1,NH3_W,434786.1953890543,kg,100.26031425359554,1.0026031425359554,verde,pressione aggregata relativa al 2019; non pericolosita,intensita_fisica_2012_riscalata_per_rapporto_di_attivita_reale_2019
historical,2020,1,TP,268673562.20630234,kg,104.33892024690634,1.0433892024690634,giallo,pressione aggregata relativa al 2019; non pericolosita,intensita_fisica_2012_riscalata_per_rapporto_di_attivita_reale_2019
historical,2020,1,BOD,60867307.38590699,kg,105.20256732769727,1.0520256732769726,arancione,pressione aggregata relativa al 2019; non pericolosita,intensita_fisica_2012_riscalata_per_rapporto_di_attivita_reale_2019
historical,2020,1,COD,75948989.76635103,kg,109.12177030184316,1.0912177030184316,arancione,pressione aggregata relativa al 2019; non pericolosita,intensita_fisica_2012_riscalata_per_rapporto_di_attivita_reale_2019
historical,2020,1,TSS,636489808.4623451,kg,117.64190272694226,1.1764190272694226,rosso,pressione aggregata relativa al 2019; non pericolosita,intensita_fisica_2012_riscalata_per_rapporto_di_attivita_reale_2019
historical,2020,1,OIL,21388524.754782356,kg,106.89523633871241,1.068952363387124,arancione,pressione aggregata relativa al 2019; non pericolosita,intensita_fisica_2012_riscalata_per_rapporto_di_attivita_reale_2019
historical,2020,1,TDS,4219210405.990584,kg,109.15315508335925,1.0915315508335925,arancione,pressione aggregata relativa al 2019; non pericolosita,intensita_fisica_2012_riscalata_per_rapporto_di_attivita_reale_2019
historical,2020,1,PATH,,kg,,,n.d.,pressione aggregata relativa al 2019; non pericolosita,intensita_fisica_2012_riscalata_per_rapporto_di_attivita_reale_2019
historical,2020,1,THERM,,kg,,,n.d.,pressione aggregata relativa al 2019; non pericolosita,intensita_fisica_2012_riscalata_per_rapporto_di_attivita_reale_2019
historical,2020,1,PEST,20594316.64726096,kg,104.81637386676921,1.048163738667692,giallo,pressione aggregata relativa al 2019; non pericolosita,intensita_fisica_2012_riscalata_per_rapporto_di_attivita_reale_2019
historical,2020,1,SILICA,,kg,,,n.d.,pressione aggregata relativa al 2019; non pericolosita,intensita_fisica_2012_riscalata_per_rapporto_di_attivita_reale_2019
historical,2020,1,ASBEST,287.2836344186357,kg,91.56615512592987,0.9156615512592987,verde,pressione aggregata relativa al 2019; non pericolosita,intensita_fisica_2012_riscalata_per_rapporto_di_attivita_reale_2019
historical,2020,1,PHARMA,,kg,,,n.d.,pressione aggregata relativa al 2019; non pericolosita,intensita_fisica_2012_riscalata_per_rapporto_di_attivita_reale_2019
historical,2021,1,CO2,4025079775398.8413,kg,104.44655030941054,1.0444655030941055,giallo,pressione aggregata relativa al 2019; non pericolosita,intensita_fisica_2012_riscalata_per_rapporto_di_attivita_reale_2019
historical,2021,1,CH4,20967308434.978775,kg,104.85754602016635,1.0485754602016635,giallo,pressione aggregata relativa al 2019; non pericolosita,intensita_fisica_2012_riscalata_per_rapporto_di_attivita_reale_2019
historical,2021,1,N2O,1292477892.92243,kg,103.78746944900543,1.0378746944900543,giallo,pressione aggregata relativa al 2019; non pericolosita,intensita_fisica_2012_riscalata_per_rapporto_di_attivita_reale_2019
historical,2021,1,FGAS,,kg,,,n.d.,pressione aggregata relativa al 2019; non pericolosita,intensita_fisica_2012_riscalata_per_rapporto_di_attivita_reale_2019
historical,2021,1,PM25,0.0,kg,,,n.d.,pressione aggregata relativa al 2019; non pericolosita,intensita_fisica_2012_riscalata_per_rapporto_di_attivita_reale_2019
historical,2021,1,PM10,0.0,kg,,,n.d.,pressione aggregata relativa al 2019; non pericolosita,intensita_fisica_2012_riscalata_per_rapporto_di_attivita_reale_2019
historical,2021,1,NOX,4976332399.104738,kg,105.22160516319255,1.0522160516319254,arancione,pressione aggregata relativa al 2019; non pericolosita,intensita_fisica_2012_riscalata_per_rapporto_di_attivita_reale_2019
historical,2021,1,SO2,1538267845.270119,kg,103.20308513616392,1.0320308513616392,giallo,pressione aggregata relativa al 2019; non pericolosita,intensita_fisica_2012_riscalata_per_rapporto_di_attivita_reale_2019
historical,2021,1,CO,8211197386.475058,kg,110.53316078043972,1.105331607804397,rosso,pressione aggregata relativa al 2019; non pericolosita,intensita_fisica_2012_riscalata_per_rapporto_di_attivita_reale_2019
historical,2021,1,VOC,3942330682.0582647,kg,103.28869236519986,1.0328869236519986,giallo,pressione aggregata relativa al 2019; non pericolosita,intensita_fisica_2012_riscalata_per_rapporto_di_attivita_reale_2019
historical,2021,1,NH3_AIR,3100139356.630413,kg,104.17116912456987,1.0417116912456987,giallo,pressione aggregata relativa al 2019; non pericolosita,intensita_fisica_2012_riscalata_per_rapporto_di_attivita_reale_2019
historical,2021,1,H2S,8068431.99336399,kg,101.99672641729771,1.0199672641729771,verde,pressione aggregata relativa al 2019; non pericolosita,intensita_fisica_2012_riscalata_per_rapporto_di_attivita_reale_2019
historical,2021,1,BENZ,39583064.78010638,kg,103.82696993782716,1.0382696993782716,giallo,pressione aggregata relativa al 2019; non pericolosita,intensita_fisica_2012_riscalata_per_rapporto_di_attivita_reale_2019
historical,2021,1,TXYL,145738046.44395867,kg,108.06429703216092,1.0806429703216092,arancione,pressione aggregata relativa al 2019; non pericolosita,intensita_fisica_2012_riscalata_per_rapporto_di_attivita_reale_2019
historical,2021,1,MEOH,70570122.70366846,kg,104.68327977863976,1.0468327977863976,giallo,pressione aggregata relativa al 2019; non pericolosita,intensita_fisica_2012_riscalata_per_rapporto_di_attivita_reale_2019
historical,2021,1,FORM,66834291.13817465,kg,106.88994637100836,1.0688994637100837,arancione,pressione aggregata relativa al 2019; non pericolosita,intensita_fisica_2012_riscalata_per_rapporto_di_attivita_reale_2019
historical,2021,1,STYR,13064741.079446148,kg,96.24986356987054,0.9624986356987054,verde,pressione aggregata relativa al 2019; non pericolosita,intensita_fisica_2012_riscalata_per_rapporto_di_attivita_reale_2019
historical,2021,1,ETO,98593.81381852814,kg,102.48615745919219,1.0248615745919218,giallo,pressione aggregata relativa al 2019; non pericolosita,intensita_fisica_2012_riscalata_per_rapporto_di_attivita_reale_2019
historical,2021,1,PHEN,3824315.321258451,kg,108.0442835558634,1.080442835558634,arancione,pressione aggregata relativa al 2019; non pericolosita,intensita_fisica_2012_riscalata_per_rapporto_di_attivita_reale_2019
historical,2021,1,CYAN,4253878.590268481,kg,95.60145182614195,0.9560145182614196,verde,pressione aggregata relativa al 2019; non pericolosita,intensita_fisica_2012_riscalata_per_rapporto_di_attivita_reale_2019
historical,2021,1,CL2,1067745.5225855587,kg,106.60328619137613,1.0660328619137613,arancione,pressione aggregata relativa al 2019; non pericolosita,intensita_fisica_2012_riscalata_per_rapporto_di_attivita_reale_2019
historical,2021,1,HCL,15519254.655918468,kg,106.68844359134513,1.0668844359134513,arancione,pressione aggregata relativa al 2019; non pericolosita,intensita_fisica_2012_riscalata_per_rapporto_di_attivita_reale_2019
historical,2021,1,H2SO4,24000732.541400496,kg,102.09236150830702,1.0209236150830703,giallo,pressione aggregata relativa al 2019; non pericolosita,intensita_fisica_2012_riscalata_per_rapporto_di_attivita_reale_2019
historical,2021,1,HF,3393815.059891813,kg,104.80518926281425,1.0480518926281426,giallo,pressione aggregata relativa al 2019; non pericolosita,intensita_fisica_2012_riscalata_per_rapporto_di_attivita_reale_2019
historical,2021,1,DIOX,1.9073222947674973,kg,106.89984774820832,1.068998477482083,arancione,pressione aggregata relativa al 2019; non pericolosita,intensita_fisica_2012_riscalata_per_rapporto_di_attivita_reale_2019
historical,2021,1,PFAS,1108.8418668827287,kg,186.2381442536908,1.8623814425369078,rosso,pressione aggregata relativa al 2019; non pericolosita,intensita_fisica_2012_riscalata_per_rapporto_di_attivita_reale_2019
historical,2021,1,CHL_SOLV,,kg,,,n.d.,pressione aggregata relativa al 2019; non pericolosita,intensita_fisica_2012_riscalata_per_rapporto_di_attivita_reale_2019
historical,2021,1,PB,234779486.17209455,kg,113.06468916253674,1.1306468916253674,rosso,pressione aggregata relativa al 2019; non pericolosita,intensita_fisica_2012_riscalata_per_rapporto_di_attivita_reale_2019
historical,2021,1,HG,1080962.5937213383,kg,112.80769920505386,1.1280769920505387,rosso,pressione aggregata relativa al 2019; non pericolosita,intensita_fisica_2012_riscalata_per_rapporto_di_attivita_reale_2019
historical,2021,1,AS,51814327.10133904,kg,112.94263046920659,1.1294263046920658,rosso,pressione aggregata relativa al 2019; non pericolosita,intensita_fisica_2012_riscalata_per_rapporto_di_attivita_reale_2019
historical,2021,1,CD,58804.402842804266,kg,104.7376217547195,1.047376217547195,giallo,pressione aggregata relativa al 2019; non pericolosita,intensita_fisica_2012_riscalata_per_rapporto_di_attivita_reale_2019
historical,2021,1,CR,785370.709202721,kg,103.32514481009254,1.0332514481009254,giallo,pressione aggregata relativa al 2019; non pericolosita,intensita_fisica_2012_riscalata_per_rapporto_di_attivita_reale_2019
historical,2021,1,NI,1674222.265963471,kg,107.95893757645018,1.0795893757645019,arancione,pressione aggregata relativa al 2019; non pericolosita,intensita_fisica_2012_riscalata_per_rapporto_di_attivita_reale_2019
historical,2021,1,MN,12883190.939978065,kg,108.30012404787493,1.0830012404787492,arancione,pressione aggregata relativa al 2019; non pericolosita,intensita_fisica_2012_riscalata_per_rapporto_di_attivita_reale_2019
historical,2021,1,CU,3458104.555569455,kg,111.84376798130724,1.1184376798130724,rosso,pressione aggregata relativa al 2019; non pericolosita,intensita_fisica_2012_riscalata_per_rapporto_di_attivita_reale_2019
historical,2021,1,ZN,127615715.98942962,kg,112.81892757588328,1.1281892757588328,rosso,pressione aggregata relativa al 2019; non pericolosita,intensita_fisica_2012_riscalata_per_rapporto_di_attivita_reale_2019
historical,2021,1,SE,284340.3395026876,kg,108.41816032394303,1.0841816032394302,arancione,pressione aggregata relativa al 2019; non pericolosita,intensita_fisica_2012_riscalata_per_rapporto_di_attivita_reale_2019
historical,2021,1,COB,164192.08338705715,kg,98.45718561775676,0.9845718561775677,verde,pressione aggregata relativa al 2019; non pericolosita,intensita_fisica_2012_riscalata_per_rapporto_di_attivita_reale_2019
historical,2021,1,SB,121787.64560143214,kg,108.76639955489989,1.0876639955489988,arancione,pressione aggregata relativa al 2019; non pericolosita,intensita_fisica_2012_riscalata_per_rapporto_di_attivita_reale_2019
historical,2021,1,BE,19100.071902199415,kg,102.97524580699485,1.0297524580699484,giallo,pressione aggregata relativa al 2019; non pericolosita,intensita_fisica_2012_riscalata_per_rapporto_di_attivita_reale_2019
historical,2021,1,TN,1579014692.2502315,kg,104.15938533583322,1.0415938533583322,giallo,pressione aggregata relativa al 2019; non pericolosita,intensita_fisica_2012_riscalata_per_rapporto_di_attivita_reale_2019
historical,2021,1,NO3,56546948.447183,kg,100.03460704273954,1.0003460704273954,verde,pressione aggregata relativa al 2019; non pericolosita,intensita_fisica_2012_riscalata_per_rapporto_di_attivita_reale_2019
historical,2021,1,NH3_W,437779.8380176078,kg,100.9506387254504,1.009506387254504,verde,pressione aggregata relativa al 2019; non pericolosita,intensita_fisica_2012_riscalata_per_rapporto_di_attivita_reale_2019
historical,2021,1,TP,267587803.95876265,kg,103.91726788086342,1.0391726788086342,giallo,pressione aggregata relativa al 2019; non pericolosita,intensita_fisica_2012_riscalata_per_rapporto_di_attivita_reale_2019
historical,2021,1,BOD,61061089.1970125,kg,105.53749826033172,1.0553749826033172,arancione,pressione aggregata relativa al 2019; non pericolosita,intensita_fisica_2012_riscalata_per_rapporto_di_attivita_reale_2019
historical,2021,1,COD,74724732.23384395,kg,107.36278509791191,1.073627850979119,arancione,pressione aggregata relativa al 2019; non pericolosita,intensita_fisica_2012_riscalata_per_rapporto_di_attivita_reale_2019
historical,2021,1,TSS,633196607.7187811,kg,117.03322306485846,1.1703322306485846,rosso,pressione aggregata relativa al 2019; non pericolosita,intensita_fisica_2012_riscalata_per_rapporto_di_attivita_reale_2019
historical,2021,1,OIL,21928580.020522602,kg,109.59431614571787,1.0959431614571786,arancione,pressione aggregata relativa al 2019; non pericolosita,intensita_fisica_2012_riscalata_per_rapporto_di_attivita_reale_2019
historical,2021,1,TDS,4336296599.15402,kg,112.18223544928337,1.1218223544928336,rosso,pressione aggregata relativa al 2019; non pericolosita,intensita_fisica_2012_riscalata_per_rapporto_di_attivita_reale_2019
historical,2021,1,PATH,,kg,,,n.d.,pressione aggregata relativa al 2019; non pericolosita,intensita_fisica_2012_riscalata_per_rapporto_di_attivita_reale_2019
historical,2021,1,THERM,,kg,,,n.d.,pressione aggregata relativa al 2019; non pericolosita,intensita_fisica_2012_riscalata_per_rapporto_di_attivita_reale_2019
historical,2021,1,PEST,20467099.68245686,kg,104.16889324512519,1.041688932451252,giallo,pressione aggregata relativa al 2019; non pericolosita,intensita_fisica_2012_riscalata_per_rapporto_di_attivita_reale_2019
historical,2021,1,SILICA,,kg,,,n.d.,pressione aggregata relativa al 2019; non pericolosita,intensita_fisica_2012_riscalata_per_rapporto_di_attivita_reale_2019
historical,2021,1,ASBEST,320.47017367362173,kg,102.14372877597171,1.021437287759717,giallo,pressione aggregata relativa al 2019; non pericolosita,intensita_fisica_2012_riscalata_per_rapporto_di_attivita_reale_2019
historical,2021,1,PHARMA,,kg,,,n.d.,pressione aggregata relativa al 2019; non pericolosita,intensita_fisica_2012_riscalata_per_rapporto_di_attivita_reale_2019
historical,2022,1,CO2,4116489768510.1294,kg,106.81854266162051,1.0681854266162052,arancione,pressione aggregata relativa al 2019; non pericolosita,intensita_fisica_2012_riscalata_per_rapporto_di_attivita_reale_2019
historical,2022,1,CH4,20728611042.396336,kg,103.66381994391654,1.0366381994391654,giallo,pressione aggregata relativa al 2019; non pericolosita,intensita_fisica_2012_riscalata_per_rapporto_di_attivita_reale_2019
historical,2022,1,N2O,1255449916.545669,kg,100.81408012605766,1.0081408012605766,verde,pressione aggregata relativa al 2019; non pericolosita,intensita_fisica_2012_riscalata_per_rapporto_di_attivita_reale_2019
historical,2022,1,FGAS,,kg,,,n.d.,pressione aggregata relativa al 2019; non pericolosita,intensita_fisica_2012_riscalata_per_rapporto_di_attivita_reale_2019
historical,2022,1,PM25,0.0,kg,,,n.d.,pressione aggregata relativa al 2019; non pericolosita,intensita_fisica_2012_riscalata_per_rapporto_di_attivita_reale_2019
historical,2022,1,PM10,0.0,kg,,,n.d.,pressione aggregata relativa al 2019; non pericolosita,intensita_fisica_2012_riscalata_per_rapporto_di_attivita_reale_2019
historical,2022,1,NOX,5056248407.978193,kg,106.91138190186331,1.0691138190186331,arancione,pressione aggregata relativa al 2019; non pericolosita,intensita_fisica_2012_riscalata_per_rapporto_di_attivita_reale_2019
historical,2022,1,SO2,1561915892.8846662,kg,104.78964334107759,1.0478964334107759,giallo,pressione aggregata relativa al 2019; non pericolosita,intensita_fisica_2012_riscalata_per_rapporto_di_attivita_reale_2019
historical,2022,1,CO,8412215505.931703,kg,113.23912034661467,1.1323912034661467,rosso,pressione aggregata relativa al 2019; non pericolosita,intensita_fisica_2012_riscalata_per_rapporto_di_attivita_reale_2019
historical,2022,1,VOC,4011722806.0547585,kg,105.10675947475538,1.0510675947475538,arancione,pressione aggregata relativa al 2019; non pericolosita,intensita_fisica_2012_riscalata_per_rapporto_di_attivita_reale_2019
historical,2022,1,NH3_AIR,2981295990.922867,kg,100.17778336854697,1.0017778336854697,verde,pressione aggregata relativa al 2019; non pericolosita,intensita_fisica_2012_riscalata_per_rapporto_di_attivita_reale_2019
historical,2022,1,H2S,7792356.160975624,kg,98.50672598478448,0.9850672598478448,verde,pressione aggregata relativa al 2019; non pericolosita,intensita_fisica_2012_riscalata_per_rapporto_di_attivita_reale_2019
historical,2022,1,BENZ,40659230.01676946,kg,106.64976742194992,1.0664976742194991,arancione,pressione aggregata relativa al 2019; non pericolosita,intensita_fisica_2012_riscalata_per_rapporto_di_attivita_reale_2019
historical,2022,1,TXYL,149615871.37762475,kg,110.93969186347252,1.1093969186347252,rosso,pressione aggregata relativa al 2019; non pericolosita,intensita_fisica_2012_riscalata_per_rapporto_di_attivita_reale_2019
historical,2022,1,MEOH,67703338.530545,kg,100.43071002018505,1.0043071002018504,verde,pressione aggregata relativa al 2019; non pericolosita,intensita_fisica_2012_riscalata_per_rapporto_di_attivita_reale_2019
historical,2022,1,FORM,67213190.16677931,kg,107.4959301580414,1.074959301580414,arancione,pressione aggregata relativa al 2019; non pericolosita,intensita_fisica_2012_riscalata_per_rapporto_di_attivita_reale_2019
historical,2022,1,STYR,12848667.060341926,kg,94.65801458233159,0.9465801458233158,verde,pressione aggregata relativa al 2019; non pericolosita,intensita_fisica_2012_riscalata_per_rapporto_di_attivita_reale_2019
historical,2022,1,ETO,96059.28275674526,kg,99.85156671335496,0.9985156671335496,verde,pressione aggregata relativa al 2019; non pericolosita,intensita_fisica_2012_riscalata_per_rapporto_di_attivita_reale_2019
historical,2022,1,PHEN,3680617.466163911,kg,103.98454200790577,1.0398454200790577,giallo,pressione aggregata relativa al 2019; non pericolosita,intensita_fisica_2012_riscalata_per_rapporto_di_attivita_reale_2019
historical,2022,1,CYAN,4241158.205403929,kg,95.31557454143984,0.9531557454143984,verde,pressione aggregata relativa al 2019; non pericolosita,intensita_fisica_2012_riscalata_per_rapporto_di_attivita_reale_2019
historical,2022,1,CL2,1049165.2011027331,kg,104.74823432118419,1.0474823432118419,giallo,pressione aggregata relativa al 2019; non pericolosita,intensita_fisica_2012_riscalata_per_rapporto_di_attivita_reale_2019
historical,2022,1,HCL,15371833.502904745,kg,105.674984265096,1.05674984265096,arancione,pressione aggregata relativa al 2019; non pericolosita,intensita_fisica_2012_riscalata_per_rapporto_di_attivita_reale_2019
historical,2022,1,H2SO4,24353628.666497465,kg,103.59348230602157,1.0359348230602157,giallo,pressione aggregata relativa al 2019; non pericolosita,intensita_fisica_2012_riscalata_per_rapporto_di_attivita_reale_2019
historical,2022,1,HF,3428322.489002339,kg,105.87082117706981,1.058708211770698,arancione,pressione aggregata relativa al 2019; non pericolosita,intensita_fisica_2012_riscalata_per_rapporto_di_attivita_reale_2019
historical,2022,1,DIOX,1.861130004026939,kg,104.31090467295914,1.0431090467295914,giallo,pressione aggregata relativa al 2019; non pericolosita,intensita_fisica_2012_riscalata_per_rapporto_di_attivita_reale_2019
historical,2022,1,PFAS,1025.3141213559775,kg,172.2090452584218,1.722090452584218,rosso,pressione aggregata relativa al 2019; non pericolosita,intensita_fisica_2012_riscalata_per_rapporto_di_attivita_reale_2019
historical,2022,1,CHL_SOLV,,kg,,,n.d.,pressione aggregata relativa al 2019; non pericolosita,intensita_fisica_2012_riscalata_per_rapporto_di_attivita_reale_2019
historical,2022,1,PB,225974508.6443158,kg,108.82440367808988,1.0882440367808988,arancione,pressione aggregata relativa al 2019; non pericolosita,intensita_fisica_2012_riscalata_per_rapporto_di_attivita_reale_2019
historical,2022,1,HG,1042012.7692314406,kg,108.74295162667586,1.0874295162667587,arancione,pressione aggregata relativa al 2019; non pericolosita,intensita_fisica_2012_riscalata_per_rapporto_di_attivita_reale_2019
historical,2022,1,AS,49879601.82817502,kg,108.72539994995216,1.0872539994995216,arancione,pressione aggregata relativa al 2019; non pericolosita,intensita_fisica_2012_riscalata_per_rapporto_di_attivita_reale_2019
historical,2022,1,CD,58842.858437313094,kg,104.80611573335553,1.0480611573335552,giallo,pressione aggregata relativa al 2019; non pericolosita,intensita_fisica_2012_riscalata_per_rapporto_di_attivita_reale_2019
historical,2022,1,CR,792506.7521008159,kg,104.26397873549472,1.0426397873549471,giallo,pressione aggregata relativa al 2019; non pericolosita,intensita_fisica_2012_riscalata_per_rapporto_di_attivita_reale_2019
historical,2022,1,NI,1649042.7835958328,kg,106.33528806443582,1.0633528806443582,arancione,pressione aggregata relativa al 2019; non pericolosita,intensita_fisica_2012_riscalata_per_rapporto_di_attivita_reale_2019
historical,2022,1,MN,12506625.206021849,kg,105.13459495732288,1.0513459495732287,arancione,pressione aggregata relativa al 2019; non pericolosita,intensita_fisica_2012_riscalata_per_rapporto_di_attivita_reale_2019
historical,2022,1,CU,3375147.4063317445,kg,109.16072586889047,1.0916072586889047,arancione,pressione aggregata relativa al 2019; non pericolosita,intensita_fisica_2012_riscalata_per_rapporto_di_attivita_reale_2019
historical,2022,1,ZN,122919652.04605101,kg,108.66736290524639,1.086673629052464,arancione,pressione aggregata relativa al 2019; non pericolosita,intensita_fisica_2012_riscalata_per_rapporto_di_attivita_reale_2019
historical,2022,1,SE,285493.25080089574,kg,108.85776211307723,1.0885776211307723,arancione,pressione aggregata relativa al 2019; non pericolosita,intensita_fisica_2012_riscalata_per_rapporto_di_attivita_reale_2019
historical,2022,1,COB,164202.40961186923,kg,98.46337770090767,0.9846337770090767,verde,pressione aggregata relativa al 2019; non pericolosita,intensita_fisica_2012_riscalata_per_rapporto_di_attivita_reale_2019
historical,2022,1,SB,119525.69459638483,kg,106.74629098334793,1.0674629098334794,arancione,pressione aggregata relativa al 2019; non pericolosita,intensita_fisica_2012_riscalata_per_rapporto_di_attivita_reale_2019
historical,2022,1,BE,19585.632474642574,kg,105.59307465902978,1.0559307465902978,arancione,pressione aggregata relativa al 2019; non pericolosita,intensita_fisica_2012_riscalata_per_rapporto_di_attivita_reale_2019
historical,2022,1,TN,1518332480.4153209,kg,100.15649548524183,1.0015649548524184,verde,pressione aggregata relativa al 2019; non pericolosita,intensita_fisica_2012_riscalata_per_rapporto_di_attivita_reale_2019
historical,2022,1,NO3,55995917.131005436,kg,99.059802872121,0.9905980287212099,verde,pressione aggregata relativa al 2019; non pericolosita,intensita_fisica_2012_riscalata_per_rapporto_di_attivita_reale_2019
historical,2022,1,NH3_W,422053.32683949167,kg,97.32415525023403,0.9732415525023402,verde,pressione aggregata relativa al 2019; non pericolosita,intensita_fisica_2012_riscalata_per_rapporto_di_attivita_reale_2019
historical,2022,1,TP,261788581.61175397,kg,101.66514976030938,1.0166514976030938,verde,pressione aggregata relativa al 2019; non pericolosita,intensita_fisica_2012_riscalata_per_rapporto_di_attivita_reale_2019
historical,2022,1,BOD,60790698.33376217,kg,105.07015685461558,1.0507015685461558,arancione,pressione aggregata relativa al 2019; non pericolosita,intensita_fisica_2012_riscalata_per_rapporto_di_attivita_reale_2019
historical,2022,1,COD,71071447.03243105,kg,102.11382853085136,1.0211382853085136,giallo,pressione aggregata relativa al 2019; non pericolosita,intensita_fisica_2012_riscalata_per_rapporto_di_attivita_reale_2019
historical,2022,1,TSS,620188127.6837969,kg,114.62887609409071,1.1462887609409071,rosso,pressione aggregata relativa al 2019; non pericolosita,intensita_fisica_2012_riscalata_per_rapporto_di_attivita_reale_2019
historical,2022,1,OIL,21900929.762664538,kg,109.45612611707163,1.0945612611707163,arancione,pressione aggregata relativa al 2019; non pericolosita,intensita_fisica_2012_riscalata_per_rapporto_di_attivita_reale_2019
historical,2022,1,TDS,4251662515.045886,kg,109.9927079265799,1.099927079265799,arancione,pressione aggregata relativa al 2019; non pericolosita,intensita_fisica_2012_riscalata_per_rapporto_di_attivita_reale_2019
historical,2022,1,PATH,,kg,,,n.d.,pressione aggregata relativa al 2019; non pericolosita,intensita_fisica_2012_riscalata_per_rapporto_di_attivita_reale_2019
historical,2022,1,THERM,,kg,,,n.d.,pressione aggregata relativa al 2019; non pericolosita,intensita_fisica_2012_riscalata_per_rapporto_di_attivita_reale_2019
historical,2022,1,PEST,19677399.67460944,kg,100.14965372954097,1.0014965372954097,verde,pressione aggregata relativa al 2019; non pericolosita,intensita_fisica_2012_riscalata_per_rapporto_di_attivita_reale_2019
historical,2022,1,SILICA,,kg,,,n.d.,pressione aggregata relativa al 2019; non pericolosita,intensita_fisica_2012_riscalata_per_rapporto_di_attivita_reale_2019
historical,2022,1,ASBEST,327.82439550673735,kg,104.48774610422743,1.0448774610422742,giallo,pressione aggregata relativa al 2019; non pericolosita,intensita_fisica_2012_riscalata_per_rapporto_di_attivita_reale_2019
historical,2022,1,PHARMA,,kg,,,n.d.,pressione aggregata relativa al 2019; non pericolosita,intensita_fisica_2012_riscalata_per_rapporto_di_attivita_reale_2019
historical,2023,1,CO2,4054995165921.8633,kg,105.22282295880889,1.052228229588089,arancione,pressione aggregata relativa al 2019; non pericolosita,intensita_fisica_2012_riscalata_per_rapporto_di_attivita_reale_2019
historical,2023,1,CH4,21303517384.313976,kg,106.53892756165666,1.0653892756165666,arancione,pressione aggregata relativa al 2019; non pericolosita,intensita_fisica_2012_riscalata_per_rapporto_di_attivita_reale_2019
historical,2023,1,N2O,1303706726.2755427,kg,104.68915775250827,1.0468915775250827,giallo,pressione aggregata relativa al 2019; non pericolosita,intensita_fisica_2012_riscalata_per_rapporto_di_attivita_reale_2019
historical,2023,1,FGAS,,kg,,,n.d.,pressione aggregata relativa al 2019; non pericolosita,intensita_fisica_2012_riscalata_per_rapporto_di_attivita_reale_2019
historical,2023,1,PM25,0.0,kg,,,n.d.,pressione aggregata relativa al 2019; non pericolosita,intensita_fisica_2012_riscalata_per_rapporto_di_attivita_reale_2019
historical,2023,1,PM10,0.0,kg,,,n.d.,pressione aggregata relativa al 2019; non pericolosita,intensita_fisica_2012_riscalata_per_rapporto_di_attivita_reale_2019
historical,2023,1,NOX,4914965776.810066,kg,103.92404423208383,1.0392404423208383,giallo,pressione aggregata relativa al 2019; non pericolosita,intensita_fisica_2012_riscalata_per_rapporto_di_attivita_reale_2019
historical,2023,1,SO2,1532586196.960056,kg,102.82190078256768,1.0282190078256768,giallo,pressione aggregata relativa al 2019; non pericolosita,intensita_fisica_2012_riscalata_per_rapporto_di_attivita_reale_2019
historical,2023,1,CO,8169129989.6711,kg,109.96688011323698,1.0996688011323699,arancione,pressione aggregata relativa al 2019; non pericolosita,intensita_fisica_2012_riscalata_per_rapporto_di_attivita_reale_2019
historical,2023,1,VOC,4061972215.6351547,kg,106.4232892705189,1.064232892705189,arancione,pressione aggregata relativa al 2019; non pericolosita,intensita_fisica_2012_riscalata_per_rapporto_di_attivita_reale_2019
historical,2023,1,NH3_AIR,3114929246.043146,kg,104.66814035525096,1.0466814035525096,giallo,pressione aggregata relativa al 2019; non pericolosita,intensita_fisica_2012_riscalata_per_rapporto_di_attivita_reale_2019
historical,2023,1,H2S,7670075.677557027,kg,96.96092265847778,0.9696092265847778,verde,pressione aggregata relativa al 2019; non pericolosita,intensita_fisica_2012_riscalata_per_rapporto_di_attivita_reale_2019
historical,2023,1,BENZ,40979149.56356974,kg,107.48892116996514,1.0748892116996513,arancione,pressione aggregata relativa al 2019; non pericolosita,intensita_fisica_2012_riscalata_per_rapporto_di_attivita_reale_2019
historical,2023,1,TXYL,148349788.40594545,kg,110.0008953744478,1.100008953744478,rosso,pressione aggregata relativa al 2019; non pericolosita,intensita_fisica_2012_riscalata_per_rapporto_di_attivita_reale_2019
historical,2023,1,MEOH,66927345.27323041,kg,99.27960646318955,0.9927960646318955,verde,pressione aggregata relativa al 2019; non pericolosita,intensita_fisica_2012_riscalata_per_rapporto_di_attivita_reale_2019
historical,2023,1,FORM,66445174.406032175,kg,106.26762112565218,1.0626762112565218,arancione,pressione aggregata relativa al 2019; non pericolosita,intensita_fisica_2012_riscalata_per_rapporto_di_attivita_reale_2019
historical,2023,1,STYR,12612951.435378898,kg,92.92146300384901,0.9292146300384901,verde,pressione aggregata relativa al 2019; non pericolosita,intensita_fisica_2012_riscalata_per_rapporto_di_attivita_reale_2019
historical,2023,1,ETO,96456.04711138581,kg,100.26399476080559,1.0026399476080559,verde,pressione aggregata relativa al 2019; non pericolosita,intensita_fisica_2012_riscalata_per_rapporto_di_attivita_reale_2019
historical,2023,1,PHEN,3656346.4565612692,kg,103.29883917657334,1.0329883917657334,giallo,pressione aggregata relativa al 2019; non pericolosita,intensita_fisica_2012_riscalata_per_rapporto_di_attivita_reale_2019
historical,2023,1,CYAN,4150506.155170658,kg,93.27826495927567,0.9327826495927567,verde,pressione aggregata relativa al 2019; non pericolosita,intensita_fisica_2012_riscalata_per_rapporto_di_attivita_reale_2019
historical,2023,1,CL2,1034783.2808731777,kg,103.31234915399541,1.033123491539954,giallo,pressione aggregata relativa al 2019; non pericolosita,intensita_fisica_2012_riscalata_per_rapporto_di_attivita_reale_2019
historical,2023,1,HCL,14773251.178971525,kg,101.55997887871482,1.0155997887871482,verde,pressione aggregata relativa al 2019; non pericolosita,intensita_fisica_2012_riscalata_per_rapporto_di_attivita_reale_2019
historical,2023,1,H2SO4,24171677.88079956,kg,102.81951487156313,1.0281951487156313,giallo,pressione aggregata relativa al 2019; non pericolosita,intensita_fisica_2012_riscalata_per_rapporto_di_attivita_reale_2019
historical,2023,1,HF,3371758.2967835832,kg,104.1240492503833,1.041240492503833,giallo,pressione aggregata relativa al 2019; non pericolosita,intensita_fisica_2012_riscalata_per_rapporto_di_attivita_reale_2019
historical,2023,1,DIOX,1.8393316383164313,kg,103.08916989745435,1.0308916989745436,giallo,pressione aggregata relativa al 2019; non pericolosita,intensita_fisica_2012_riscalata_per_rapporto_di_attivita_reale_2019
historical,2023,1,PFAS,899.1709535074646,kg,151.02237275620695,1.5102237275620696,rosso,pressione aggregata relativa al 2019; non pericolosita,intensita_fisica_2012_riscalata_per_rapporto_di_attivita_reale_2019
historical,2023,1,CHL_SOLV,,kg,,,n.d.,pressione aggregata relativa al 2019; non pericolosita,intensita_fisica_2012_riscalata_per_rapporto_di_attivita_reale_2019
historical,2023,1,PB,213982400.38362324,kg,103.04926541961007,1.0304926541961006,giallo,pressione aggregata relativa al 2019; non pericolosita,intensita_fisica_2012_riscalata_per_rapporto_di_attivita_reale_2019
historical,2023,1,HG,987077.154064626,kg,103.00994996003337,1.0300994996003336,giallo,pressione aggregata relativa al 2019; non pericolosita,intensita_fisica_2012_riscalata_per_rapporto_di_attivita_reale_2019
historical,2023,1,AS,47239821.35567893,kg,102.97132058418445,1.0297132058418446,giallo,pressione aggregata relativa al 2019; non pericolosita,intensita_fisica_2012_riscalata_per_rapporto_di_attivita_reale_2019
historical,2023,1,CD,58487.936772532186,kg,104.17395811791725,1.0417395811791725,giallo,pressione aggregata relativa al 2019; non pericolosita,intensita_fisica_2012_riscalata_per_rapporto_di_attivita_reale_2019
historical,2023,1,CR,770820.0853117751,kg,101.41083185826953,1.0141083185826953,verde,pressione aggregata relativa al 2019; non pericolosita,intensita_fisica_2012_riscalata_per_rapporto_di_attivita_reale_2019
historical,2023,1,NI,1580380.429532429,kg,101.90773089542557,1.0190773089542557,verde,pressione aggregata relativa al 2019; non pericolosita,intensita_fisica_2012_riscalata_per_rapporto_di_attivita_reale_2019
historical,2023,1,MN,11986813.705684405,kg,100.76489724575941,1.007648972457594,verde,pressione aggregata relativa al 2019; non pericolosita,intensita_fisica_2012_riscalata_per_rapporto_di_attivita_reale_2019
historical,2023,1,CU,3221831.519022929,kg,104.20210583515012,1.0420210583515013,giallo,pressione aggregata relativa al 2019; non pericolosita,intensita_fisica_2012_riscalata_per_rapporto_di_attivita_reale_2019
historical,2023,1,ZN,116471181.40208818,kg,102.96657960503977,1.0296657960503977,giallo,pressione aggregata relativa al 2019; non pericolosita,intensita_fisica_2012_riscalata_per_rapporto_di_attivita_reale_2019
historical,2023,1,SE,272341.759218578,kg,103.84313588957146,1.0384313588957146,giallo,pressione aggregata relativa al 2019; non pericolosita,intensita_fisica_2012_riscalata_per_rapporto_di_attivita_reale_2019
historical,2023,1,COB,163605.96482461752,kg,98.10572175356975,0.9810572175356975,verde,pressione aggregata relativa al 2019; non pericolosita,intensita_fisica_2012_riscalata_per_rapporto_di_attivita_reale_2019
historical,2023,1,SB,114984.12377528822,kg,102.69029413658355,1.0269029413658355,giallo,pressione aggregata relativa al 2019; non pericolosita,intensita_fisica_2012_riscalata_per_rapporto_di_attivita_reale_2019
historical,2023,1,BE,19332.695126364593,kg,104.22939991759097,1.0422939991759097,giallo,pressione aggregata relativa al 2019; non pericolosita,intensita_fisica_2012_riscalata_per_rapporto_di_attivita_reale_2019
historical,2023,1,TN,1587973066.6039572,kg,104.75032269118019,1.0475032269118019,giallo,pressione aggregata relativa al 2019; non pericolosita,intensita_fisica_2012_riscalata_per_rapporto_di_attivita_reale_2019
historical,2023,1,NO3,55685515.862889744,kg,98.51068625779963,0.9851068625779964,verde,pressione aggregata relativa al 2019; non pericolosita,intensita_fisica_2012_riscalata_per_rapporto_di_attivita_reale_2019
historical,2023,1,NH3_W,416784.0162555823,kg,96.1090689833625,0.9610906898336251,verde,pressione aggregata relativa al 2019; non pericolosita,intensita_fisica_2012_riscalata_per_rapporto_di_attivita_reale_2019
historical,2023,1,TP,270101116.96261907,kg,104.89330870494543,1.0489330870494542,giallo,pressione aggregata relativa al 2019; non pericolosita,intensita_fisica_2012_riscalata_per_rapporto_di_attivita_reale_2019
historical,2023,1,BOD,59716010.99086626,kg,103.21267584546865,1.0321267584546865,giallo,pressione aggregata relativa al 2019; non pericolosita,intensita_fisica_2012_riscalata_per_rapporto_di_attivita_reale_2019
historical,2023,1,COD,68973030.73504896,kg,99.09887201984294,0.9909887201984294,verde,pressione aggregata relativa al 2019; non pericolosita,intensita_fisica_2012_riscalata_per_rapporto_di_attivita_reale_2019
historical,2023,1,TSS,591039071.4460428,kg,109.24127932048594,1.0924127932048595,arancione,pressione aggregata relativa al 2019; non pericolosita,intensita_fisica_2012_riscalata_per_rapporto_di_attivita_reale_2019
historical,2023,1,OIL,21217769.255554184,kg,106.04183716062983,1.0604183716062983,arancione,pressione aggregata relativa al 2019; non pericolosita,intensita_fisica_2012_riscalata_per_rapporto_di_attivita_reale_2019
historical,2023,1,TDS,4072234645.733414,kg,105.35081615992769,1.053508161599277,arancione,pressione aggregata relativa al 2019; non pericolosita,intensita_fisica_2012_riscalata_per_rapporto_di_attivita_reale_2019
historical,2023,1,PATH,,kg,,,n.d.,pressione aggregata relativa al 2019; non pericolosita,intensita_fisica_2012_riscalata_per_rapporto_di_attivita_reale_2019
historical,2023,1,THERM,,kg,,,n.d.,pressione aggregata relativa al 2019; non pericolosita,intensita_fisica_2012_riscalata_per_rapporto_di_attivita_reale_2019
historical,2023,1,PEST,20586353.07583076,kg,104.77584265154904,1.0477584265154904,giallo,pressione aggregata relativa al 2019; non pericolosita,intensita_fisica_2012_riscalata_per_rapporto_di_attivita_reale_2019
historical,2023,1,SILICA,,kg,,,n.d.,pressione aggregata relativa al 2019; non pericolosita,intensita_fisica_2012_riscalata_per_rapporto_di_attivita_reale_2019
historical,2023,1,ASBEST,328.43548729011053,kg,104.68251990380624,1.0468251990380624,giallo,pressione aggregata relativa al 2019; non pericolosita,intensita_fisica_2012_riscalata_per_rapporto_di_attivita_reale_2019
historical,2023,1,PHARMA,,kg,,,n.d.,pressione aggregata relativa al 2019; non pericolosita,intensita_fisica_2012_riscalata_per_rapporto_di_attivita_reale_2019
historical,2024,0,CO2,3888583433413.3174,kg,100.90461503215786,1.0090461503215786,verde,pressione aggregata relativa al 2019; non pericolosita,intensita_fisica_2012_riscalata_per_rapporto_di_attivita_reale_2019
historical,2024,0,CH4,20710692597.786667,kg,103.57420977119958,1.0357420977119958,giallo,pressione aggregata relativa al 2019; non pericolosita,intensita_fisica_2012_riscalata_per_rapporto_di_attivita_reale_2019
historical,2024,0,N2O,1289604101.477801,kg,103.55670067269172,1.0355670067269171,giallo,pressione aggregata relativa al 2019; non pericolosita,intensita_fisica_2012_riscalata_per_rapporto_di_attivita_reale_2019
historical,2024,0,FGAS,,kg,,,n.d.,pressione aggregata relativa al 2019; non pericolosita,intensita_fisica_2012_riscalata_per_rapporto_di_attivita_reale_2019
historical,2024,0,PM25,0.0,kg,,,n.d.,pressione aggregata relativa al 2019; non pericolosita,intensita_fisica_2012_riscalata_per_rapporto_di_attivita_reale_2019
historical,2024,0,PM10,0.0,kg,,,n.d.,pressione aggregata relativa al 2019; non pericolosita,intensita_fisica_2012_riscalata_per_rapporto_di_attivita_reale_2019
historical,2024,0,NOX,4635907549.199088,kg,98.02352306743953,0.9802352306743953,verde,pressione aggregata relativa al 2019; non pericolosita,intensita_fisica_2012_riscalata_per_rapporto_di_attivita_reale_2019
historical,2024,0,SO2,1466996722.1823022,kg,98.4214732690249,0.984214732690249,verde,pressione aggregata relativa al 2019; non pericolosita,intensita_fisica_2012_riscalata_per_rapporto_di_attivita_reale_2019
historical,2024,0,CO,7769909868.376317,kg,104.59286950589902,1.04592869505899,giallo,pressione aggregata relativa al 2019; non pericolosita,intensita_fisica_2012_riscalata_per_rapporto_di_attivita_reale_2019
historical,2024,0,VOC,3907912083.7741756,kg,102.38692833358631,1.0238692833358631,giallo,pressione aggregata relativa al 2019; non pericolosita,intensita_fisica_2012_riscalata_per_rapporto_di_attivita_reale_2019
historical,2024,0,NH3_AIR,3090813851.4882717,kg,103.8578126390763,1.038578126390763,giallo,pressione aggregata relativa al 2019; non pericolosita,intensita_fisica_2012_riscalata_per_rapporto_di_attivita_reale_2019
historical,2024,0,H2S,7332441.943723806,kg,92.69274073572483,0.9269274073572482,verde,pressione aggregata relativa al 2019; non pericolosita,intensita_fisica_2012_riscalata_per_rapporto_di_attivita_reale_2019
historical,2024,0,BENZ,39158582.05132615,kg,102.71354540223278,1.0271354540223279,giallo,pressione aggregata relativa al 2019; non pericolosita,intensita_fisica_2012_riscalata_per_rapporto_di_attivita_reale_2019
historical,2024,0,TXYL,142573429.44338685,kg,105.71774361054412,1.0571774361054411,arancione,pressione aggregata relativa al 2019; non pericolosita,intensita_fisica_2012_riscalata_per_rapporto_di_attivita_reale_2019
historical,2024,0,MEOH,63925602.094178446,kg,94.8268393572598,0.9482683935725981,verde,pressione aggregata relativa al 2019; non pericolosita,intensita_fisica_2012_riscalata_per_rapporto_di_attivita_reale_2019
historical,2024,0,FORM,62203520.79320701,kg,99.48382616833113,0.9948382616833114,verde,pressione aggregata relativa al 2019; non pericolosita,intensita_fisica_2012_riscalata_per_rapporto_di_attivita_reale_2019
historical,2024,0,STYR,11847998.454715146,kg,87.28594220948106,0.8728594220948106,verde,pressione aggregata relativa al 2019; non pericolosita,intensita_fisica_2012_riscalata_per_rapporto_di_attivita_reale_2019
historical,2024,0,ETO,92670.8928549248,kg,96.32940799404341,0.963294079940434,verde,pressione aggregata relativa al 2019; non pericolosita,intensita_fisica_2012_riscalata_per_rapporto_di_attivita_reale_2019
historical,2024,0,PHEN,3451083.1489010914,kg,97.49975485599676,0.9749975485599676,verde,pressione aggregata relativa al 2019; non pericolosita,intensita_fisica_2012_riscalata_per_rapporto_di_attivita_reale_2019
historical,2024,0,CYAN,3984851.8642197005,kg,89.55535882077626,0.8955535882077627,verde,pressione aggregata relativa al 2019; non pericolosita,intensita_fisica_2012_riscalata_per_rapporto_di_attivita_reale_2019
historical,2024,0,CL2,968044.1227711459,kg,96.64913828508512,0.9664913828508511,verde,pressione aggregata relativa al 2019; non pericolosita,intensita_fisica_2012_riscalata_per_rapporto_di_attivita_reale_2019
historical,2024,0,HCL,13691283.053266682,kg,94.12189645103378,0.9412189645103377,verde,pressione aggregata relativa al 2019; non pericolosita,intensita_fisica_2012_riscalata_per_rapporto_di_attivita_reale_2019
historical,2024,0,H2SO4,23523322.274961725,kg,100.06159259635947,1.0006159259635947,verde,pressione aggregata relativa al 2019; non pericolosita,intensita_fisica_2012_riscalata_per_rapporto_di_attivita_reale_2019
historical,2024,0,HF,3216503.6065088836,kg,99.32959318514968,0.9932959318514968,verde,pressione aggregata relativa al 2019; non pericolosita,intensita_fisica_2012_riscalata_per_rapporto_di_attivita_reale_2019
historical,2024,0,DIOX,1.7092632194958048,kg,95.79921465133792,0.9579921465133792,verde,pressione aggregata relativa al 2019; non pericolosita,intensita_fisica_2012_riscalata_per_rapporto_di_attivita_reale_2019
historical,2024,0,PFAS,503.31299869907656,kg,84.53511871805057,0.8453511871805057,verde,pressione aggregata relativa al 2019; non pericolosita,intensita_fisica_2012_riscalata_per_rapporto_di_attivita_reale_2019
historical,2024,0,CHL_SOLV,,kg,,,n.d.,pressione aggregata relativa al 2019; non pericolosita,intensita_fisica_2012_riscalata_per_rapporto_di_attivita_reale_2019
historical,2024,0,PB,187691175.68864822,kg,90.3879839920631,0.9038798399206309,verde,pressione aggregata relativa al 2019; non pericolosita,intensita_fisica_2012_riscalata_per_rapporto_di_attivita_reale_2019
historical,2024,0,HG,866997.2535008576,kg,90.47858450663973,0.9047858450663974,verde,pressione aggregata relativa al 2019; non pericolosita,intensita_fisica_2012_riscalata_per_rapporto_di_attivita_reale_2019
historical,2024,0,AS,41445769.60030465,kg,90.34169702375836,0.9034169702375836,verde,pressione aggregata relativa al 2019; non pericolosita,intensita_fisica_2012_riscalata_per_rapporto_di_attivita_reale_2019
historical,2024,0,CD,55762.12003095623,kg,99.31895493703212,0.9931895493703212,verde,pressione aggregata relativa al 2019; non pericolosita,intensita_fisica_2012_riscalata_per_rapporto_di_attivita_reale_2019
historical,2024,0,CR,727478.3843530411,kg,95.70869976268489,0.9570869976268489,verde,pressione aggregata relativa al 2019; non pericolosita,intensita_fisica_2012_riscalata_per_rapporto_di_attivita_reale_2019
historical,2024,0,NI,1435378.6850373175,kg,92.55757793146681,0.9255757793146681,verde,pressione aggregata relativa al 2019; non pericolosita,intensita_fisica_2012_riscalata_per_rapporto_di_attivita_reale_2019
historical,2024,0,MN,10847613.140008695,kg,91.18842173182135,0.9118842173182136,verde,pressione aggregata relativa al 2019; non pericolosita,intensita_fisica_2012_riscalata_per_rapporto_di_attivita_reale_2019
historical,2024,0,CU,2877842.94984471,kg,93.07665340849407,0.9307665340849407,verde,pressione aggregata relativa al 2019; non pericolosita,intensita_fisica_2012_riscalata_per_rapporto_di_attivita_reale_2019
historical,2024,0,ZN,102355001.93485875,kg,90.48714306688296,0.9048714306688297,verde,pressione aggregata relativa al 2019; non pericolosita,intensita_fisica_2012_riscalata_per_rapporto_di_attivita_reale_2019
historical,2024,0,SE,247945.61894051373,kg,94.54095719562088,0.9454095719562088,verde,pressione aggregata relativa al 2019; non pericolosita,intensita_fisica_2012_riscalata_per_rapporto_di_attivita_reale_2019
historical,2024,0,COB,154709.9621043089,kg,92.77126607811095,0.9277126607811095,verde,pressione aggregata relativa al 2019; non pericolosita,intensita_fisica_2012_riscalata_per_rapporto_di_attivita_reale_2019
historical,2024,0,SB,103696.53948236993,kg,92.60955156905726,0.9260955156905726,verde,pressione aggregata relativa al 2019; non pericolosita,intensita_fisica_2012_riscalata_per_rapporto_di_attivita_reale_2019
historical,2024,0,BE,18779.372680393895,kg,101.24624282917188,1.0124624282917187,verde,pressione aggregata relativa al 2019; non pericolosita,intensita_fisica_2012_riscalata_per_rapporto_di_attivita_reale_2019
historical,2024,0,TN,1576324664.4524148,kg,103.98193819532713,1.0398193819532713,giallo,pressione aggregata relativa al 2019; non pericolosita,intensita_fisica_2012_riscalata_per_rapporto_di_attivita_reale_2019
historical,2024,0,NO3,54170688.36723584,kg,95.83087457164268,0.9583087457164269,verde,pressione aggregata relativa al 2019; non pericolosita,intensita_fisica_2012_riscalata_per_rapporto_di_attivita_reale_2019
historical,2024,0,NH3_W,399577.46673439245,kg,92.14129337201665,0.9214129337201665,verde,pressione aggregata relativa al 2019; non pericolosita,intensita_fisica_2012_riscalata_per_rapporto_di_attivita_reale_2019
historical,2024,0,TP,267075387.28176424,kg,103.71827173715849,1.0371827173715849,giallo,pressione aggregata relativa al 2019; non pericolosita,intensita_fisica_2012_riscalata_per_rapporto_di_attivita_reale_2019
historical,2024,0,BOD,56893459.36395216,kg,98.33420018555988,0.9833420018555988,verde,pressione aggregata relativa al 2019; non pericolosita,intensita_fisica_2012_riscalata_per_rapporto_di_attivita_reale_2019
historical,2024,0,COD,63173061.08317131,kg,90.7656083641062,0.907656083641062,verde,pressione aggregata relativa al 2019; non pericolosita,intensita_fisica_2012_riscalata_per_rapporto_di_attivita_reale_2019
historical,2024,0,TSS,523558466.8780125,kg,96.76889309685465,0.9676889309685466,verde,pressione aggregata relativa al 2019; non pericolosita,intensita_fisica_2012_riscalata_per_rapporto_di_attivita_reale_2019
historical,2024,0,OIL,20049748.79710145,kg,100.2043226809629,1.002043226809629,verde,pressione aggregata relativa al 2019; non pericolosita,intensita_fisica_2012_riscalata_per_rapporto_di_attivita_reale_2019
historical,2024,0,TDS,3655103711.034207,kg,94.5594231683285,0.9455942316832849,verde,pressione aggregata relativa al 2019; non pericolosita,intensita_fisica_2012_riscalata_per_rapporto_di_attivita_reale_2019
historical,2024,0,PATH,,kg,,,n.d.,pressione aggregata relativa al 2019; non pericolosita,intensita_fisica_2012_riscalata_per_rapporto_di_attivita_reale_2019
historical,2024,0,THERM,,kg,,,n.d.,pressione aggregata relativa al 2019; non pericolosita,intensita_fisica_2012_riscalata_per_rapporto_di_attivita_reale_2019
historical,2024,0,PEST,20450493.29352341,kg,104.0843737390479,1.040843737390479,giallo,pressione aggregata relativa al 2019; non pericolosita,intensita_fisica_2012_riscalata_per_rapporto_di_attivita_reale_2019
historical,2024,0,SILICA,,kg,,,n.d.,pressione aggregata relativa al 2019; non pericolosita,intensita_fisica_2012_riscalata_per_rapporto_di_attivita_reale_2019
historical,2024,0,ASBEST,319.6913934071597,kg,101.89550748473044,1.0189550748473044,verde,pressione aggregata relativa al 2019; non pericolosita,intensita_fisica_2012_riscalata_per_rapporto_di_attivita_reale_2019
historical,2024,0,PHARMA,,kg,,,n.d.,pressione aggregata relativa al 2019; non pericolosita,intensita_fisica_2012_riscalata_per_rapporto_di_attivita_reale_2019
historical,2025,0,CO2,3761176367820.5557,kg,97.59853683526295,0.9759853683526295,verde,pressione aggregata relativa al 2019; non pericolosita,intensita_fisica_2012_riscalata_per_rapporto_di_attivita_reale_2019
historical,2025,0,CH4,20250333193.678913,kg,101.27195158905184,1.0127195158905185,verde,pressione aggregata relativa al 2019; non pericolosita,intensita_fisica_2012_riscalata_per_rapporto_di_attivita_reale_2019
historical,2025,0,N2O,1279053084.0868428,kg,102.70944177478982,1.0270944177478982,giallo,pressione aggregata relativa al 2019; non pericolosita,intensita_fisica_2012_riscalata_per_rapporto_di_attivita_reale_2019
historical,2025,0,FGAS,,kg,,,n.d.,pressione aggregata relativa al 2019; non pericolosita,intensita_fisica_2012_riscalata_per_rapporto_di_attivita_reale_2019
historical,2025,0,PM25,0.0,kg,,,n.d.,pressione aggregata relativa al 2019; non pericolosita,intensita_fisica_2012_riscalata_per_rapporto_di_attivita_reale_2019
historical,2025,0,PM10,0.0,kg,,,n.d.,pressione aggregata relativa al 2019; non pericolosita,intensita_fisica_2012_riscalata_per_rapporto_di_attivita_reale_2019
historical,2025,0,NOX,4418740169.19852,kg,93.43164726813487,0.9343164726813487,verde,pressione aggregata relativa al 2019; non pericolosita,intensita_fisica_2012_riscalata_per_rapporto_di_attivita_reale_2019
historical,2025,0,SO2,1416371472.0269282,kg,95.02500235019917,0.9502500235019917,verde,pressione aggregata relativa al 2019; non pericolosita,intensita_fisica_2012_riscalata_per_rapporto_di_attivita_reale_2019
historical,2025,0,CO,7455752134.632162,kg,100.36390682725755,1.0036390682725755,verde,pressione aggregata relativa al 2019; non pericolosita,intensita_fisica_2012_riscalata_per_rapporto_di_attivita_reale_2019
historical,2025,0,VOC,3790697802.5769157,kg,99.31592521188195,0.9931592521188195,verde,pressione aggregata relativa al 2019; non pericolosita,intensita_fisica_2012_riscalata_per_rapporto_di_attivita_reale_2019
historical,2025,0,NH3_AIR,3072665015.207528,kg,103.24797376535857,1.0324797376535857,giallo,pressione aggregata relativa al 2019; non pericolosita,intensita_fisica_2012_riscalata_per_rapporto_di_attivita_reale_2019
historical,2025,0,H2S,7080454.2704930995,kg,89.50724970250018,0.8950724970250018,verde,pressione aggregata relativa al 2019; non pericolosita,intensita_fisica_2012_riscalata_per_rapporto_di_attivita_reale_2019
historical,2025,0,BENZ,37757049.29110921,kg,99.03730404572576,0.9903730404572576,verde,pressione aggregata relativa al 2019; non pericolosita,intensita_fisica_2012_riscalata_per_rapporto_di_attivita_reale_2019
historical,2025,0,TXYL,138110593.2966776,kg,102.40856482894638,1.0240856482894638,giallo,pressione aggregata relativa al 2019; non pericolosita,intensita_fisica_2012_riscalata_per_rapporto_di_attivita_reale_2019
historical,2025,0,MEOH,61646343.19106675,kg,91.44580091916178,0.9144580091916178,verde,pressione aggregata relativa al 2019; non pericolosita,intensita_fisica_2012_riscalata_per_rapporto_di_attivita_reale_2019
historical,2025,0,FORM,58897271.123750046,kg,94.19604883368743,0.9419604883368743,verde,pressione aggregata relativa al 2019; non pericolosita,intensita_fisica_2012_riscalata_per_rapporto_di_attivita_reale_2019
historical,2025,0,STYR,11264325.75509357,kg,82.98593983159878,0.8298593983159879,verde,pressione aggregata relativa al 2019; non pericolosita,intensita_fisica_2012_riscalata_per_rapporto_di_attivita_reale_2019
historical,2025,0,ETO,89981.21060146028,kg,93.53354090798939,0.9353354090798939,verde,pressione aggregata relativa al 2019; non pericolosita,intensita_fisica_2012_riscalata_per_rapporto_di_attivita_reale_2019
historical,2025,0,PHEN,3293613.1549090818,kg,93.05092382267752,0.9305092382267752,verde,pressione aggregata relativa al 2019; non pericolosita,intensita_fisica_2012_riscalata_per_rapporto_di_attivita_reale_2019
historical,2025,0,CYAN,3858423.3376832716,kg,86.71401052353687,0.8671401052353687,verde,pressione aggregata relativa al 2019; non pericolosita,intensita_fisica_2012_riscalata_per_rapporto_di_attivita_reale_2019
historical,2025,0,CL2,917486.5048356678,kg,91.60148591855584,0.9160148591855584,verde,pressione aggregata relativa al 2019; non pericolosita,intensita_fisica_2012_riscalata_per_rapporto_di_attivita_reale_2019
historical,2025,0,HCL,12858040.72311571,kg,88.39370077996584,0.8839370077996584,verde,pressione aggregata relativa al 2019; non pericolosita,intensita_fisica_2012_riscalata_per_rapporto_di_attivita_reale_2019
historical,2025,0,H2SO4,23022062.33326317,kg,97.9293738780663,0.9792937387806631,verde,pressione aggregata relativa al 2019; non pericolosita,intensita_fisica_2012_riscalata_per_rapporto_di_attivita_reale_2019
historical,2025,0,HF,3097951.4573890916,kg,95.66855679785483,0.9566855679785483,verde,pressione aggregata relativa al 2019; non pericolosita,intensita_fisica_2012_riscalata_per_rapporto_di_attivita_reale_2019
historical,2025,0,DIOX,1.6122091263763505,kg,90.35961600234566,0.9035961600234566,verde,pressione aggregata relativa al 2019; non pericolosita,intensita_fisica_2012_riscalata_per_rapporto_di_attivita_reale_2019
historical,2025,0,PFAS,187.41623413496706,kg,31.477934492532057,0.31477934492532056,verde,pressione aggregata relativa al 2019; non pericolosita,intensita_fisica_2012_riscalata_per_rapporto_di_attivita_reale_2019
historical,2025,0,CHL_SOLV,,kg,,,n.d.,pressione aggregata relativa al 2019; non pericolosita,intensita_fisica_2012_riscalata_per_rapporto_di_attivita_reale_2019
historical,2025,0,PB,167335342.76062962,kg,80.58505802022617,0.8058505802022617,verde,pressione aggregata relativa al 2019; non pericolosita,intensita_fisica_2012_riscalata_per_rapporto_di_attivita_reale_2019
historical,2025,0,HG,774072.860173691,kg,80.78112867222865,0.8078112867222865,verde,pressione aggregata relativa al 2019; non pericolosita,intensita_fisica_2012_riscalata_per_rapporto_di_attivita_reale_2019
historical,2025,0,AS,36960159.76493419,kg,80.56415860133636,0.8056415860133636,verde,pressione aggregata relativa al 2019; non pericolosita,intensita_fisica_2012_riscalata_per_rapporto_di_attivita_reale_2019
historical,2025,0,CD,53720.93731166407,kg,95.68336621832698,0.9568336621832698,verde,pressione aggregata relativa al 2019; non pericolosita,intensita_fisica_2012_riscalata_per_rapporto_di_attivita_reale_2019
historical,2025,0,CR,694879.2446199609,kg,91.41988329151253,0.9141988329151253,verde,pressione aggregata relativa al 2019; non pericolosita,intensita_fisica_2012_riscalata_per_rapporto_di_attivita_reale_2019
historical,2025,0,NI,1323729.4440787334,kg,85.3580957120798,0.8535809571207981,verde,pressione aggregata relativa al 2019; non pericolosita,intensita_fisica_2012_riscalata_per_rapporto_di_attivita_reale_2019
historical,2025,0,MN,9972317.66521742,kg,83.83041477996599,0.8383041477996599,verde,pressione aggregata relativa al 2019; non pericolosita,intensita_fisica_2012_riscalata_per_rapporto_di_attivita_reale_2019
historical,2025,0,CU,2612944.898379921,kg,84.50918654026069,0.8450918654026068,verde,pressione aggregata relativa al 2019; non pericolosita,intensita_fisica_2012_riscalata_per_rapporto_di_attivita_reale_2019
historical,2025,0,ZN,91427120.9241509,kg,80.82632812143348,0.8082632812143348,verde,pressione aggregata relativa al 2019; non pericolosita,intensita_fisica_2012_riscalata_per_rapporto_di_attivita_reale_2019
historical,2025,0,SE,229010.84387333278,kg,87.32118147712133,0.8732118147712132,verde,pressione aggregata relativa al 2019; non pericolosita,intensita_fisica_2012_riscalata_per_rapporto_di_attivita_reale_2019
historical,2025,0,COB,148106.64292052167,kg,88.81160974657624,0.8881160974657624,verde,pressione aggregata relativa al 2019; non pericolosita,intensita_fisica_2012_riscalata_per_rapporto_di_attivita_reale_2019
historical,2025,0,SB,94990.67688287242,kg,84.83449913832145,0.8483449913832145,verde,pressione aggregata relativa al 2019; non pericolosita,intensita_fisica_2012_riscalata_per_rapporto_di_attivita_reale_2019
historical,2025,0,BE,18350.286060184026,kg,98.93288503581635,0.9893288503581635,verde,pressione aggregata relativa al 2019; non pericolosita,intensita_fisica_2012_riscalata_per_rapporto_di_attivita_reale_2019
historical,2025,0,TN,1567503637.996601,kg,103.40006096633232,1.0340006096633232,giallo,pressione aggregata relativa al 2019; non pericolosita,intensita_fisica_2012_riscalata_per_rapporto_di_attivita_reale_2019
historical,2025,0,NO3,53043737.03480486,kg,93.8372367752314,0.938372367752314,verde,pressione aggregata relativa al 2019; non pericolosita,intensita_fisica_2012_riscalata_per_rapporto_di_attivita_reale_2019
historical,2025,0,NH3_W,386749.7857379716,kg,89.18327091986589,0.8918327091986589,verde,pressione aggregata relativa al 2019; non pericolosita,intensita_fisica_2012_riscalata_per_rapporto_di_attivita_reale_2019
historical,2025,0,TP,264712088.97902143,kg,102.80048886673154,1.0280048886673154,giallo,pressione aggregata relativa al 2019; non pericolosita,intensita_fisica_2012_riscalata_per_rapporto_di_attivita_reale_2019
historical,2025,0,BOD,54677579.11680725,kg,94.50429048687077,0.9450429048687077,verde,pressione aggregata relativa al 2019; non pericolosita,intensita_fisica_2012_riscalata_per_rapporto_di_attivita_reale_2019
historical,2025,0,COD,58682384.8275941,kg,84.31350749523929,0.8431350749523929,verde,pressione aggregata relativa al 2019; non pericolosita,intensita_fisica_2012_riscalata_per_rapporto_di_attivita_reale_2019
historical,2025,0,TSS,470500198.67260367,kg,86.96217577932201,0.86962175779322,verde,pressione aggregata relativa al 2019; non pericolosita,intensita_fisica_2012_riscalata_per_rapporto_di_attivita_reale_2019
historical,2025,0,OIL,19144196.84386866,kg,95.67856921420463,0.9567856921420462,verde,pressione aggregata relativa al 2019; non pericolosita,intensita_fisica_2012_riscalata_per_rapporto_di_attivita_reale_2019
historical,2025,0,TDS,3329735012.136091,kg,86.14196666991084,0.8614196666991084,verde,pressione aggregata relativa al 2019; non pericolosita,intensita_fisica_2012_riscalata_per_rapporto_di_attivita_reale_2019
historical,2025,0,PATH,,kg,,,n.d.,pressione aggregata relativa al 2019; non pericolosita,intensita_fisica_2012_riscalata_per_rapporto_di_attivita_reale_2019
historical,2025,0,THERM,,kg,,,n.d.,pressione aggregata relativa al 2019; non pericolosita,intensita_fisica_2012_riscalata_per_rapporto_di_attivita_reale_2019
historical,2025,0,PEST,20348125.18517703,kg,103.56336330203033,1.0356336330203033,giallo,pressione aggregata relativa al 2019; non pericolosita,intensita_fisica_2012_riscalata_per_rapporto_di_attivita_reale_2019
historical,2025,0,SILICA,,kg,,,n.d.,pressione aggregata relativa al 2019; non pericolosita,intensita_fisica_2012_riscalata_per_rapporto_di_attivita_reale_2019
historical,2025,0,ASBEST,313.41651777807704,kg,99.89551108252944,0.9989551108252944,verde,pressione aggregata relativa al 2019; non pericolosita,intensita_fisica_2012_riscalata_per_rapporto_di_attivita_reale_2019
historical,2025,0,PHARMA,,kg,,,n.d.,pressione aggregata relativa al 2019; non pericolosita,intensita_fisica_2012_riscalata_per_rapporto_di_attivita_reale_2019
historical,2026,0,CO2,3657135759412.4263,kg,94.8987934148373,0.948987934148373,verde,pressione aggregata relativa al 2019; non pericolosita,intensita_fisica_2012_riscalata_per_rapporto_di_attivita_reale_2019
historical,2026,0,CH4,19999271410.481495,kg,100.0163911737908,1.000163911737908,verde,pressione aggregata relativa al 2019; non pericolosita,intensita_fisica_2012_riscalata_per_rapporto_di_attivita_reale_2019
historical,2026,0,N2O,1267940451.3666992,kg,101.81708451649114,1.0181708451649114,verde,pressione aggregata relativa al 2019; non pericolosita,intensita_fisica_2012_riscalata_per_rapporto_di_attivita_reale_2019
historical,2026,0,FGAS,,kg,,,n.d.,pressione aggregata relativa al 2019; non pericolosita,intensita_fisica_2012_riscalata_per_rapporto_di_attivita_reale_2019
historical,2026,0,PM25,0.0,kg,,,n.d.,pressione aggregata relativa al 2019; non pericolosita,intensita_fisica_2012_riscalata_per_rapporto_di_attivita_reale_2019
historical,2026,0,PM10,0.0,kg,,,n.d.,pressione aggregata relativa al 2019; non pericolosita,intensita_fisica_2012_riscalata_per_rapporto_di_attivita_reale_2019
historical,2026,0,NOX,4288082827.5688915,kg,90.66897506096912,0.9066897506096911,verde,pressione aggregata relativa al 2019; non pericolosita,intensita_fisica_2012_riscalata_per_rapporto_di_attivita_reale_2019
historical,2026,0,SO2,1377058808.7242873,kg,92.38749799734744,0.9238749799734743,verde,pressione aggregata relativa al 2019; non pericolosita,intensita_fisica_2012_riscalata_per_rapporto_di_attivita_reale_2019
historical,2026,0,CO,6913586202.0495205,kg,93.06566378483082,0.9306566378483082,verde,pressione aggregata relativa al 2019; non pericolosita,intensita_fisica_2012_riscalata_per_rapporto_di_attivita_reale_2019
historical,2026,0,VOC,3641161395.2886415,kg,95.39808543246197,0.9539808543246197,verde,pressione aggregata relativa al 2019; non pericolosita,intensita_fisica_2012_riscalata_per_rapporto_di_attivita_reale_2019
historical,2026,0,NH3_AIR,3055067968.4019423,kg,102.65667617257226,1.0265667617257226,giallo,pressione aggregata relativa al 2019; non pericolosita,intensita_fisica_2012_riscalata_per_rapporto_di_attivita_reale_2019
historical,2026,0,H2S,6815642.262116033,kg,86.15964040336182,0.8615964040336181,verde,pressione aggregata relativa al 2019; non pericolosita,intensita_fisica_2012_riscalata_per_rapporto_di_attivita_reale_2019
historical,2026,0,BENZ,35754517.76112742,kg,93.78463394253897,0.9378463394253898,verde,pressione aggregata relativa al 2019; non pericolosita,intensita_fisica_2012_riscalata_per_rapporto_di_attivita_reale_2019
historical,2026,0,TXYL,131073476.57412922,kg,97.19056520351653,0.9719056520351653,verde,pressione aggregata relativa al 2019; non pericolosita,intensita_fisica_2012_riscalata_per_rapporto_di_attivita_reale_2019
historical,2026,0,MEOH,59560189.70773905,kg,88.35121385611527,0.8835121385611526,verde,pressione aggregata relativa al 2019; non pericolosita,intensita_fisica_2012_riscalata_per_rapporto_di_attivita_reale_2019
historical,2026,0,FORM,56616401.01008721,kg,90.54818962882783,0.9054818962882782,verde,pressione aggregata relativa al 2019; non pericolosita,intensita_fisica_2012_riscalata_per_rapporto_di_attivita_reale_2019
historical,2026,0,STYR,10783960.136499522,kg,79.4470158703676,0.7944701587036759,verde,pressione aggregata relativa al 2019; non pericolosita,intensita_fisica_2012_riscalata_per_rapporto_di_attivita_reale_2019
historical,2026,0,ETO,86774.58061620504,kg,90.2003177284183,0.902003177284183,verde,pressione aggregata relativa al 2019; non pericolosita,intensita_fisica_2012_riscalata_per_rapporto_di_attivita_reale_2019
historical,2026,0,PHEN,3208325.400222051,kg,90.64138026333102,0.9064138026333102,verde,pressione aggregata relativa al 2019; non pericolosita,intensita_fisica_2012_riscalata_per_rapporto_di_attivita_reale_2019
historical,2026,0,CYAN,3771066.2170438794,kg,84.75075102205912,0.8475075102205912,verde,pressione aggregata relativa al 2019; non pericolosita,intensita_fisica_2012_riscalata_per_rapporto_di_attivita_reale_2019
historical,2026,0,CL2,886494.883270551,kg,88.5072948090106,0.8850729480901061,verde,pressione aggregata relativa al 2019; non pericolosita,intensita_fisica_2012_riscalata_per_rapporto_di_attivita_reale_2019
historical,2026,0,HCL,12417499.93185088,kg,85.36516542819751,0.8536516542819752,verde,pressione aggregata relativa al 2019; non pericolosita,intensita_fisica_2012_riscalata_per_rapporto_di_attivita_reale_2019
historical,2026,0,H2SO4,22489449.65947505,kg,95.66378946132042,0.9566378946132043,verde,pressione aggregata relativa al 2019; non pericolosita,intensita_fisica_2012_riscalata_per_rapporto_di_attivita_reale_2019
historical,2026,0,HF,3009355.6072863936,kg,92.93260782183455,0.9293260782183456,verde,pressione aggregata relativa al 2019; non pericolosita,intensita_fisica_2012_riscalata_per_rapporto_di_attivita_reale_2019
historical,2026,0,DIOX,1.5592552504101846,kg,87.39170581014048,0.8739170581014047,verde,pressione aggregata relativa al 2019; non pericolosita,intensita_fisica_2012_riscalata_per_rapporto_di_attivita_reale_2019
historical,2026,0,PFAS,177.86916055750208,kg,29.874433290760994,0.29874433290760993,verde,pressione aggregata relativa al 2019; non pericolosita,intensita_fisica_2012_riscalata_per_rapporto_di_attivita_reale_2019
historical,2026,0,CHL_SOLV,,kg,,,n.d.,pressione aggregata relativa al 2019; non pericolosita,intensita_fisica_2012_riscalata_per_rapporto_di_attivita_reale_2019
historical,2026,0,PB,159835660.0287563,kg,76.97337409194911,0.7697337409194911,verde,pressione aggregata relativa al 2019; non pericolosita,intensita_fisica_2012_riscalata_per_rapporto_di_attivita_reale_2019
historical,2026,0,HG,739177.6329498158,kg,77.13951302407635,0.7713951302407636,verde,pressione aggregata relativa al 2019; non pericolosita,intensita_fisica_2012_riscalata_per_rapporto_di_attivita_reale_2019
historical,2026,0,AS,35301988.681899145,kg,76.9497489512859,0.769497489512859,verde,pressione aggregata relativa al 2019; non pericolosita,intensita_fisica_2012_riscalata_per_rapporto_di_attivita_reale_2019
historical,2026,0,CD,51900.36877227619,kg,92.44071754171887,0.9244071754171886,verde,pressione aggregata relativa al 2019; non pericolosita,intensita_fisica_2012_riscalata_per_rapporto_di_attivita_reale_2019
historical,2026,0,CR,660985.6844452712,kg,86.96076994269085,0.8696076994269084,verde,pressione aggregata relativa al 2019; non pericolosita,intensita_fisica_2012_riscalata_per_rapporto_di_attivita_reale_2019
historical,2026,0,NI,1268632.1356673406,kg,81.805253893916,0.8180525389391601,verde,pressione aggregata relativa al 2019; non pericolosita,intensita_fisica_2012_riscalata_per_rapporto_di_attivita_reale_2019
historical,2026,0,MN,9507819.033221235,kg,79.92569430352316,0.7992569430352316,verde,pressione aggregata relativa al 2019; non pericolosita,intensita_fisica_2012_riscalata_per_rapporto_di_attivita_reale_2019
historical,2026,0,CU,2461566.1773004048,kg,79.61321931727531,0.7961321931727531,verde,pressione aggregata relativa al 2019; non pericolosita,intensita_fisica_2012_riscalata_per_rapporto_di_attivita_reale_2019
historical,2026,0,ZN,87385225.13454667,kg,77.25308210842363,0.7725308210842362,verde,pressione aggregata relativa al 2019; non pericolosita,intensita_fisica_2012_riscalata_per_rapporto_di_attivita_reale_2019
historical,2026,0,SE,218684.63246806266,kg,83.383826525539,0.8338382652553901,verde,pressione aggregata relativa al 2019; non pericolosita,intensita_fisica_2012_riscalata_per_rapporto_di_attivita_reale_2019
historical,2026,0,COB,141440.24818024432,kg,84.81413038700522,0.8481413038700523,verde,pressione aggregata relativa al 2019; non pericolosita,intensita_fisica_2012_riscalata_per_rapporto_di_attivita_reale_2019
historical,2026,0,SB,90972.97989079572,kg,81.24636477401287,0.8124636477401287,verde,pressione aggregata relativa al 2019; non pericolosita,intensita_fisica_2012_riscalata_per_rapporto_di_attivita_reale_2019
historical,2026,0,BE,17883.018282947534,kg,96.41367911528393,0.9641367911528392,verde,pressione aggregata relativa al 2019; non pericolosita,intensita_fisica_2012_riscalata_per_rapporto_di_attivita_reale_2019
historical,2026,0,TN,1558975585.9653225,kg,102.83750973609385,1.0283750973609385,giallo,pressione aggregata relativa al 2019; non pericolosita,intensita_fisica_2012_riscalata_per_rapporto_di_attivita_reale_2019
historical,2026,0,NO3,52116096.61643229,kg,92.19619075458648,0.9219619075458648,verde,pressione aggregata relativa al 2019; non pericolosita,intensita_fisica_2012_riscalata_per_rapporto_di_attivita_reale_2019
historical,2026,0,NH3_W,373118.20476711926,kg,86.03987168961196,0.8603987168961196,verde,pressione aggregata relativa al 2019; non pericolosita,intensita_fisica_2012_riscalata_per_rapporto_di_attivita_reale_2019
historical,2026,0,TP,261550135.0726032,kg,101.57254945297993,1.0157254945297993,verde,pressione aggregata relativa al 2019; non pericolosita,intensita_fisica_2012_riscalata_per_rapporto_di_attivita_reale_2019
historical,2026,0,BOD,53046823.51027247,kg,91.68570553774885,0.9168570553774885,verde,pressione aggregata relativa al 2019; non pericolosita,intensita_fisica_2012_riscalata_per_rapporto_di_attivita_reale_2019
historical,2026,0,COD,56408283.308913164,kg,81.0461304790605,0.810461304790605,verde,pressione aggregata relativa al 2019; non pericolosita,intensita_fisica_2012_riscalata_per_rapporto_di_attivita_reale_2019
historical,2026,0,TSS,454795920.7987817,kg,84.05956664801126,0.8405956664801125,verde,pressione aggregata relativa al 2019; non pericolosita,intensita_fisica_2012_riscalata_per_rapporto_di_attivita_reale_2019
historical,2026,0,OIL,18623720.984633073,kg,93.07734306048671,0.9307734306048672,verde,pressione aggregata relativa al 2019; non pericolosita,intensita_fisica_2012_riscalata_per_rapporto_di_attivita_reale_2019
historical,2026,0,TDS,3218101795.662517,kg,83.25395763085145,0.8325395763085145,verde,pressione aggregata relativa al 2019; non pericolosita,intensita_fisica_2012_riscalata_per_rapporto_di_attivita_reale_2019
historical,2026,0,PATH,,kg,,,n.d.,pressione aggregata relativa al 2019; non pericolosita,intensita_fisica_2012_riscalata_per_rapporto_di_attivita_reale_2019
historical,2026,0,THERM,,kg,,,n.d.,pressione aggregata relativa al 2019; non pericolosita,intensita_fisica_2012_riscalata_per_rapporto_di_attivita_reale_2019
historical,2026,0,PEST,20243887.593603924,kg,103.03283798495207,1.0303283798495206,giallo,pressione aggregata relativa al 2019; non pericolosita,intensita_fisica_2012_riscalata_per_rapporto_di_attivita_reale_2019
historical,2026,0,SILICA,,kg,,,n.d.,pressione aggregata relativa al 2019; non pericolosita,intensita_fisica_2012_riscalata_per_rapporto_di_attivita_reale_2019
historical,2026,0,ASBEST,296.4157225875779,kg,94.47683329105818,0.9447683329105818,verde,pressione aggregata relativa al 2019; non pericolosita,intensita_fisica_2012_riscalata_per_rapporto_di_attivita_reale_2019
historical,2026,0,PHARMA,,kg,,,n.d.,pressione aggregata relativa al 2019; non pericolosita,intensita_fisica_2012_riscalata_per_rapporto_di_attivita_reale_2019
